Using pre-set license
Built from '6000.0/release' branch; Version is '6000.0.29f1 (9fafe5c9db65) revision 10465253'; Using compiler version '193933523'; Build Type 'Release'
OS: 'Windows 10  (10.0.19045) 64bit Professional' Language: 'en' Physical Memory: 16302 MB
BatchMode: 1, IsHumanControllingUs: 0, StartBugReporterOnCrash: 0, Is64bit: 1, IsPro: 1

COMMAND LINE ARGUMENTS:
C:\Program Files\Unity\Hub\Editor\6000.0.29f1\Editor\Unity.exe
-adb2
-batchMode
-noUpm
-name
AssetImportWorker3
-projectPath
F:/Game Design/LoGa/Game 2/AH_LoGaGame2
-logFile
Logs/AssetImportWorker3.log
-srvPort
63134
-job-worker-count
5
-background-job-worker-count
8
-asset-garbage-collectors
1
Successfully changed project path to: F:/Game Design/LoGa/Game 2/AH_LoGaGame2
F:/Game Design/LoGa/Game 2/AH_LoGaGame2
[UnityMemory] Configuration Parameters - Can be set up in boot.config
    "memorysetup-bucket-allocator-granularity=16"
    "memorysetup-bucket-allocator-bucket-count=8"
    "memorysetup-bucket-allocator-block-size=33554432"
    "memorysetup-bucket-allocator-block-count=8"
    "memorysetup-main-allocator-block-size=16777216"
    "memorysetup-thread-allocator-block-size=16777216"
    "memorysetup-gfx-main-allocator-block-size=16777216"
    "memorysetup-gfx-thread-allocator-block-size=16777216"
    "memorysetup-cache-allocator-block-size=4194304"
    "memorysetup-typetree-allocator-block-size=2097152"
    "memorysetup-profiler-bucket-allocator-granularity=16"
    "memorysetup-profiler-bucket-allocator-bucket-count=8"
    "memorysetup-profiler-bucket-allocator-block-size=33554432"
    "memorysetup-profiler-bucket-allocator-block-count=8"
    "memorysetup-profiler-allocator-block-size=16777216"
    "memorysetup-profiler-editor-allocator-block-size=1048576"
    "memorysetup-temp-allocator-size-main=16777216"
    "memorysetup-job-temp-allocator-block-size=2097152"
    "memorysetup-job-temp-allocator-block-size-background=1048576"
    "memorysetup-job-temp-allocator-reduction-small-platforms=262144"
    "memorysetup-allocator-temp-initial-block-size-main=262144"
    "memorysetup-allocator-temp-initial-block-size-worker=262144"
    "memorysetup-temp-allocator-size-background-worker=32768"
    "memorysetup-temp-allocator-size-job-worker=262144"
    "memorysetup-temp-allocator-size-preload-manager=33554432"
    "memorysetup-temp-allocator-size-nav-mesh-worker=65536"
    "memorysetup-temp-allocator-size-audio-worker=65536"
    "memorysetup-temp-allocator-size-cloud-worker=32768"
    "memorysetup-temp-allocator-size-gi-baking-worker=262144"
    "memorysetup-temp-allocator-size-gi-baking-worker=262144"
    "memorysetup-temp-allocator-size-gi-baking-worker=262144"
    "memorysetup-temp-allocator-size-gi-baking-worker=262144"
    "memorysetup-temp-allocator-size-gi-baking-worker=262144"
    "memorysetup-temp-allocator-size-gfx=262144"
Player connection [9200]  Target information:

Player connection [9200]  * "[IP] 192.168.1.153 [Port] 0 [Flags] 2 [Guid] 2112051769 [EditorId] 2112051769 [Version] 1048832 [Id] WindowsEditor(7,AaronsDesktop) [Debug] 1 [PackageName] WindowsEditor [ProjectName] Editor" 

Player connection [9200] Host joined multi-casting on [225.0.0.222:54997]...
Player connection [9200] Host joined alternative multi-casting on [225.0.0.222:34997]...
JobSystem: Creating JobQueue using job-worker-count value 5
[Physics::Module] Initialized fallback backend.
[Physics::Module] Id: 0xdecafbad
Library Redirect Path: Library/
[Physics::Module] Selected backend.
[Physics::Module] Name: PhysX
[Physics::Module] Id: 0xf2b8ea05
[Physics::Module] SDK Version: 4.1.2
[Physics::Module] Integration Version: 1.0.0
[Physics::Module] Threading Mode: Multi-Threaded
Refreshing native plugins compatible for Editor in 423.78 ms, found 6 plugins.
Preloading 0 native plugins for Editor in 0.00 ms.
Initialize engine version: 6000.0.29f1 (9fafe5c9db65)
[Subsystems] Discovering subsystems at path C:/Program Files/Unity/Hub/Editor/6000.0.29f1/Editor/Data/Resources/UnitySubsystems
[Subsystems] Discovering subsystems at path F:/Game Design/LoGa/Game 2/AH_LoGaGame2/Assets
GfxDevice: creating device client; kGfxThreadingModeNonThreaded
Direct3D:
    Version:  Direct3D 11.0 [level 11.1]
    Renderer: NVIDIA GeForce GTX 1660 (ID=0x2184)
    Vendor:   NVIDIA
    VRAM:     5966 MB
    Driver:   32.0.15.7216
Initialize mono
Mono path[0] = 'C:/Program Files/Unity/Hub/Editor/6000.0.29f1/Editor/Data/Managed'
Mono path[1] = 'C:/Program Files/Unity/Hub/Editor/6000.0.29f1/Editor/Data/MonoBleedingEdge/lib/mono/unityjit-win32'
Mono config path = 'C:/Program Files/Unity/Hub/Editor/6000.0.29f1/Editor/Data/MonoBleedingEdge/etc'
Using monoOptions --debugger-agent=transport=dt_socket,embedding=1,server=y,suspend=n,address=127.0.0.1:56836
Begin MonoManager ReloadAssembly
Registering precompiled unity dll's ...
Register platform support module: C:/Program Files/Unity/Hub/Editor/6000.0.29f1/Editor/Data/PlaybackEngines/WindowsStandaloneSupport/UnityEditor.WindowsStandalone.Extensions.dll
Register platform support module: C:/Program Files/Unity/Hub/Editor/6000.0.29f1/Editor/Data/PlaybackEngines/AndroidPlayer/UnityEditor.Android.Extensions.dll
Registered in 0.007041 seconds.
- Loaded All Assemblies, in  1.610 seconds
Native extension for Android target not found
Android Extension - Scanning For ADB Devices 737 ms
Native extension for WindowsStandalone target not found
Mono: successfully reloaded assembly
- Finished resetting the current domain, in  1.724 seconds
Domain Reload Profiling: 3328ms
	BeginReloadAssembly (467ms)
		ExecutionOrderSort (0ms)
		DisableScriptedObjects (0ms)
		BackupInstance (0ms)
		ReleaseScriptingObjects (0ms)
		CreateAndSetChildDomain (1ms)
	RebuildCommonClasses (402ms)
	RebuildNativeTypeToScriptingClass (35ms)
	initialDomainReloadingComplete (90ms)
	LoadAllAssembliesAndSetupDomain (611ms)
		LoadAssemblies (466ms)
		RebuildTransferFunctionScriptingTraits (0ms)
		AnalyzeDomain (601ms)
			TypeCache.Refresh (599ms)
				TypeCache.ScanAssembly (572ms)
			BuildScriptInfoCaches (0ms)
			ResolveRequiredComponents (1ms)
	FinalizeReload (1724ms)
		ReleaseScriptCaches (0ms)
		RebuildScriptCaches (0ms)
		SetupLoadedEditorAssemblies (1629ms)
			LogAssemblyErrors (0ms)
			InitializePlatformSupportModulesInManaged (940ms)
			SetLoadedEditorAssemblies (10ms)
			BeforeProcessingInitializeOnLoad (64ms)
			ProcessInitializeOnLoadAttributes (495ms)
			ProcessInitializeOnLoadMethodAttributes (116ms)
			AfterProcessingInitializeOnLoad (5ms)
			EditorAssembliesLoaded (0ms)
		ExecutionOrderSort2 (0ms)
		AwakeInstancesAfterBackupRestoration (0ms)
========================================================================
Worker process is ready to serve import requests
Import Worker Mode flag is 0x00
Begin MonoManager ReloadAssembly
- Loaded All Assemblies, in  2.527 seconds
Script 'VideoPlayer' has the same name as built-in Unity component.
AddComponent and GetComponent will not work with this script.
Refreshing native plugins compatible for Editor in 22.26 ms, found 6 plugins.
Native extension for Android target not found
Native extension for WindowsStandalone target not found
Package Manager log level set to [2]
[Package Manager] Failed to launch server process. Reason: Unity was launched with the -noUpm command-line argument
[Package Manager] Unable to send message (not connected to server process).
[Package Manager] Cannot connect to Unity Package Manager local server
[Package Manager] Failed to launch server process. Reason: Unity was launched with the -noUpm command-line argument
[Package Manager] Unable to send message (not connected to server process).
[Package Manager] Cannot connect to Unity Package Manager local server
System.Reflection.TargetInvocationException: Exception has been thrown by the target of an invocation. ---> System.TypeInitializationException: The type initializer for 'UnityEditor.XR.Interaction.Toolkit.Samples.ARStarterAssets.Editor.ARStarterAssetsSampleProjectValidation' threw an exception. ---> System.NullReferenceException: Object reference not set to an instance of an object
  at Unity.XR.CoreUtils.Editor.PackageVersionUtility.UpdatePackageVersions () [0x00034] in .\Library\PackageCache\com.unity.xr.core-utils\Editor\ProjectValidation\PackageVersionUtility.cs:46 
  at Unity.XR.CoreUtils.Editor.PackageVersionUtility.GetPackageVersion (System.String packageName) [0x00011] in .\Library\PackageCache\com.unity.xr.core-utils\Editor\ProjectValidation\PackageVersionUtility.cs:67 
  at UnityEditor.XR.Interaction.Toolkit.Samples.ARStarterAssets.Editor.ARStarterAssetsSampleProjectValidation..cctor () [0x00032] in F:\Game Design\LoGa\Game 2\AH_LoGaGame2\Assets\LUTE\ThirdPartyAssets\XR\Samples\XR Interaction Toolkit\3.0.7\AR Starter Assets\Editor\Scripts\ARStarterAssetsSampleProjectValidation.cs:32 
   --- End of inner exception stack trace ---
  at (wrapper managed-to-native) System.Object.__icall_wrapper_mono_gc_wbarrier_generic_nostore_internal(intptr)
  at (wrapper write-barrier) System.Object.wbarrier_conc(intptr)
  at (wrapper managed-to-native) System.Reflection.RuntimeMethodInfo.InternalInvoke(System.Reflection.RuntimeMethodInfo,object,object[],System.Exception&)
  at System.Reflection.RuntimeMethodInfo.Invoke (System.Object obj, System.Reflection.BindingFlags invokeAttr, System.Reflection.Binder binder, System.Object[] parameters, System.Globalization.CultureInfo culture) [0x0006a] in <ed969b0e627d471da4848289f9c322df>:0 
   --- End of inner exception stack trace ---
  at System.Reflection.RuntimeMethodInfo.Invoke (System.Object obj, System.Reflection.BindingFlags invokeAttr, System.Reflection.Binder binder, System.Object[] parameters, System.Globalization.CultureInfo culture) [0x00083] in <ed969b0e627d471da4848289f9c322df>:0 
  at System.Reflection.MethodBase.Invoke (System.Object obj, System.Object[] parameters) [0x00000] in <ed969b0e627d471da4848289f9c322df>:0 
  at UnityEditor.EditorAssemblies.ProcessInitializeOnLoadMethodAttributes () [0x00056] in <20f98a04ac634cc8bf5f95425bb19bb9>:0 
UnityEngine.Debug:ExtractStackTraceNoAlloc (byte*,int,string)
UnityEngine.StackTraceUtility:ExtractStackTrace ()
UnityEngine.DebugLogHandler:Internal_Log (UnityEngine.LogType,UnityEngine.LogOption,string,UnityEngine.Object)
UnityEngine.DebugLogHandler:LogFormat (UnityEngine.LogType,UnityEngine.Object,string,object[])
UnityEngine.Logger:Log (UnityEngine.LogType,object)
UnityEngine.Debug:LogError (object)
UnityEditor.EditorAssemblies:ProcessInitializeOnLoadMethodAttributes ()

Mono: successfully reloaded assembly
[Package Manager] Failed to launch server process. Reason: Unity was launched with the -noUpm command-line argument
[Package Manager] Unable to send message (not connected to server process).
[Package Manager] Cannot connect to Unity Package Manager local server
[Package Manager] Failed to launch server process. Reason: Unity was launched with the -noUpm command-line argument
[Package Manager] Unable to send message (not connected to server process).
[Package Manager] Cannot connect to Unity Package Manager local server
- Finished resetting the current domain, in  2.980 seconds
Domain Reload Profiling: 5503ms
	BeginReloadAssembly (341ms)
		ExecutionOrderSort (0ms)
		DisableScriptedObjects (11ms)
		BackupInstance (0ms)
		ReleaseScriptingObjects (0ms)
		CreateAndSetChildDomain (57ms)
	RebuildCommonClasses (70ms)
	RebuildNativeTypeToScriptingClass (26ms)
	initialDomainReloadingComplete (82ms)
	LoadAllAssembliesAndSetupDomain (2001ms)
		LoadAssemblies (1231ms)
		RebuildTransferFunctionScriptingTraits (0ms)
		AnalyzeDomain (965ms)
			TypeCache.Refresh (612ms)
				TypeCache.ScanAssembly (541ms)
			BuildScriptInfoCaches (297ms)
			ResolveRequiredComponents (50ms)
	FinalizeReload (2983ms)
		ReleaseScriptCaches (0ms)
		RebuildScriptCaches (0ms)
		SetupLoadedEditorAssemblies (2659ms)
			LogAssemblyErrors (0ms)
			InitializePlatformSupportModulesInManaged (37ms)
			SetLoadedEditorAssemblies (13ms)
			BeforeProcessingInitializeOnLoad (217ms)
			ProcessInitializeOnLoadAttributes (2120ms)
			ProcessInitializeOnLoadMethodAttributes (251ms)
			AfterProcessingInitializeOnLoad (20ms)
			EditorAssembliesLoaded (1ms)
		ExecutionOrderSort2 (0ms)
		AwakeInstancesAfterBackupRestoration (11ms)
Launched and connected shader compiler UnityShaderCompiler.exe after 0.06 seconds
Refreshing native plugins compatible for Editor in 18.21 ms, found 6 plugins.
Preloading 0 native plugins for Editor in 0.00 ms.
Unloading 142 Unused Serialized files (Serialized files now loaded: 0)
Unloading 8540 unused Assets / (6.1 MB). Loaded Objects now: 9027.
Memory consumption went from 212.4 MB to 206.3 MB.
Total: 166.602200 ms (FindLiveObjects: 1.572300 ms CreateObjectMapping: 2.563900 ms MarkObjects: 94.045300 ms  DeleteObjects: 68.416100 ms)

========================================================================
Received Import Request.
  Time since last request: 685983.948505 seconds.
  path: Assets/LUTE_Starter Scenes/Mapbox/Examples/7_Globe/Globe.unity
  artifactKey: Guid(614e3e19125ae46c7af990b7e3debd36) Importer(2089858483,0ecaa5967403d082aa24f35e1b516d23)
Start importing Assets/LUTE_Starter Scenes/Mapbox/Examples/7_Globe/Globe.unity using Guid(614e3e19125ae46c7af990b7e3debd36) Importer(2089858483,0ecaa5967403d082aa24f35e1b516d23) (ScriptedImporter) -> (artifact id: '509b11bbc9b074e499127e90d0c6d794') in 0.2729974 seconds
Number of updated asset objects reloaded before import = 0Number of asset objects unloaded after import = 1

========================================================================
Received Import Request.
  Time since last request: 0.000046 seconds.
  path: Assets/LUTE_Starter Scenes/Mapbox/Examples/Resources/3DPoiMarker.prefab
  artifactKey: Guid(44828d4325e8b544ca6ffec352cfe165) Importer(2089858483,0ecaa5967403d082aa24f35e1b516d23)
Start importing Assets/LUTE_Starter Scenes/Mapbox/Examples/Resources/3DPoiMarker.prefab using Guid(44828d4325e8b544ca6ffec352cfe165) Importer(2089858483,0ecaa5967403d082aa24f35e1b516d23) (ScriptedImporter) -> (artifact id: '56653f6e1fdf7a52c067c1eff6c177a6') in 0.2721835 seconds
Number of updated asset objects reloaded before import = 0Number of asset objects unloaded after import = 10

========================================================================
Received Import Request.
  Time since last request: 0.000028 seconds.
  path: Assets/LUTE/ThirdPartyAssets/TextMesh Pro/Shaders/TMP_SDF-HDRP LIT.shadergraph
  artifactKey: Guid(ca2ed216f98028c4dae6c5224a952b3c) Importer(2089858483,0ecaa5967403d082aa24f35e1b516d23)
Start importing Assets/LUTE/ThirdPartyAssets/TextMesh Pro/Shaders/TMP_SDF-HDRP LIT.shadergraph using Guid(ca2ed216f98028c4dae6c5224a952b3c) Importer(2089858483,0ecaa5967403d082aa24f35e1b516d23) (ScriptedImporter) -> (artifact id: 'db47c602416d38e8b0fa2f5de848be3f') in 0.08832 seconds
Number of updated asset objects reloaded before import = 0Number of asset objects unloaded after import = 3

========================================================================
Received Import Request.
  Time since last request: 0.000077 seconds.
  path: Assets/LUTE/ThirdPartyAssets/TextMesh Pro/Shaders/TMPro_Surface.cginc
  artifactKey: Guid(d930090c0cd643c7b55f19a38538c162) Importer(2089858483,0ecaa5967403d082aa24f35e1b516d23)
Start importing Assets/LUTE/ThirdPartyAssets/TextMesh Pro/Shaders/TMPro_Surface.cginc using Guid(d930090c0cd643c7b55f19a38538c162) Importer(2089858483,0ecaa5967403d082aa24f35e1b516d23) (ScriptedImporter) -> (artifact id: 'db01261ca5b2593abb9553cd668c78de') in 0.028194 seconds
Number of updated asset objects reloaded before import = 0Number of asset objects unloaded after import = 1

========================================================================
Received Import Request.
  Time since last request: 0.000123 seconds.
  path: Assets/LUTE/ThirdPartyAssets/LeanTween/Testing/TestingDescr.unity
  artifactKey: Guid(5183fb754722d4edba59e1f7ab972186) Importer(2089858483,0ecaa5967403d082aa24f35e1b516d23)
Start importing Assets/LUTE/ThirdPartyAssets/LeanTween/Testing/TestingDescr.unity using Guid(5183fb754722d4edba59e1f7ab972186) Importer(2089858483,0ecaa5967403d082aa24f35e1b516d23) (ScriptedImporter) -> (artifact id: '3fd44dabdf025427b35e5327e9b24d99') in 0.0241751 seconds
Number of updated asset objects reloaded before import = 0Number of asset objects unloaded after import = 1

========================================================================
Received Import Request.
  Time since last request: 0.000055 seconds.
  path: Assets/LUTE/ThirdPartyAssets/LeanTween/Testing/TestingSceneSwitching.cs
  artifactKey: Guid(243c96e80797b49eabe0b886084eccbe) Importer(2089858483,0ecaa5967403d082aa24f35e1b516d23)
Start importing Assets/LUTE/ThirdPartyAssets/LeanTween/Testing/TestingSceneSwitching.cs using Guid(243c96e80797b49eabe0b886084eccbe) Importer(2089858483,0ecaa5967403d082aa24f35e1b516d23) (ScriptedImporter) -> (artifact id: '342d9f7d3fe738ba073846ace6dac29d') in 0.0200827 seconds
Number of updated asset objects reloaded before import = 0Number of asset objects unloaded after import = 0

========================================================================
Received Import Request.
  Time since last request: 0.000067 seconds.
  path: Assets/LUTE_Starter Scenes/Mapbox/Examples/Prefabs/ExampleDirectionsQuery.prefab
  artifactKey: Guid(6c8a0b62ddd604e678d6081484a0c73b) Importer(2089858483,0ecaa5967403d082aa24f35e1b516d23)
Start importing Assets/LUTE_Starter Scenes/Mapbox/Examples/Prefabs/ExampleDirectionsQuery.prefab using Guid(6c8a0b62ddd604e678d6081484a0c73b) Importer(2089858483,0ecaa5967403d082aa24f35e1b516d23) (ScriptedImporter) -> (artifact id: 'f21f540f3d0356351b498f368a4e0f02') in 0.1200733 seconds
Number of updated asset objects reloaded before import = 0Number of asset objects unloaded after import = 16

========================================================================
Received Import Request.
  Time since last request: 0.000023 seconds.
  path: Assets/LUTE/ThirdPartyAssets/LeanTween/Testing/TestingOptionalCancel.unity
  artifactKey: Guid(7f5ea09e01a334a3b9942b6ef860bedf) Importer(2089858483,0ecaa5967403d082aa24f35e1b516d23)
Start importing Assets/LUTE/ThirdPartyAssets/LeanTween/Testing/TestingOptionalCancel.unity using Guid(7f5ea09e01a334a3b9942b6ef860bedf) Importer(2089858483,0ecaa5967403d082aa24f35e1b516d23) (ScriptedImporter) -> (artifact id: 'e05fa037450cb7cd5dbc6598fa9c27ff') in 0.0240227 seconds
Number of updated asset objects reloaded before import = 0Number of asset objects unloaded after import = 1

========================================================================
Received Import Request.
  Time since last request: 0.000037 seconds.
  path: Assets/LUTE_Starter Scenes/Mapbox/Examples/Prefabs/LocSprite.prefab
  artifactKey: Guid(9b5cceeaef4cbf5428e63d32049ddb46) Importer(2089858483,0ecaa5967403d082aa24f35e1b516d23)
Start importing Assets/LUTE_Starter Scenes/Mapbox/Examples/Prefabs/LocSprite.prefab using Guid(9b5cceeaef4cbf5428e63d32049ddb46) Importer(2089858483,0ecaa5967403d082aa24f35e1b516d23) (ScriptedImporter) -> (artifact id: '7f708d272a7ea4ec12617aae5e21ede2') in 0.0973967 seconds
Number of updated asset objects reloaded before import = 0Number of asset objects unloaded after import = 7

========================================================================
Received Import Request.
  Time since last request: 0.000022 seconds.
  path: Assets/LUTE/ThirdPartyAssets/LeanTween/Testing/Testing248.unity
  artifactKey: Guid(1b3a161a91c7141faa6806d504d85df6) Importer(2089858483,0ecaa5967403d082aa24f35e1b516d23)
Start importing Assets/LUTE/ThirdPartyAssets/LeanTween/Testing/Testing248.unity using Guid(1b3a161a91c7141faa6806d504d85df6) Importer(2089858483,0ecaa5967403d082aa24f35e1b516d23) (ScriptedImporter) -> (artifact id: '0fe566ce026ad3d93df02379579491cd') in 0.0204678 seconds
Number of updated asset objects reloaded before import = 0Number of asset objects unloaded after import = 1

========================================================================
Received Import Request.
  Time since last request: 0.000024 seconds.
  path: Assets/LUTE/ThirdPartyAssets/LeanTween/Testing/PerformanceTestsSettings.lighting
  artifactKey: Guid(e1d9c1a2f028eb048bc6a82e7320b7cd) Importer(2089858483,0ecaa5967403d082aa24f35e1b516d23)
Start importing Assets/LUTE/ThirdPartyAssets/LeanTween/Testing/PerformanceTestsSettings.lighting using Guid(e1d9c1a2f028eb048bc6a82e7320b7cd) Importer(2089858483,0ecaa5967403d082aa24f35e1b516d23) (ScriptedImporter) -> (artifact id: 'a670c833c438344bc389f6cbdfbde96e') in 0.0502349 seconds
Number of updated asset objects reloaded before import = 0Number of asset objects unloaded after import = 1

========================================================================
Received Import Request.
  Time since last request: 0.000023 seconds.
  path: Assets/LUTE/ThirdPartyAssets/LeanTween/Testing/Testing246Settings.lighting
  artifactKey: Guid(4683b56711aab294b936634ed61b5831) Importer(2089858483,0ecaa5967403d082aa24f35e1b516d23)
Start importing Assets/LUTE/ThirdPartyAssets/LeanTween/Testing/Testing246Settings.lighting using Guid(4683b56711aab294b936634ed61b5831) Importer(2089858483,0ecaa5967403d082aa24f35e1b516d23) (ScriptedImporter) -> (artifact id: '74a909865d381b0e10d1685d0630087c') in 0.0396843 seconds
Number of updated asset objects reloaded before import = 0Number of asset objects unloaded after import = 1

========================================================================
Received Import Request.
  Time since last request: 0.000028 seconds.
  path: Assets/LUTE_Starter Scenes/Mapbox/Examples/Resources/DriveBuildingMaterial.mat
  artifactKey: Guid(a84d22a5fa79bce4396212d84ad11831) Importer(2089858483,0ecaa5967403d082aa24f35e1b516d23)
Start importing Assets/LUTE_Starter Scenes/Mapbox/Examples/Resources/DriveBuildingMaterial.mat using Guid(a84d22a5fa79bce4396212d84ad11831) Importer(2089858483,0ecaa5967403d082aa24f35e1b516d23) (ScriptedImporter) -> (artifact id: '0c036f6684ee7459e5b4437bdc9a2a42') in 0.0354629 seconds
Number of updated asset objects reloaded before import = 0Number of asset objects unloaded after import = 1

========================================================================
Received Import Request.
  Time since last request: 0.000035 seconds.
  path: Assets/LUTE/ThirdPartyAssets/LeanTween/Testing/TestingSequencerSettings.lighting
  artifactKey: Guid(8f632bc30be95b14fbb789a32533923c) Importer(2089858483,0ecaa5967403d082aa24f35e1b516d23)
Start importing Assets/LUTE/ThirdPartyAssets/LeanTween/Testing/TestingSequencerSettings.lighting using Guid(8f632bc30be95b14fbb789a32533923c) Importer(2089858483,0ecaa5967403d082aa24f35e1b516d23) (ScriptedImporter) -> (artifact id: '37f1fab076bf71e25c95900a405dca38') in 0.0366054 seconds
Number of updated asset objects reloaded before import = 0Number of asset objects unloaded after import = 1

========================================================================
Received Import Request.
  Time since last request: 0.000018 seconds.
  path: Assets/LUTE/ThirdPartyAssets/TextMesh Pro/Resources/LineBreaking Following Characters.txt
  artifactKey: Guid(fade42e8bc714b018fac513c043d323b) Importer(2089858483,0ecaa5967403d082aa24f35e1b516d23)
Start importing Assets/LUTE/ThirdPartyAssets/TextMesh Pro/Resources/LineBreaking Following Characters.txt using Guid(fade42e8bc714b018fac513c043d323b) Importer(2089858483,0ecaa5967403d082aa24f35e1b516d23) (ScriptedImporter) -> (artifact id: '4f7b0c331614fc9fc651b5f8be818ef9') in 0.0167737 seconds
Number of updated asset objects reloaded before import = 0Number of asset objects unloaded after import = 1

========================================================================
Received Import Request.
  Time since last request: 0.000022 seconds.
  path: Assets/LUTE_Starter Scenes/Mapbox/Examples/Prefabs/ForwardGeocoderCanvas.prefab
  artifactKey: Guid(be407b770a1444c32b66d2c4ecd7331c) Importer(2089858483,0ecaa5967403d082aa24f35e1b516d23)
Start importing Assets/LUTE_Starter Scenes/Mapbox/Examples/Prefabs/ForwardGeocoderCanvas.prefab using Guid(be407b770a1444c32b66d2c4ecd7331c) Importer(2089858483,0ecaa5967403d082aa24f35e1b516d23) (ScriptedImporter) -> (artifact id: '0dfbd1b64df46024618751049b18bbde') in 0.0855332 seconds
Number of updated asset objects reloaded before import = 0Number of asset objects unloaded after import = 36

========================================================================
Received Import Request.
  Time since last request: 0.000023 seconds.
  path: Assets/LUTE/ThirdPartyAssets/LeanTween/Testing/Testing240Settings.lighting
  artifactKey: Guid(0cbdc5ca96220994bb37524636c38ed9) Importer(2089858483,0ecaa5967403d082aa24f35e1b516d23)
Start importing Assets/LUTE/ThirdPartyAssets/LeanTween/Testing/Testing240Settings.lighting using Guid(0cbdc5ca96220994bb37524636c38ed9) Importer(2089858483,0ecaa5967403d082aa24f35e1b516d23) (ScriptedImporter) -> (artifact id: '89ef8638e8e845dfceffdd83ba3b7151') in 0.0394386 seconds
Number of updated asset objects reloaded before import = 0Number of asset objects unloaded after import = 1

========================================================================
Received Import Request.
  Time since last request: 0.000024 seconds.
  path: Assets/LUTE/Scripts/Achievements/LUTEAchievementRules.cs
  artifactKey: Guid(6d43c494f8990ea4c9a44a8a862dcf8c) Importer(2089858483,0ecaa5967403d082aa24f35e1b516d23)
Start importing Assets/LUTE/Scripts/Achievements/LUTEAchievementRules.cs using Guid(6d43c494f8990ea4c9a44a8a862dcf8c) Importer(2089858483,0ecaa5967403d082aa24f35e1b516d23) (ScriptedImporter) -> (artifact id: '8fbdb0c86176102fdb5d10605aea47fb') in 0.0172287 seconds
Number of updated asset objects reloaded before import = 0Number of asset objects unloaded after import = 0

========================================================================
Received Import Request.
  Time since last request: 0.075311 seconds.
  path: Assets/LUTE_Starter Scenes/Mapbox/Examples/Resources/RoadSideMaterial.mat
  artifactKey: Guid(b00db1eb69ea64eb4adb30b2c0fb01cb) Importer(2089858483,0ecaa5967403d082aa24f35e1b516d23)
Start importing Assets/LUTE_Starter Scenes/Mapbox/Examples/Resources/RoadSideMaterial.mat using Guid(b00db1eb69ea64eb4adb30b2c0fb01cb) Importer(2089858483,0ecaa5967403d082aa24f35e1b516d23) (ScriptedImporter) -> (artifact id: '82db882ad18857117648890b39548dee') in 0.022748 seconds
Number of updated asset objects reloaded before import = 0Number of asset objects unloaded after import = 1

========================================================================
Received Import Request.
  Time since last request: 0.000019 seconds.
  path: Assets/LUTE_Starter Scenes/Mapbox/Unity/DataContainers/GeometryExtrusionOptions.cs
  artifactKey: Guid(6b1ce30c2116b4d1dadcc0fd64b73d86) Importer(2089858483,0ecaa5967403d082aa24f35e1b516d23)
Start importing Assets/LUTE_Starter Scenes/Mapbox/Unity/DataContainers/GeometryExtrusionOptions.cs using Guid(6b1ce30c2116b4d1dadcc0fd64b73d86) Importer(2089858483,0ecaa5967403d082aa24f35e1b516d23) (ScriptedImporter) -> (artifact id: '2775027edcd92f10b494ea0e7a6945d9') in 0.0191241 seconds
Number of updated asset objects reloaded before import = 0Number of asset objects unloaded after import = 0

========================================================================
Received Import Request.
  Time since last request: 0.000093 seconds.
  path: Assets/LUTE_Starter Scenes/Mapbox/Unity/DataContainers/ElevationModificationOptions.cs
  artifactKey: Guid(3ea9e2e957a054a95bf8ae23752c1817) Importer(2089858483,0ecaa5967403d082aa24f35e1b516d23)
Start importing Assets/LUTE_Starter Scenes/Mapbox/Unity/DataContainers/ElevationModificationOptions.cs using Guid(3ea9e2e957a054a95bf8ae23752c1817) Importer(2089858483,0ecaa5967403d082aa24f35e1b516d23) (ScriptedImporter) -> (artifact id: '16fa263df185dda9fd70a4f80a94b07f') in 0.0282982 seconds
Number of updated asset objects reloaded before import = 0Number of asset objects unloaded after import = 0

========================================================================
Received Import Request.
  Time since last request: 0.000033 seconds.
  path: Assets/LUTE_Starter Scenes/Mapbox/Unity/DataContainers/streets-v7-stats.json
  artifactKey: Guid(575f56052354f4672bed93408ec3e403) Importer(2089858483,0ecaa5967403d082aa24f35e1b516d23)
Start importing Assets/LUTE_Starter Scenes/Mapbox/Unity/DataContainers/streets-v7-stats.json using Guid(575f56052354f4672bed93408ec3e403) Importer(2089858483,0ecaa5967403d082aa24f35e1b516d23) (ScriptedImporter) -> (artifact id: '9638d3fb265976505e803df460d98fd7') in 0.0302087 seconds
Number of updated asset objects reloaded before import = 0Number of asset objects unloaded after import = 1

========================================================================
Received Import Request.
  Time since last request: 0.000021 seconds.
  path: Assets/LUTE_Starter Scenes/Mapbox/Examples/_sharedModules/ParkModifierStack.asset
  artifactKey: Guid(000166c0f999e4d44b968d47724ea242) Importer(2089858483,0ecaa5967403d082aa24f35e1b516d23)
Start importing Assets/LUTE_Starter Scenes/Mapbox/Examples/_sharedModules/ParkModifierStack.asset using Guid(000166c0f999e4d44b968d47724ea242) Importer(2089858483,0ecaa5967403d082aa24f35e1b516d23) (ScriptedImporter) -> (artifact id: '83163a315995cbdd969d8ca4f0ac5aca') in 0.095912 seconds
Number of updated asset objects reloaded before import = 0Number of asset objects unloaded after import = 23

========================================================================
Received Import Request.
  Time since last request: 0.000027 seconds.
  path: Assets/LUTE_Starter Scenes/Mapbox/Examples/Scripts/HeroBuildingSelectionUserInput.cs
  artifactKey: Guid(587b1db6b06084de28d873bfbbff270c) Importer(2089858483,0ecaa5967403d082aa24f35e1b516d23)
Start importing Assets/LUTE_Starter Scenes/Mapbox/Examples/Scripts/HeroBuildingSelectionUserInput.cs using Guid(587b1db6b06084de28d873bfbbff270c) Importer(2089858483,0ecaa5967403d082aa24f35e1b516d23) (ScriptedImporter) -> (artifact id: '4c3bba454aa2a686746befa422af83a1') in 0.0203442 seconds
Number of updated asset objects reloaded before import = 0Number of asset objects unloaded after import = 0

========================================================================
Received Import Request.
  Time since last request: 0.000065 seconds.
  path: Assets/LUTE_Starter Scenes/Mapbox/Unity/DataContainers/RangeTileProviderOptions.cs
  artifactKey: Guid(c619de083ef9446b4b774933701dd923) Importer(2089858483,0ecaa5967403d082aa24f35e1b516d23)
Start importing Assets/LUTE_Starter Scenes/Mapbox/Unity/DataContainers/RangeTileProviderOptions.cs using Guid(c619de083ef9446b4b774933701dd923) Importer(2089858483,0ecaa5967403d082aa24f35e1b516d23) (ScriptedImporter) -> (artifact id: '840d5739fb5ad32608612c5dd9524a4e') in 0.0200228 seconds
Number of updated asset objects reloaded before import = 0Number of asset objects unloaded after import = 0

========================================================================
Received Import Request.
  Time since last request: 0.000024 seconds.
  path: Assets/LUTE_Starter Scenes/Mapbox/Examples/_sharedModules/FixedHeightModifier.asset
  artifactKey: Guid(746927ff22b0c5247bc7d3e1c9b928d7) Importer(2089858483,0ecaa5967403d082aa24f35e1b516d23)
Start importing Assets/LUTE_Starter Scenes/Mapbox/Examples/_sharedModules/FixedHeightModifier.asset using Guid(746927ff22b0c5247bc7d3e1c9b928d7) Importer(2089858483,0ecaa5967403d082aa24f35e1b516d23) (ScriptedImporter) -> (artifact id: '48d07d40350d51e9f3f506911704c132') in 0.0304877 seconds
Number of updated asset objects reloaded before import = 0Number of asset objects unloaded after import = 1

========================================================================
Received Import Request.
  Time since last request: 0.000018 seconds.
  path: Assets/LUTE_Starter Scenes/Mapbox/Examples/Scripts/UpdateMapWithLocationProvider.cs
  artifactKey: Guid(b45b6cb0c94914eb6a1fac86abfc6aba) Importer(2089858483,0ecaa5967403d082aa24f35e1b516d23)
Start importing Assets/LUTE_Starter Scenes/Mapbox/Examples/Scripts/UpdateMapWithLocationProvider.cs using Guid(b45b6cb0c94914eb6a1fac86abfc6aba) Importer(2089858483,0ecaa5967403d082aa24f35e1b516d23) (ScriptedImporter) -> (artifact id: 'bfb8148ef333ee14b363f314394bebbc') in 0.0193256 seconds
Number of updated asset objects reloaded before import = 0Number of asset objects unloaded after import = 0

========================================================================
Received Import Request.
  Time since last request: 0.000157 seconds.
  path: Assets/LUTE_Starter Scenes/Mapbox/Examples/Scripts/ObjectInspectorModifier.cs
  artifactKey: Guid(68e011ce2209f4df1b390a7750c33744) Importer(2089858483,0ecaa5967403d082aa24f35e1b516d23)
Start importing Assets/LUTE_Starter Scenes/Mapbox/Examples/Scripts/ObjectInspectorModifier.cs using Guid(68e011ce2209f4df1b390a7750c33744) Importer(2089858483,0ecaa5967403d082aa24f35e1b516d23) (ScriptedImporter) -> (artifact id: '9dbc7a7d6aa1351e30f598e52ab09e85') in 0.0191851 seconds
Number of updated asset objects reloaded before import = 0Number of asset objects unloaded after import = 0

========================================================================
Received Import Request.
  Time since last request: 0.000074 seconds.
  path: Assets/LUTE_Starter Scenes/Mapbox/Examples/_sharedModules/PoiDemo3dPoiModifier.asset
  artifactKey: Guid(873cf898fb44149798c637959fd811ba) Importer(2089858483,0ecaa5967403d082aa24f35e1b516d23)
Start importing Assets/LUTE_Starter Scenes/Mapbox/Examples/_sharedModules/PoiDemo3dPoiModifier.asset using Guid(873cf898fb44149798c637959fd811ba) Importer(2089858483,0ecaa5967403d082aa24f35e1b516d23) (ScriptedImporter) -> (artifact id: 'bbfc0e89d329ff99f37c5020139b97cd') in 0.0315853 seconds
Number of updated asset objects reloaded before import = 0Number of asset objects unloaded after import = 10

========================================================================
Received Import Request.
  Time since last request: 0.000021 seconds.
  path: Assets/LUTE_Starter Scenes/Mapbox/Examples/Scripts/DragableDirectionWaypoint.cs
  artifactKey: Guid(9c39c383c96521a4083f7339972619c7) Importer(2089858483,0ecaa5967403d082aa24f35e1b516d23)
Start importing Assets/LUTE_Starter Scenes/Mapbox/Examples/Scripts/DragableDirectionWaypoint.cs using Guid(9c39c383c96521a4083f7339972619c7) Importer(2089858483,0ecaa5967403d082aa24f35e1b516d23) (ScriptedImporter) -> (artifact id: 'bdd3742f7effab472139657c555e5360') in 0.0227125 seconds
Number of updated asset objects reloaded before import = 0Number of asset objects unloaded after import = 0

========================================================================
Received Import Request.
  Time since last request: 0.000063 seconds.
  path: Assets/LUTE_Starter Scenes/Mapbox/Examples/_sharedModules/MapBoxStylesMaterialModifier.asset
  artifactKey: Guid(85d7acaaafb33410dbbc83cfad604f86) Importer(2089858483,0ecaa5967403d082aa24f35e1b516d23)
Start importing Assets/LUTE_Starter Scenes/Mapbox/Examples/_sharedModules/MapBoxStylesMaterialModifier.asset using Guid(85d7acaaafb33410dbbc83cfad604f86) Importer(2089858483,0ecaa5967403d082aa24f35e1b516d23) (ScriptedImporter) -> (artifact id: '42fdb501b0440d7064ffe00e27b92abf') in 0.0488959 seconds
Number of updated asset objects reloaded before import = 0Number of asset objects unloaded after import = 4

========================================================================
Received Import Request.
  Time since last request: 0.000022 seconds.
  path: Assets/LUTE_Starter Scenes/Mapbox/Examples/_sharedModules/PoiVectorTileFactory.asset
  artifactKey: Guid(b6db6e4901cc50246b1ed5c328d73872) Importer(2089858483,0ecaa5967403d082aa24f35e1b516d23)
Start importing Assets/LUTE_Starter Scenes/Mapbox/Examples/_sharedModules/PoiVectorTileFactory.asset using Guid(b6db6e4901cc50246b1ed5c328d73872) Importer(2089858483,0ecaa5967403d082aa24f35e1b516d23) (ScriptedImporter) -> (artifact id: 'be8847eb0d54f25d9d7921443955f6d0') in 0.0296502 seconds
Number of updated asset objects reloaded before import = 0Number of asset objects unloaded after import = 1

========================================================================
Received Import Request.
  Time since last request: 0.000034 seconds.
  path: Assets/LUTE_Starter Scenes/Mapbox/Examples/_sharedModules/LineModifier.asset
  artifactKey: Guid(7c518d85eb2ed0440ac158307895eec4) Importer(2089858483,0ecaa5967403d082aa24f35e1b516d23)
Start importing Assets/LUTE_Starter Scenes/Mapbox/Examples/_sharedModules/LineModifier.asset using Guid(7c518d85eb2ed0440ac158307895eec4) Importer(2089858483,0ecaa5967403d082aa24f35e1b516d23) (ScriptedImporter) -> (artifact id: '5a489386395efdd8120ecc667af5843d') in 0.0302997 seconds
Number of updated asset objects reloaded before import = 0Number of asset objects unloaded after import = 1

========================================================================
Received Import Request.
  Time since last request: 0.000043 seconds.
  path: Assets/LUTE_Starter Scenes/Mapbox/Examples/_sharedModules/TransparentGreyBuildingVisualizer.asset
  artifactKey: Guid(49b5b5cab8982084a986f2d148acff42) Importer(2089858483,0ecaa5967403d082aa24f35e1b516d23)
Start importing Assets/LUTE_Starter Scenes/Mapbox/Examples/_sharedModules/TransparentGreyBuildingVisualizer.asset using Guid(49b5b5cab8982084a986f2d148acff42) Importer(2089858483,0ecaa5967403d082aa24f35e1b516d23) (ScriptedImporter) -> (artifact id: '2d0bdd66e4018def5f221c9952743cb6') in 0.02688 seconds
Number of updated asset objects reloaded before import = 0Number of asset objects unloaded after import = 1

========================================================================
Received Import Request.
  Time since last request: 0.000023 seconds.
  path: Assets/LUTE_Starter Scenes/Mapbox/Unity/Editor/MapManagerEditor.cs
  artifactKey: Guid(0fe5a867f0f1546009ebdda576486b9e) Importer(2089858483,0ecaa5967403d082aa24f35e1b516d23)
Start importing Assets/LUTE_Starter Scenes/Mapbox/Unity/Editor/MapManagerEditor.cs using Guid(0fe5a867f0f1546009ebdda576486b9e) Importer(2089858483,0ecaa5967403d082aa24f35e1b516d23) (ScriptedImporter) -> (artifact id: '265fec89fe581fdf82b3ce1e9702c60e') in 0.0208336 seconds
Number of updated asset objects reloaded before import = 0Number of asset objects unloaded after import = 0

========================================================================
Received Import Request.
  Time since last request: 0.000167 seconds.
  path: Assets/LUTE_Starter Scenes/Mapbox/Unity/DataContainers/UnifiedMapOptions.cs
  artifactKey: Guid(4ee20976ba70747b18ae908f30927ca9) Importer(2089858483,0ecaa5967403d082aa24f35e1b516d23)
Start importing Assets/LUTE_Starter Scenes/Mapbox/Unity/DataContainers/UnifiedMapOptions.cs using Guid(4ee20976ba70747b18ae908f30927ca9) Importer(2089858483,0ecaa5967403d082aa24f35e1b516d23) (ScriptedImporter) -> (artifact id: 'e80c6c01f231617cfcec9a1981e2e126') in 0.021417 seconds
Number of updated asset objects reloaded before import = 0Number of asset objects unloaded after import = 0

========================================================================
Received Import Request.
  Time since last request: 0.000053 seconds.
  path: Assets/LUTE_Starter Scenes/Mapbox/Examples/_sharedModules/ParkLayerModifier.asset
  artifactKey: Guid(3505ec4e61e3f4c4d88fc3c5548e7144) Importer(2089858483,0ecaa5967403d082aa24f35e1b516d23)
Start importing Assets/LUTE_Starter Scenes/Mapbox/Examples/_sharedModules/ParkLayerModifier.asset using Guid(3505ec4e61e3f4c4d88fc3c5548e7144) Importer(2089858483,0ecaa5967403d082aa24f35e1b516d23) (ScriptedImporter) -> (artifact id: '2d5cca2b31af144ed3b75a70bbf7f084') in 0.0190684 seconds
Number of updated asset objects reloaded before import = 0Number of asset objects unloaded after import = 1

========================================================================
Received Import Request.
  Time since last request: 0.000237 seconds.
  path: Assets/LUTE_Starter Scenes/Mapbox/Unity/DataContainers/GeometryMaterialOptions.cs
  artifactKey: Guid(86b7939f38d364d049e29aea11e9652c) Importer(2089858483,0ecaa5967403d082aa24f35e1b516d23)
Start importing Assets/LUTE_Starter Scenes/Mapbox/Unity/DataContainers/GeometryMaterialOptions.cs using Guid(86b7939f38d364d049e29aea11e9652c) Importer(2089858483,0ecaa5967403d082aa24f35e1b516d23) (ScriptedImporter) -> (artifact id: 'f5a861a8aa3dc25b6eb0a103ea158376') in 0.0178135 seconds
Number of updated asset objects reloaded before import = 0Number of asset objects unloaded after import = 0

========================================================================
Received Import Request.
  Time since last request: 0.000154 seconds.
  path: Assets/LUTE_Starter Scenes/Mapbox/Examples/Scripts/ReverseGeocodeUserInput.cs
  artifactKey: Guid(872cc2c04f0c94a39a7647e7ed7667e1) Importer(2089858483,0ecaa5967403d082aa24f35e1b516d23)
Start importing Assets/LUTE_Starter Scenes/Mapbox/Examples/Scripts/ReverseGeocodeUserInput.cs using Guid(872cc2c04f0c94a39a7647e7ed7667e1) Importer(2089858483,0ecaa5967403d082aa24f35e1b516d23) (ScriptedImporter) -> (artifact id: '82507c907bb8fed215f5d3f7ebf7308b') in 0.0209504 seconds
Number of updated asset objects reloaded before import = 0Number of asset objects unloaded after import = 0

========================================================================
Received Import Request.
  Time since last request: 0.000188 seconds.
  path: Assets/LUTE_Starter Scenes/Mapbox/Examples/_sharedModules/TransparentBlueMaterialModifier.asset
  artifactKey: Guid(da5cf9c4ee3594bc8944b55507453652) Importer(2089858483,0ecaa5967403d082aa24f35e1b516d23)
Start importing Assets/LUTE_Starter Scenes/Mapbox/Examples/_sharedModules/TransparentBlueMaterialModifier.asset using Guid(da5cf9c4ee3594bc8944b55507453652) Importer(2089858483,0ecaa5967403d082aa24f35e1b516d23) (ScriptedImporter) -> (artifact id: '3eb004adc4d2f256e202ac0e0bd867e6') in 0.0369515 seconds
Number of updated asset objects reloaded before import = 0Number of asset objects unloaded after import = 2

========================================================================
Received Import Request.
  Time since last request: 1.336482 seconds.
  path: Assets/LUTE_Starter Scenes/Mapbox/Unity/Editor/ScriptableCreatorWindow.cs
  artifactKey: Guid(36de947caaca94e1f8985ccdf861ec08) Importer(2089858483,0ecaa5967403d082aa24f35e1b516d23)
Start importing Assets/LUTE_Starter Scenes/Mapbox/Unity/Editor/ScriptableCreatorWindow.cs using Guid(36de947caaca94e1f8985ccdf861ec08) Importer(2089858483,0ecaa5967403d082aa24f35e1b516d23) (ScriptedImporter) -> (artifact id: 'a9f2119f6f552fc90aba91d088aa9002') in 0.0161418 seconds
Number of updated asset objects reloaded before import = 0Number of asset objects unloaded after import = 0

========================================================================
Received Import Request.
  Time since last request: 0.000083 seconds.
  path: Assets/LUTE_Starter Scenes/Mapbox/Unity/Map/MapVisualizer.cs
  artifactKey: Guid(526c8a90df31d41fe8057a6f85c7a3e4) Importer(2089858483,0ecaa5967403d082aa24f35e1b516d23)
Start importing Assets/LUTE_Starter Scenes/Mapbox/Unity/Map/MapVisualizer.cs using Guid(526c8a90df31d41fe8057a6f85c7a3e4) Importer(2089858483,0ecaa5967403d082aa24f35e1b516d23) (ScriptedImporter) -> (artifact id: '4805359d6feec714a6826c54bff80a96') in 0.0208063 seconds
Number of updated asset objects reloaded before import = 0Number of asset objects unloaded after import = 0

========================================================================
Received Import Request.
  Time since last request: 0.000036 seconds.
  path: Assets/LUTE/ThirdPartyAssets/InventoryEngine/MMTools/MMAttributes/MMInspectorButtonAttribute.cs
  artifactKey: Guid(325b5ef7494cead4fbd33a7e9c22c44d) Importer(2089858483,0ecaa5967403d082aa24f35e1b516d23)
Start importing Assets/LUTE/ThirdPartyAssets/InventoryEngine/MMTools/MMAttributes/MMInspectorButtonAttribute.cs using Guid(325b5ef7494cead4fbd33a7e9c22c44d) Importer(2089858483,0ecaa5967403d082aa24f35e1b516d23) (ScriptedImporter) -> (artifact id: '8419165c4dab61856ec1569c113ae62b') in 0.0238163 seconds
Number of updated asset objects reloaded before import = 0Number of asset objects unloaded after import = 0

========================================================================
Received Import Request.
  Time since last request: 0.000054 seconds.
  path: Assets/LUTE_Starter Scenes/Mapbox/Unity/Telemetry/TelemetryFactory.cs
  artifactKey: Guid(22b1b1677ad464ff499ec366ca41ad2b) Importer(2089858483,0ecaa5967403d082aa24f35e1b516d23)
Start importing Assets/LUTE_Starter Scenes/Mapbox/Unity/Telemetry/TelemetryFactory.cs using Guid(22b1b1677ad464ff499ec366ca41ad2b) Importer(2089858483,0ecaa5967403d082aa24f35e1b516d23) (ScriptedImporter) -> (artifact id: 'db1e0401288496213fd41bd6727c668e') in 0.0160591 seconds
Number of updated asset objects reloaded before import = 0Number of asset objects unloaded after import = 0

========================================================================
Received Import Request.
  Time since last request: 0.000160 seconds.
  path: Assets/LUTE/Resources/Textures/SaveSystem/Colour/saveColour.png
  artifactKey: Guid(a1659eff3d8dfb44e8fb47b7142587ea) Importer(2089858483,0ecaa5967403d082aa24f35e1b516d23)
Start importing Assets/LUTE/Resources/Textures/SaveSystem/Colour/saveColour.png using Guid(a1659eff3d8dfb44e8fb47b7142587ea) Importer(2089858483,0ecaa5967403d082aa24f35e1b516d23) (ScriptedImporter) -> (artifact id: '9f23522217b86d43341ea4b7430bce97') in 0.1011707 seconds
Number of updated asset objects reloaded before import = 0Number of asset objects unloaded after import = 3

========================================================================
Received Import Request.
  Time since last request: 0.000024 seconds.
  path: Assets/LUTE/ThirdPartyAssets/InventoryEngine/Editor/GUI/InventorySlotEditor.cs
  artifactKey: Guid(f7bfadd26d4a3dd488081d4a6dd1e402) Importer(2089858483,0ecaa5967403d082aa24f35e1b516d23)
Start importing Assets/LUTE/ThirdPartyAssets/InventoryEngine/Editor/GUI/InventorySlotEditor.cs using Guid(f7bfadd26d4a3dd488081d4a6dd1e402) Importer(2089858483,0ecaa5967403d082aa24f35e1b516d23) (ScriptedImporter) -> (artifact id: 'ca63917142af2b0aa3b9061ea2ba394a') in 0.0187602 seconds
Number of updated asset objects reloaded before import = 0Number of asset objects unloaded after import = 0

========================================================================
Received Import Request.
  Time since last request: 0.000049 seconds.
  path: Assets/LUTE/ThirdPartyAssets/InventoryEngine/MMTools/MMExtensions/MMCameraExtensions.cs
  artifactKey: Guid(285d55c3a8191984c848a8ecaee30c9d) Importer(2089858483,0ecaa5967403d082aa24f35e1b516d23)
Start importing Assets/LUTE/ThirdPartyAssets/InventoryEngine/MMTools/MMExtensions/MMCameraExtensions.cs using Guid(285d55c3a8191984c848a8ecaee30c9d) Importer(2089858483,0ecaa5967403d082aa24f35e1b516d23) (ScriptedImporter) -> (artifact id: '759f76ffbf718439b0406ae565aae7e5') in 0.0184781 seconds
Number of updated asset objects reloaded before import = 0Number of asset objects unloaded after import = 0

========================================================================
Received Import Request.
  Time since last request: 0.000056 seconds.
  path: Assets/LUTE_Starter Scenes/Mapbox/Unity/Utilities/DontDestroyOnLoad.cs
  artifactKey: Guid(6db3a516f4a7041b4a415b35843f8841) Importer(2089858483,0ecaa5967403d082aa24f35e1b516d23)
Start importing Assets/LUTE_Starter Scenes/Mapbox/Unity/Utilities/DontDestroyOnLoad.cs using Guid(6db3a516f4a7041b4a415b35843f8841) Importer(2089858483,0ecaa5967403d082aa24f35e1b516d23) (ScriptedImporter) -> (artifact id: '43b0a39183e2744a331727148327f156') in 0.0219154 seconds
Number of updated asset objects reloaded before import = 0Number of asset objects unloaded after import = 0

========================================================================
Received Import Request.
  Time since last request: 0.000090 seconds.
  path: Assets/LUTE_Starter Scenes/Mapbox/Unity/Utilities/HTTPRequest.cs
  artifactKey: Guid(0af41ebc1f8e7485d93cb4b9070e9d1a) Importer(2089858483,0ecaa5967403d082aa24f35e1b516d23)
Start importing Assets/LUTE_Starter Scenes/Mapbox/Unity/Utilities/HTTPRequest.cs using Guid(0af41ebc1f8e7485d93cb4b9070e9d1a) Importer(2089858483,0ecaa5967403d082aa24f35e1b516d23) (ScriptedImporter) -> (artifact id: 'c6d0c6e4d41937e940f069f7e48269db') in 0.018049 seconds
Number of updated asset objects reloaded before import = 0Number of asset objects unloaded after import = 0

========================================================================
Received Import Request.
  Time since last request: 0.000058 seconds.
  path: Assets/LUTE/ThirdPartyAssets/InventoryEngine/MMTools/MMAttributes/MMReadOnlyWhenPlayingAttribute.cs
  artifactKey: Guid(8e1e841ae422aba49bcc65672025dfa4) Importer(2089858483,0ecaa5967403d082aa24f35e1b516d23)
Start importing Assets/LUTE/ThirdPartyAssets/InventoryEngine/MMTools/MMAttributes/MMReadOnlyWhenPlayingAttribute.cs using Guid(8e1e841ae422aba49bcc65672025dfa4) Importer(2089858483,0ecaa5967403d082aa24f35e1b516d23) (ScriptedImporter) -> (artifact id: 'a0ea9108aa9e25e26e2bb03a30f58ebc') in 0.0208845 seconds
Number of updated asset objects reloaded before import = 0Number of asset objects unloaded after import = 0

========================================================================
Received Import Request.
  Time since last request: 0.000242 seconds.
  path: Assets/LUTE_Starter Scenes/Mapbox/Unity/Utilities/SingletonScriptableObject.cs
  artifactKey: Guid(bdbbf7395941a4ca09714114a184a222) Importer(2089858483,0ecaa5967403d082aa24f35e1b516d23)
Start importing Assets/LUTE_Starter Scenes/Mapbox/Unity/Utilities/SingletonScriptableObject.cs using Guid(bdbbf7395941a4ca09714114a184a222) Importer(2089858483,0ecaa5967403d082aa24f35e1b516d23) (ScriptedImporter) -> (artifact id: 'bac31ba08dbcc6253142c8c4c2eaefa3') in 0.0167882 seconds
Number of updated asset objects reloaded before import = 0Number of asset objects unloaded after import = 0

========================================================================
Received Import Request.
  Time since last request: 0.000059 seconds.
  path: Assets/LUTE_Starter Scenes/Mapbox/Unity/Utilities/Runnable.cs
  artifactKey: Guid(b87b2c1373aae46cda00a35c701735a8) Importer(2089858483,0ecaa5967403d082aa24f35e1b516d23)
Start importing Assets/LUTE_Starter Scenes/Mapbox/Unity/Utilities/Runnable.cs using Guid(b87b2c1373aae46cda00a35c701735a8) Importer(2089858483,0ecaa5967403d082aa24f35e1b516d23) (ScriptedImporter) -> (artifact id: '7de84b7adbb7b2698f1aa192d11a0e41') in 0.0181957 seconds
Number of updated asset objects reloaded before import = 0Number of asset objects unloaded after import = 0

========================================================================
Received Import Request.
  Time since last request: 0.000028 seconds.
  path: Assets/LUTE/ThirdPartyAssets/InventoryEngine/MMTools/MMHelpers/MMCoroutine.cs
  artifactKey: Guid(be7f36cb3d627414895b9bb53b323c15) Importer(2089858483,0ecaa5967403d082aa24f35e1b516d23)
Start importing Assets/LUTE/ThirdPartyAssets/InventoryEngine/MMTools/MMHelpers/MMCoroutine.cs using Guid(be7f36cb3d627414895b9bb53b323c15) Importer(2089858483,0ecaa5967403d082aa24f35e1b516d23) (ScriptedImporter) -> (artifact id: '8dd5920324f3c1a01f34b764b1005c6c') in 0.019445 seconds
Number of updated asset objects reloaded before import = 0Number of asset objects unloaded after import = 0

========================================================================
Received Import Request.
  Time since last request: 0.000078 seconds.
  path: Assets/LUTE/ThirdPartyAssets/InventoryEngine/MMTools/MMInstantiation/MMRandomInstantiator.cs
  artifactKey: Guid(4c62e684cc894124e8d7b2992e2118b1) Importer(2089858483,0ecaa5967403d082aa24f35e1b516d23)
Start importing Assets/LUTE/ThirdPartyAssets/InventoryEngine/MMTools/MMInstantiation/MMRandomInstantiator.cs using Guid(4c62e684cc894124e8d7b2992e2118b1) Importer(2089858483,0ecaa5967403d082aa24f35e1b516d23) (ScriptedImporter) -> (artifact id: '92345b91a546fa282a726b4c90cd5cbb') in 0.0204364 seconds
Number of updated asset objects reloaded before import = 0Number of asset objects unloaded after import = 0

========================================================================
Received Import Request.
  Time since last request: 0.000072 seconds.
  path: Assets/LUTE/ThirdPartyAssets/InventoryEngine/MMTools/MMAttributes/MMConditionAttribute.cs
  artifactKey: Guid(d99b1ef0840200a4ca8c98ee8b49e114) Importer(2089858483,0ecaa5967403d082aa24f35e1b516d23)
Start importing Assets/LUTE/ThirdPartyAssets/InventoryEngine/MMTools/MMAttributes/MMConditionAttribute.cs using Guid(d99b1ef0840200a4ca8c98ee8b49e114) Importer(2089858483,0ecaa5967403d082aa24f35e1b516d23) (ScriptedImporter) -> (artifact id: 'fca109de80375e7f60827ce7812c2326') in 0.0177998 seconds
Number of updated asset objects reloaded before import = 0Number of asset objects unloaded after import = 0

========================================================================
Received Import Request.
  Time since last request: 0.000100 seconds.
  path: Assets/LUTE_Starter Scenes/Mapbox/Unity/Utilities/NodeEditorElementAttribute.cs
  artifactKey: Guid(c03cf5b7204de7844baa0bc6167637bc) Importer(2089858483,0ecaa5967403d082aa24f35e1b516d23)
Start importing Assets/LUTE_Starter Scenes/Mapbox/Unity/Utilities/NodeEditorElementAttribute.cs using Guid(c03cf5b7204de7844baa0bc6167637bc) Importer(2089858483,0ecaa5967403d082aa24f35e1b516d23) (ScriptedImporter) -> (artifact id: '8a10c1677c7c60404169ded3d487faff') in 0.0200497 seconds
Number of updated asset objects reloaded before import = 0Number of asset objects unloaded after import = 0

========================================================================
Received Import Request.
  Time since last request: 0.000030 seconds.
  path: Assets/LUTE_Starter Scenes/Sprites/UI/Inventory/inventoryIcon.png
  artifactKey: Guid(a06bae358f5e9054da7f3c6e2377645a) Importer(2089858483,0ecaa5967403d082aa24f35e1b516d23)
Start importing Assets/LUTE_Starter Scenes/Sprites/UI/Inventory/inventoryIcon.png using Guid(a06bae358f5e9054da7f3c6e2377645a) Importer(2089858483,0ecaa5967403d082aa24f35e1b516d23) (ScriptedImporter) -> (artifact id: '39b91860386a64c38fdd7ae401a90339') in 0.0306997 seconds
Number of updated asset objects reloaded before import = 0Number of asset objects unloaded after import = 3

========================================================================
Received Import Request.
  Time since last request: 0.000019 seconds.
  path: Assets/LUTE/ThirdPartyAssets/InventoryEngine/MMTools/MMAttributes/MMMonoBehaviour.cs
  artifactKey: Guid(743d5178809b16b47a7cb50d29677882) Importer(2089858483,0ecaa5967403d082aa24f35e1b516d23)
Start importing Assets/LUTE/ThirdPartyAssets/InventoryEngine/MMTools/MMAttributes/MMMonoBehaviour.cs using Guid(743d5178809b16b47a7cb50d29677882) Importer(2089858483,0ecaa5967403d082aa24f35e1b516d23) (ScriptedImporter) -> (artifact id: 'dba7760447a662acf95b2cb2caaf17fd') in 0.0164918 seconds
Number of updated asset objects reloaded before import = 0Number of asset objects unloaded after import = 0

========================================================================
Received Import Request.
  Time since last request: 0.000029 seconds.
  path: Assets/LUTE/ThirdPartyAssets/InventoryEngine/MMTools/MMExtensions/MMColorExtensions.cs
  artifactKey: Guid(9ea7a938d4b9d584db335667287955f2) Importer(2089858483,0ecaa5967403d082aa24f35e1b516d23)
Start importing Assets/LUTE/ThirdPartyAssets/InventoryEngine/MMTools/MMExtensions/MMColorExtensions.cs using Guid(9ea7a938d4b9d584db335667287955f2) Importer(2089858483,0ecaa5967403d082aa24f35e1b516d23) (ScriptedImporter) -> (artifact id: 'd3a47d01f9bc29d0012311775415e000') in 0.0243201 seconds
Number of updated asset objects reloaded before import = 0Number of asset objects unloaded after import = 0

========================================================================
Received Import Request.
  Time since last request: 0.000058 seconds.
  path: Assets/LUTE_Starter Scenes/Mapbox/Unity/SourceLayers/ISubLayerCustomStyle.cs
  artifactKey: Guid(aa05a4fc1ec3d450baeff5e3c4538fe3) Importer(2089858483,0ecaa5967403d082aa24f35e1b516d23)
Start importing Assets/LUTE_Starter Scenes/Mapbox/Unity/SourceLayers/ISubLayerCustomStyle.cs using Guid(aa05a4fc1ec3d450baeff5e3c4538fe3) Importer(2089858483,0ecaa5967403d082aa24f35e1b516d23) (ScriptedImporter) -> (artifact id: '11611ef895114c2b82e3fc7db3287439') in 0.0274226 seconds
Number of updated asset objects reloaded before import = 0Number of asset objects unloaded after import = 0

========================================================================
Received Import Request.
  Time since last request: 0.000022 seconds.
  path: Assets/LUTE/ThirdPartyAssets/InventoryEngine/MMTools/MMExtensions/MMRendererExtensions.cs
  artifactKey: Guid(5e41d6cfe6c233c40a2bf4ddc63a71dc) Importer(2089858483,0ecaa5967403d082aa24f35e1b516d23)
Start importing Assets/LUTE/ThirdPartyAssets/InventoryEngine/MMTools/MMExtensions/MMRendererExtensions.cs using Guid(5e41d6cfe6c233c40a2bf4ddc63a71dc) Importer(2089858483,0ecaa5967403d082aa24f35e1b516d23) (ScriptedImporter) -> (artifact id: '5037180b52d763667522c8b0d508a432') in 0.0273942 seconds
Number of updated asset objects reloaded before import = 0Number of asset objects unloaded after import = 0

========================================================================
Received Import Request.
  Time since last request: 0.000065 seconds.
  path: Assets/LUTE_Starter Scenes/Mapbox/Unity/SourceLayers/SubLayerModeling.cs
  artifactKey: Guid(ed8cfcdd6f584912ba4f749445adc3b4) Importer(2089858483,0ecaa5967403d082aa24f35e1b516d23)
Start importing Assets/LUTE_Starter Scenes/Mapbox/Unity/SourceLayers/SubLayerModeling.cs using Guid(ed8cfcdd6f584912ba4f749445adc3b4) Importer(2089858483,0ecaa5967403d082aa24f35e1b516d23) (ScriptedImporter) -> (artifact id: '04c45d8e87e048bad497105fe72cefce') in 0.0227283 seconds
Number of updated asset objects reloaded before import = 0Number of asset objects unloaded after import = 0

========================================================================
Received Import Request.
  Time since last request: 0.000071 seconds.
  path: Assets/LUTE/Resources/Textures/SaveSystem/Colour/loadColour.png
  artifactKey: Guid(958a25b67944bcb47b35ce5a7f90dbb3) Importer(2089858483,0ecaa5967403d082aa24f35e1b516d23)
Start importing Assets/LUTE/Resources/Textures/SaveSystem/Colour/loadColour.png using Guid(958a25b67944bcb47b35ce5a7f90dbb3) Importer(2089858483,0ecaa5967403d082aa24f35e1b516d23) (ScriptedImporter) -> (artifact id: '1da0d06f3d8f1c3122e936bd95e6d1f6') in 0.0308298 seconds
Number of updated asset objects reloaded before import = 0Number of asset objects unloaded after import = 3

========================================================================
Received Import Request.
  Time since last request: 0.000023 seconds.
  path: Assets/LUTE/ThirdPartyAssets/InventoryEngine/MMTools/MMExtensions/MMGameObjectExtensions.cs
  artifactKey: Guid(b2625daa927689341bf30fbd51782d48) Importer(2089858483,0ecaa5967403d082aa24f35e1b516d23)
Start importing Assets/LUTE/ThirdPartyAssets/InventoryEngine/MMTools/MMExtensions/MMGameObjectExtensions.cs using Guid(b2625daa927689341bf30fbd51782d48) Importer(2089858483,0ecaa5967403d082aa24f35e1b516d23) (ScriptedImporter) -> (artifact id: '5c06df9e7e8027847d1873aa6c5d86fa') in 0.0247458 seconds
Number of updated asset objects reloaded before import = 0Number of asset objects unloaded after import = 0

========================================================================
Received Import Request.
  Time since last request: 0.000050 seconds.
  path: Assets/LUTE_Starter Scenes/Mapbox/Unity/SourceLayers/ImageryLayer.cs
  artifactKey: Guid(e27f3b90b51364893ba4077dae9a6f83) Importer(2089858483,0ecaa5967403d082aa24f35e1b516d23)
Start importing Assets/LUTE_Starter Scenes/Mapbox/Unity/SourceLayers/ImageryLayer.cs using Guid(e27f3b90b51364893ba4077dae9a6f83) Importer(2089858483,0ecaa5967403d082aa24f35e1b516d23) (ScriptedImporter) -> (artifact id: '594ea65afc75c78b474b7f9653742750') in 0.0215754 seconds
Number of updated asset objects reloaded before import = 0Number of asset objects unloaded after import = 0

========================================================================
Received Import Request.
  Time since last request: 0.000077 seconds.
  path: Assets/LUTE_Starter Scenes/Mapbox/Unity/Telemetry/TelemetryAndroid.cs
  artifactKey: Guid(482b4af485a1148558ccb578af5ed81f) Importer(2089858483,0ecaa5967403d082aa24f35e1b516d23)
Start importing Assets/LUTE_Starter Scenes/Mapbox/Unity/Telemetry/TelemetryAndroid.cs using Guid(482b4af485a1148558ccb578af5ed81f) Importer(2089858483,0ecaa5967403d082aa24f35e1b516d23) (ScriptedImporter) -> (artifact id: '606e971e05b8fe58996e99ee09ec48de') in 0.0199074 seconds
Number of updated asset objects reloaded before import = 0Number of asset objects unloaded after import = 0

========================================================================
Received Import Request.
  Time since last request: 0.000080 seconds.
  path: Assets/LUTE_Starter Scenes/Mapbox/Unity/Utilities/GameObjectExtensions.cs
  artifactKey: Guid(a1a6d75cc30cc48ffb47fbd112800b60) Importer(2089858483,0ecaa5967403d082aa24f35e1b516d23)
Start importing Assets/LUTE_Starter Scenes/Mapbox/Unity/Utilities/GameObjectExtensions.cs using Guid(a1a6d75cc30cc48ffb47fbd112800b60) Importer(2089858483,0ecaa5967403d082aa24f35e1b516d23) (ScriptedImporter) -> (artifact id: '4d3b79c07138003957bfdd95046b27d9') in 0.0190859 seconds
Number of updated asset objects reloaded before import = 0Number of asset objects unloaded after import = 0

========================================================================
Received Import Request.
  Time since last request: 0.000073 seconds.
  path: Assets/LUTE_Starter Scenes/Mapbox/Unity/Utilities/VectorExtensions.cs
  artifactKey: Guid(c1f035bcb5a8d45419d1342c88c8d47c) Importer(2089858483,0ecaa5967403d082aa24f35e1b516d23)
Start importing Assets/LUTE_Starter Scenes/Mapbox/Unity/Utilities/VectorExtensions.cs using Guid(c1f035bcb5a8d45419d1342c88c8d47c) Importer(2089858483,0ecaa5967403d082aa24f35e1b516d23) (ScriptedImporter) -> (artifact id: 'fffbf62a82ba925fbccf8dcf859e4bb6') in 0.0170517 seconds
Number of updated asset objects reloaded before import = 0Number of asset objects unloaded after import = 0

========================================================================
Received Import Request.
  Time since last request: 0.000060 seconds.
  path: Assets/LUTE/ThirdPartyAssets/InventoryEngine/MMTools/MMAttributes/MMReadOnlyAttribute.cs
  artifactKey: Guid(f54d7ad2fa8f4411e8cceb8d27f6e1ae) Importer(2089858483,0ecaa5967403d082aa24f35e1b516d23)
Start importing Assets/LUTE/ThirdPartyAssets/InventoryEngine/MMTools/MMAttributes/MMReadOnlyAttribute.cs using Guid(f54d7ad2fa8f4411e8cceb8d27f6e1ae) Importer(2089858483,0ecaa5967403d082aa24f35e1b516d23) (ScriptedImporter) -> (artifact id: 'a3b6712142b1aabf7f7dce5db0689c85') in 0.0216929 seconds
Number of updated asset objects reloaded before import = 0Number of asset objects unloaded after import = 0

========================================================================
Received Import Request.
  Time since last request: 0.000153 seconds.
  path: Assets/LUTE/ThirdPartyAssets/BogGames/Bog_Tools/Bog_Attributes/BogInspectorButtonAttribute.cs
  artifactKey: Guid(2f1d28cde3c63dd4bac78e3414cc7786) Importer(2089858483,0ecaa5967403d082aa24f35e1b516d23)
Start importing Assets/LUTE/ThirdPartyAssets/BogGames/Bog_Tools/Bog_Attributes/BogInspectorButtonAttribute.cs using Guid(2f1d28cde3c63dd4bac78e3414cc7786) Importer(2089858483,0ecaa5967403d082aa24f35e1b516d23) (ScriptedImporter) -> (artifact id: 'f23b529e432202f2c7395ee1c1881765') in 0.0196081 seconds
Number of updated asset objects reloaded before import = 0Number of asset objects unloaded after import = 0

========================================================================
Received Import Request.
  Time since last request: 0.000067 seconds.
  path: Assets/LUTE_Starter Scenes/Mapbox/Unity/LayerProperties/VectorFilterOptions.cs
  artifactKey: Guid(e9aaba31e5228477fa26423d86426c63) Importer(2089858483,0ecaa5967403d082aa24f35e1b516d23)
Start importing Assets/LUTE_Starter Scenes/Mapbox/Unity/LayerProperties/VectorFilterOptions.cs using Guid(e9aaba31e5228477fa26423d86426c63) Importer(2089858483,0ecaa5967403d082aa24f35e1b516d23) (ScriptedImporter) -> (artifact id: 'd3a1aea91dfdee8cd816584e9f5056b4') in 0.017875 seconds
Number of updated asset objects reloaded before import = 0Number of asset objects unloaded after import = 0

========================================================================
Received Import Request.
  Time since last request: 0.000018 seconds.
  path: Assets/LUTE_Starter Scenes/Mapbox/Unity/SourceLayers/ISubLayerRealisticStyle.cs
  artifactKey: Guid(ea19562da51454ef893a64ebaa44f1da) Importer(2089858483,0ecaa5967403d082aa24f35e1b516d23)
Start importing Assets/LUTE_Starter Scenes/Mapbox/Unity/SourceLayers/ISubLayerRealisticStyle.cs using Guid(ea19562da51454ef893a64ebaa44f1da) Importer(2089858483,0ecaa5967403d082aa24f35e1b516d23) (ScriptedImporter) -> (artifact id: 'e142de521206dce6edc72985f79e9eb2') in 0.0177616 seconds
Number of updated asset objects reloaded before import = 0Number of asset objects unloaded after import = 0

========================================================================
Received Import Request.
  Time since last request: 0.000045 seconds.
  path: Assets/LUTE_Starter Scenes/Mapbox/Unity/Telemetry/ITelemetryLibrary.cs
  artifactKey: Guid(60254f905810e483288c61f416978e74) Importer(2089858483,0ecaa5967403d082aa24f35e1b516d23)
Start importing Assets/LUTE_Starter Scenes/Mapbox/Unity/Telemetry/ITelemetryLibrary.cs using Guid(60254f905810e483288c61f416978e74) Importer(2089858483,0ecaa5967403d082aa24f35e1b516d23) (ScriptedImporter) -> (artifact id: '91361786f35185a4d277e846ee9c9fc7') in 0.0167406 seconds
Number of updated asset objects reloaded before import = 0Number of asset objects unloaded after import = 0

========================================================================
Received Import Request.
  Time since last request: 0.000101 seconds.
  path: Assets/LUTE_Starter Scenes/Sprites/UI/GamePreviews/XRIcon.png
  artifactKey: Guid(192858852373e1046a06930f6bd6cb05) Importer(2089858483,0ecaa5967403d082aa24f35e1b516d23)
Start importing Assets/LUTE_Starter Scenes/Sprites/UI/GamePreviews/XRIcon.png using Guid(192858852373e1046a06930f6bd6cb05) Importer(2089858483,0ecaa5967403d082aa24f35e1b516d23) (ScriptedImporter) -> (artifact id: 'b5304b9ce7f9c9201066194d8850d295') in 0.0394776 seconds
Number of updated asset objects reloaded before import = 0Number of asset objects unloaded after import = 3

========================================================================
Received Import Request.
  Time since last request: 0.980812 seconds.
  path: Assets/LUTE/ThirdPartyAssets/InventoryEngine/MMTools/MMSaveLoad/MMPersistenceDataStructures.cs
  artifactKey: Guid(c89376b60a9ff4b4d922b8d35778d386) Importer(2089858483,0ecaa5967403d082aa24f35e1b516d23)
Start importing Assets/LUTE/ThirdPartyAssets/InventoryEngine/MMTools/MMSaveLoad/MMPersistenceDataStructures.cs using Guid(c89376b60a9ff4b4d922b8d35778d386) Importer(2089858483,0ecaa5967403d082aa24f35e1b516d23) (ScriptedImporter) -> (artifact id: '9d3c946abf39a8a63c1579b949810506') in 0.0174602 seconds
Number of updated asset objects reloaded before import = 0Number of asset objects unloaded after import = 0

========================================================================
Received Import Request.
  Time since last request: 0.000041 seconds.
  path: Assets/LUTE/ThirdPartyAssets/LeanTween/Examples/Material/AlphBumps.mat
  artifactKey: Guid(12c720f1dd5674502bc1185ff99b70f9) Importer(2089858483,0ecaa5967403d082aa24f35e1b516d23)
Start importing Assets/LUTE/ThirdPartyAssets/LeanTween/Examples/Material/AlphBumps.mat using Guid(12c720f1dd5674502bc1185ff99b70f9) Importer(2089858483,0ecaa5967403d082aa24f35e1b516d23) (ScriptedImporter) -> (artifact id: '4133b379b0a87d594d0f3a6f46795235') in 0.0316393 seconds
Number of updated asset objects reloaded before import = 0Number of asset objects unloaded after import = 1

========================================================================
Received Import Request.
  Time since last request: 0.000021 seconds.
  path: Assets/LUTE/ThirdPartyAssets/LeanTween/Examples/Material/Mock2d.mat
  artifactKey: Guid(ab11516f0780f4d438844432fc7e8070) Importer(2089858483,0ecaa5967403d082aa24f35e1b516d23)
Start importing Assets/LUTE/ThirdPartyAssets/LeanTween/Examples/Material/Mock2d.mat using Guid(ab11516f0780f4d438844432fc7e8070) Importer(2089858483,0ecaa5967403d082aa24f35e1b516d23) (ScriptedImporter) -> (artifact id: 'ced1a74484eb6e0d91834698d0c69acc') in 0.032763 seconds
Number of updated asset objects reloaded before import = 0Number of asset objects unloaded after import = 1

========================================================================
Received Import Request.
  Time since last request: 0.000172 seconds.
  path: Assets/LUTE/ThirdPartyAssets/LeanTween/Examples/Scripts/GeneralUISpace.cs
  artifactKey: Guid(cc2ddccee016148b189d987f564ee08e) Importer(2089858483,0ecaa5967403d082aa24f35e1b516d23)
Start importing Assets/LUTE/ThirdPartyAssets/LeanTween/Examples/Scripts/GeneralUISpace.cs using Guid(cc2ddccee016148b189d987f564ee08e) Importer(2089858483,0ecaa5967403d082aa24f35e1b516d23) (ScriptedImporter) -> (artifact id: '8a8f7134960c201f48d631fdcbc0b8e1') in 0.0184681 seconds
Number of updated asset objects reloaded before import = 0Number of asset objects unloaded after import = 0

========================================================================
Received Import Request.
  Time since last request: 0.000045 seconds.
  path: Assets/LUTE/ThirdPartyAssets/LeanTween/Examples/Scenes/PathSplineEndless.unity
  artifactKey: Guid(2a7ce2e628c14472a9fb2af42917d270) Importer(2089858483,0ecaa5967403d082aa24f35e1b516d23)
Start importing Assets/LUTE/ThirdPartyAssets/LeanTween/Examples/Scenes/PathSplineEndless.unity using Guid(2a7ce2e628c14472a9fb2af42917d270) Importer(2089858483,0ecaa5967403d082aa24f35e1b516d23) (ScriptedImporter) -> (artifact id: '90b2216553b3a1d8bd2dfc92f55be03f') in 0.0141543 seconds
Number of updated asset objects reloaded before import = 0Number of asset objects unloaded after import = 1

========================================================================
Received Import Request.
  Time since last request: 0.000019 seconds.
  path: Assets/LUTE/ThirdPartyAssets/TextMesh Pro/Examples & Extras/Fonts/Bangers.ttf
  artifactKey: Guid(5dd49b3eacc540408c98eee0de38e0f1) Importer(2089858483,0ecaa5967403d082aa24f35e1b516d23)
Start importing Assets/LUTE/ThirdPartyAssets/TextMesh Pro/Examples & Extras/Fonts/Bangers.ttf using Guid(5dd49b3eacc540408c98eee0de38e0f1) Importer(2089858483,0ecaa5967403d082aa24f35e1b516d23) (ScriptedImporter) -> (artifact id: 'cdad4468fe177de8e6f3ec2b4cc1802b') in 0.0394265 seconds
Number of updated asset objects reloaded before import = 0Number of asset objects unloaded after import = 3

========================================================================
Received Import Request.
  Time since last request: 0.000016 seconds.
  path: Assets/LUTE/ThirdPartyAssets/TextMesh Pro/Examples & Extras/Fonts/Unity.ttf
  artifactKey: Guid(f4eec857a4fdf2f43be0e9f3d1a984e7) Importer(2089858483,0ecaa5967403d082aa24f35e1b516d23)
Start importing Assets/LUTE/ThirdPartyAssets/TextMesh Pro/Examples & Extras/Fonts/Unity.ttf using Guid(f4eec857a4fdf2f43be0e9f3d1a984e7) Importer(2089858483,0ecaa5967403d082aa24f35e1b516d23) (ScriptedImporter) -> (artifact id: '25e0d9799cf8e0593a59493d08260065') in 0.0343431 seconds
Number of updated asset objects reloaded before import = 0Number of asset objects unloaded after import = 3

========================================================================
Received Import Request.
  Time since last request: 0.000027 seconds.
  path: Assets/LUTE/ThirdPartyAssets/LeanTween/Examples/Material/PointMark.mat
  artifactKey: Guid(e77db49bc9fb6499290655245ce9bc95) Importer(2089858483,0ecaa5967403d082aa24f35e1b516d23)
Start importing Assets/LUTE/ThirdPartyAssets/LeanTween/Examples/Material/PointMark.mat using Guid(e77db49bc9fb6499290655245ce9bc95) Importer(2089858483,0ecaa5967403d082aa24f35e1b516d23) (ScriptedImporter) -> (artifact id: '96ecdbf0ea1d98c50910cc112b48c429') in 0.0266479 seconds
Number of updated asset objects reloaded before import = 0Number of asset objects unloaded after import = 1

========================================================================
Received Import Request.
  Time since last request: 0.000024 seconds.
  path: Assets/LUTE/ThirdPartyAssets/InventoryEngine/Scripts/Core/Inventory.cs
  artifactKey: Guid(286d1c3722a3a0749afb21ea8728d132) Importer(2089858483,0ecaa5967403d082aa24f35e1b516d23)
Start importing Assets/LUTE/ThirdPartyAssets/InventoryEngine/Scripts/Core/Inventory.cs using Guid(286d1c3722a3a0749afb21ea8728d132) Importer(2089858483,0ecaa5967403d082aa24f35e1b516d23) (ScriptedImporter) -> (artifact id: '59b137f26a1ee864f88a740680e755c0') in 0.019668 seconds
Number of updated asset objects reloaded before import = 0Number of asset objects unloaded after import = 0

========================================================================
Received Import Request.
  Time since last request: 0.000061 seconds.
  path: Assets/LUTE/ThirdPartyAssets/InventoryEngine/MMTools/MMSingletons/MMPersistentHumbleSingleton.cs
  artifactKey: Guid(1069bbd270ccb95489ac88d734abbf9e) Importer(2089858483,0ecaa5967403d082aa24f35e1b516d23)
Start importing Assets/LUTE/ThirdPartyAssets/InventoryEngine/MMTools/MMSingletons/MMPersistentHumbleSingleton.cs using Guid(1069bbd270ccb95489ac88d734abbf9e) Importer(2089858483,0ecaa5967403d082aa24f35e1b516d23) (ScriptedImporter) -> (artifact id: '1a803035d37dbd6ef6831589f45b23b9') in 0.0185108 seconds
Number of updated asset objects reloaded before import = 0Number of asset objects unloaded after import = 0

========================================================================
Received Import Request.
  Time since last request: 0.000584 seconds.
  path: Assets/LUTE/ThirdPartyAssets/LeanTween/Examples/Models/LeanTween-Icon.fbx
  artifactKey: Guid(6fc4240da91ab4747a411a8313faed53) Importer(2089858483,0ecaa5967403d082aa24f35e1b516d23)
Start importing Assets/LUTE/ThirdPartyAssets/LeanTween/Examples/Models/LeanTween-Icon.fbx using Guid(6fc4240da91ab4747a411a8313faed53) Importer(2089858483,0ecaa5967403d082aa24f35e1b516d23) (ScriptedImporter) -> (artifact id: 'a810fad6bc8ecf6174d331492bece586') in 0.0849617 seconds
Number of updated asset objects reloaded before import = 0Number of asset objects unloaded after import = 15

========================================================================
Received Import Request.
  Time since last request: 0.000023 seconds.
  path: Assets/LUTE/ThirdPartyAssets/LeanTween/Examples/Scenes/PathSplines.unity
  artifactKey: Guid(f7851b12d34d54ef0bc16d6d34318d75) Importer(2089858483,0ecaa5967403d082aa24f35e1b516d23)
Start importing Assets/LUTE/ThirdPartyAssets/LeanTween/Examples/Scenes/PathSplines.unity using Guid(f7851b12d34d54ef0bc16d6d34318d75) Importer(2089858483,0ecaa5967403d082aa24f35e1b516d23) (ScriptedImporter) -> (artifact id: '6c6bc14081780a08f5bb1a12c3b5d319') in 0.0175352 seconds
Number of updated asset objects reloaded before import = 0Number of asset objects unloaded after import = 1

========================================================================
Received Import Request.
  Time since last request: 0.000041 seconds.
  path: Assets/LUTE/ThirdPartyAssets/LeanTween/Examples/Scenes/GeneralSequencer.unity
  artifactKey: Guid(28ab900ace00b47e39ad8fef65f3170a) Importer(2089858483,0ecaa5967403d082aa24f35e1b516d23)
Start importing Assets/LUTE/ThirdPartyAssets/LeanTween/Examples/Scenes/GeneralSequencer.unity using Guid(28ab900ace00b47e39ad8fef65f3170a) Importer(2089858483,0ecaa5967403d082aa24f35e1b516d23) (ScriptedImporter) -> (artifact id: 'ec3edfb93f5f22542db854c63360674d') in 0.0182296 seconds
Number of updated asset objects reloaded before import = 0Number of asset objects unloaded after import = 1

========================================================================
Received Import Request.
  Time since last request: 0.000027 seconds.
  path: Assets/LUTE/ThirdPartyAssets/LeanTween/Examples/Scenes/PathSplineEndlessSettings.lighting
  artifactKey: Guid(799bfa2cd6151fd47ae8dea7f17b8b97) Importer(2089858483,0ecaa5967403d082aa24f35e1b516d23)
Start importing Assets/LUTE/ThirdPartyAssets/LeanTween/Examples/Scenes/PathSplineEndlessSettings.lighting using Guid(799bfa2cd6151fd47ae8dea7f17b8b97) Importer(2089858483,0ecaa5967403d082aa24f35e1b516d23) (ScriptedImporter) -> (artifact id: 'b720d14e8b8170a2273e9d28e871028c') in 0.0355693 seconds
Number of updated asset objects reloaded before import = 0Number of asset objects unloaded after import = 1

========================================================================
Received Import Request.
  Time since last request: 0.000026 seconds.
  path: Assets/LUTE/ThirdPartyAssets/InventoryEngine/MMTools/MMSaveLoad/MMSaveLoadManagerMethodJson.cs
  artifactKey: Guid(148ba46d50e5e7346a7ac051cf1b6617) Importer(2089858483,0ecaa5967403d082aa24f35e1b516d23)
Start importing Assets/LUTE/ThirdPartyAssets/InventoryEngine/MMTools/MMSaveLoad/MMSaveLoadManagerMethodJson.cs using Guid(148ba46d50e5e7346a7ac051cf1b6617) Importer(2089858483,0ecaa5967403d082aa24f35e1b516d23) (ScriptedImporter) -> (artifact id: 'd3904b6ba77de5d64d73759e766e29f6') in 0.0191111 seconds
Number of updated asset objects reloaded before import = 0Number of asset objects unloaded after import = 0

========================================================================
Received Import Request.
  Time since last request: 0.000055 seconds.
  path: Assets/LUTE/ThirdPartyAssets/LeanTween/Examples/Scenes/TestingUnitTests.unity
  artifactKey: Guid(22e1e363584e94ef6a9661ede1f4e358) Importer(2089858483,0ecaa5967403d082aa24f35e1b516d23)
Start importing Assets/LUTE/ThirdPartyAssets/LeanTween/Examples/Scenes/TestingUnitTests.unity using Guid(22e1e363584e94ef6a9661ede1f4e358) Importer(2089858483,0ecaa5967403d082aa24f35e1b516d23) (ScriptedImporter) -> (artifact id: '2ebb5eadc466777c0a78408cc64b943c') in 0.0185946 seconds
Number of updated asset objects reloaded before import = 0Number of asset objects unloaded after import = 1

========================================================================
Received Import Request.
  Time since last request: 0.000017 seconds.
  path: Assets/LUTE/ThirdPartyAssets/LeanTween/Examples/Scripts/Following.cs
  artifactKey: Guid(7e619db3c84234f098b8636588c25e4f) Importer(2089858483,0ecaa5967403d082aa24f35e1b516d23)
Start importing Assets/LUTE/ThirdPartyAssets/LeanTween/Examples/Scripts/Following.cs using Guid(7e619db3c84234f098b8636588c25e4f) Importer(2089858483,0ecaa5967403d082aa24f35e1b516d23) (ScriptedImporter) -> (artifact id: '46f2dc9ae0c103bb998c9a57fd4264ac') in 0.0209305 seconds
Number of updated asset objects reloaded before import = 0Number of asset objects unloaded after import = 0

========================================================================
Received Import Request.
  Time since last request: 0.000079 seconds.
  path: Assets/LUTE/ThirdPartyAssets/LeanTween/Examples/Scenes/GeneralBasics2dSettings.lighting
  artifactKey: Guid(bba21d20e38c58945aeda2446ec752b8) Importer(2089858483,0ecaa5967403d082aa24f35e1b516d23)
Start importing Assets/LUTE/ThirdPartyAssets/LeanTween/Examples/Scenes/GeneralBasics2dSettings.lighting using Guid(bba21d20e38c58945aeda2446ec752b8) Importer(2089858483,0ecaa5967403d082aa24f35e1b516d23) (ScriptedImporter) -> (artifact id: '6570e625b47780737289d9bf9dd56a42') in 0.0334675 seconds
Number of updated asset objects reloaded before import = 0Number of asset objects unloaded after import = 1

========================================================================
Received Import Request.
  Time since last request: 0.000018 seconds.
  path: Assets/LUTE/ThirdPartyAssets/LeanTween/Examples/Scenes/PathBezier.unity
  artifactKey: Guid(173c35c3d8996463384732672075da90) Importer(2089858483,0ecaa5967403d082aa24f35e1b516d23)
Start importing Assets/LUTE/ThirdPartyAssets/LeanTween/Examples/Scenes/PathBezier.unity using Guid(173c35c3d8996463384732672075da90) Importer(2089858483,0ecaa5967403d082aa24f35e1b516d23) (ScriptedImporter) -> (artifact id: 'e2b381f7e42be97d41dfc8f3cb29ef73') in 0.0174399 seconds
Number of updated asset objects reloaded before import = 0Number of asset objects unloaded after import = 1

========================================================================
Received Import Request.
  Time since last request: 0.000033 seconds.
  path: Assets/LUTE/ThirdPartyAssets/LeanTween/Examples/Scenes/PathSplinePerformance.unity
  artifactKey: Guid(924b0d7269de44f8398015b04e7ba081) Importer(2089858483,0ecaa5967403d082aa24f35e1b516d23)
Start importing Assets/LUTE/ThirdPartyAssets/LeanTween/Examples/Scenes/PathSplinePerformance.unity using Guid(924b0d7269de44f8398015b04e7ba081) Importer(2089858483,0ecaa5967403d082aa24f35e1b516d23) (ScriptedImporter) -> (artifact id: 'f4b3d7e152a58c4bcf5f5f28eee4262f') in 0.0174503 seconds
Number of updated asset objects reloaded before import = 0Number of asset objects unloaded after import = 1

========================================================================
Received Import Request.
  Time since last request: 0.000032 seconds.
  path: Assets/LUTE/ThirdPartyAssets/LeanTween/Examples/Material/Ground.mat
  artifactKey: Guid(c6784005974824c55b2b59b5bda24153) Importer(2089858483,0ecaa5967403d082aa24f35e1b516d23)
Start importing Assets/LUTE/ThirdPartyAssets/LeanTween/Examples/Material/Ground.mat using Guid(c6784005974824c55b2b59b5bda24153) Importer(2089858483,0ecaa5967403d082aa24f35e1b516d23) (ScriptedImporter) -> (artifact id: 'e9eebb2a80c224483302b4f102ad4c36') in 0.0296377 seconds
Number of updated asset objects reloaded before import = 0Number of asset objects unloaded after import = 1

========================================================================
Received Import Request.
  Time since last request: 0.000027 seconds.
  path: Assets/LUTE/ThirdPartyAssets/TextMesh Pro/Examples & Extras/Fonts/Oswald-Bold.ttf
  artifactKey: Guid(c9f6d0e7bc8541498c9a4799ba184ede) Importer(2089858483,0ecaa5967403d082aa24f35e1b516d23)
Start importing Assets/LUTE/ThirdPartyAssets/TextMesh Pro/Examples & Extras/Fonts/Oswald-Bold.ttf using Guid(c9f6d0e7bc8541498c9a4799ba184ede) Importer(2089858483,0ecaa5967403d082aa24f35e1b516d23) (ScriptedImporter) -> (artifact id: 'aea6d1bf84b38687a5d46548b6f583da') in 0.0349252 seconds
Number of updated asset objects reloaded before import = 0Number of asset objects unloaded after import = 3

========================================================================
Received Import Request.
  Time since last request: 0.000025 seconds.
  path: Assets/LUTE/ThirdPartyAssets/LeanTween/Examples/Scenes/GeneralEventsSettings.lighting
  artifactKey: Guid(a8ae14e8482d2174792ef6af69d31bca) Importer(2089858483,0ecaa5967403d082aa24f35e1b516d23)
Start importing Assets/LUTE/ThirdPartyAssets/LeanTween/Examples/Scenes/GeneralEventsSettings.lighting using Guid(a8ae14e8482d2174792ef6af69d31bca) Importer(2089858483,0ecaa5967403d082aa24f35e1b516d23) (ScriptedImporter) -> (artifact id: '8b3d4e131945ebdc097f11aa41b54cd6') in 0.0316606 seconds
Number of updated asset objects reloaded before import = 0Number of asset objects unloaded after import = 1

========================================================================
Received Import Request.
  Time since last request: 0.000023 seconds.
  path: Assets/LUTE/ThirdPartyAssets/LeanTween/Examples/Models/EndlessDrivingText.fbx
  artifactKey: Guid(6311d891eea1c406c941c23f9dfa5265) Importer(2089858483,0ecaa5967403d082aa24f35e1b516d23)
Start importing Assets/LUTE/ThirdPartyAssets/LeanTween/Examples/Models/EndlessDrivingText.fbx using Guid(6311d891eea1c406c941c23f9dfa5265) Importer(2089858483,0ecaa5967403d082aa24f35e1b516d23) (ScriptedImporter) -> (artifact id: '00286ba4022f17fdbcc7cf97ddcf0795') in 0.0417209 seconds
Number of updated asset objects reloaded before import = 0Number of asset objects unloaded after import = 7

========================================================================
Received Import Request.
  Time since last request: 0.000024 seconds.
  path: Assets/LUTE/ThirdPartyAssets/LeanTween/Documentation/classes/LTEvent.html
  artifactKey: Guid(2b8203605b4454b009a6fc1e269a8d50) Importer(2089858483,0ecaa5967403d082aa24f35e1b516d23)
Start importing Assets/LUTE/ThirdPartyAssets/LeanTween/Documentation/classes/LTEvent.html using Guid(2b8203605b4454b009a6fc1e269a8d50) Importer(2089858483,0ecaa5967403d082aa24f35e1b516d23) (ScriptedImporter) -> (artifact id: 'fc0315c30fe6d530c23976cb01cd39ae') in 0.041161 seconds
Number of updated asset objects reloaded before import = 0Number of asset objects unloaded after import = 1

========================================================================
Received Import Request.
  Time since last request: 0.000026 seconds.
  path: Assets/LUTE/ThirdPartyAssets/InventoryEngine/Sounds/DefaultSounds/EquipWav.wav
  artifactKey: Guid(e7ddd7fb9df7f3f488699f744ad29ba1) Importer(2089858483,0ecaa5967403d082aa24f35e1b516d23)
Start importing Assets/LUTE/ThirdPartyAssets/InventoryEngine/Sounds/DefaultSounds/EquipWav.wav using Guid(e7ddd7fb9df7f3f488699f744ad29ba1) Importer(2089858483,0ecaa5967403d082aa24f35e1b516d23) (ScriptedImporter) -> (artifact id: '83b1e0da620e7aea8e11011c103070be') in 0.0676324 seconds
Number of updated asset objects reloaded before import = 0Number of asset objects unloaded after import = 1

========================================================================
Received Import Request.
  Time since last request: 0.000018 seconds.
  path: Assets/LUTE/ThirdPartyAssets/LeanTween/Examples/Scenes/LogoCinematicSettings.lighting
  artifactKey: Guid(102b4b0c36d2a0d49aa75c81ff77067e) Importer(2089858483,0ecaa5967403d082aa24f35e1b516d23)
Start importing Assets/LUTE/ThirdPartyAssets/LeanTween/Examples/Scenes/LogoCinematicSettings.lighting using Guid(102b4b0c36d2a0d49aa75c81ff77067e) Importer(2089858483,0ecaa5967403d082aa24f35e1b516d23) (ScriptedImporter) -> (artifact id: 'b43117d2c8fb799238c0b2451625b6d6') in 0.0292858 seconds
Number of updated asset objects reloaded before import = 0Number of asset objects unloaded after import = 1

========================================================================
Received Import Request.
  Time since last request: 0.000033 seconds.
  path: Assets/LUTE/ThirdPartyAssets/LeanTween/Examples/Models/SimpleAvatarPieces.fbx
  artifactKey: Guid(f9f32fdb4bc7744849a33427aedb8702) Importer(2089858483,0ecaa5967403d082aa24f35e1b516d23)
Start importing Assets/LUTE/ThirdPartyAssets/LeanTween/Examples/Models/SimpleAvatarPieces.fbx using Guid(f9f32fdb4bc7744849a33427aedb8702) Importer(2089858483,0ecaa5967403d082aa24f35e1b516d23) (ScriptedImporter) -> (artifact id: 'ca25b701af6a9c761afd292b104c274a') in 0.1785189 seconds
Number of updated asset objects reloaded before import = 0Number of asset objects unloaded after import = 245

========================================================================
Received Import Request.
  Time since last request: 0.000034 seconds.
  path: Assets/LUTE/ThirdPartyAssets/LeanTween/Examples/Material/WalkingStick.mat
  artifactKey: Guid(3285d6d0bc506494b8fecba4d7aada26) Importer(2089858483,0ecaa5967403d082aa24f35e1b516d23)
Start importing Assets/LUTE/ThirdPartyAssets/LeanTween/Examples/Material/WalkingStick.mat using Guid(3285d6d0bc506494b8fecba4d7aada26) Importer(2089858483,0ecaa5967403d082aa24f35e1b516d23) (ScriptedImporter) -> (artifact id: '4ddfc2496219884effc4dc15b407f2ed') in 0.0752434 seconds
Number of updated asset objects reloaded before import = 0Number of asset objects unloaded after import = 1

========================================================================
Received Import Request.
  Time since last request: 0.000207 seconds.
  path: Assets/LUTE/ThirdPartyAssets/InventoryEngine/MMTools/MMSaveLoad/MMSaveLoadManagerMethodJsonEncrypted.cs
  artifactKey: Guid(8b50f078655cbd34fb69ee48182dbf37) Importer(2089858483,0ecaa5967403d082aa24f35e1b516d23)
Start importing Assets/LUTE/ThirdPartyAssets/InventoryEngine/MMTools/MMSaveLoad/MMSaveLoadManagerMethodJsonEncrypted.cs using Guid(8b50f078655cbd34fb69ee48182dbf37) Importer(2089858483,0ecaa5967403d082aa24f35e1b516d23) (ScriptedImporter) -> (artifact id: 'df9393023f3f4fa762973e2cab650baf') in 0.0196931 seconds
Number of updated asset objects reloaded before import = 0Number of asset objects unloaded after import = 0

========================================================================
Received Import Request.
  Time since last request: 0.000045 seconds.
  path: Assets/LUTE/ThirdPartyAssets/LeanTween/Testing/Scripts/LeanPool.cs
  artifactKey: Guid(d91eaf320032e4b1daa82aad9b7a98c5) Importer(2089858483,0ecaa5967403d082aa24f35e1b516d23)
Start importing Assets/LUTE/ThirdPartyAssets/LeanTween/Testing/Scripts/LeanPool.cs using Guid(d91eaf320032e4b1daa82aad9b7a98c5) Importer(2089858483,0ecaa5967403d082aa24f35e1b516d23) (ScriptedImporter) -> (artifact id: '29d8e66e1e371fbead0320479c752972') in 0.0204265 seconds
Number of updated asset objects reloaded before import = 0Number of asset objects unloaded after import = 0

========================================================================
Received Import Request.
  Time since last request: 0.000029 seconds.
  path: Assets/LUTE/ThirdPartyAssets/InventoryEngine/Scripts/Tests/InventoryTester.cs
  artifactKey: Guid(0ee6d2b1861fd204ab25ce27384aa4ef) Importer(2089858483,0ecaa5967403d082aa24f35e1b516d23)
Start importing Assets/LUTE/ThirdPartyAssets/InventoryEngine/Scripts/Tests/InventoryTester.cs using Guid(0ee6d2b1861fd204ab25ce27384aa4ef) Importer(2089858483,0ecaa5967403d082aa24f35e1b516d23) (ScriptedImporter) -> (artifact id: '46252c818fe824bc34cdd181eb87091b') in 0.0198015 seconds
Number of updated asset objects reloaded before import = 0Number of asset objects unloaded after import = 0

========================================================================
Received Import Request.
  Time since last request: 0.440594 seconds.
  path: Assets/LUTE/ThirdPartyAssets/TextMesh Pro/Examples & Extras/Scenes/07 - Superscript & Subscript Example.unity
  artifactKey: Guid(03ec435d4b7140e9b2d87f79136d8374) Importer(2089858483,0ecaa5967403d082aa24f35e1b516d23)
Start importing Assets/LUTE/ThirdPartyAssets/TextMesh Pro/Examples & Extras/Scenes/07 - Superscript & Subscript Example.unity using Guid(03ec435d4b7140e9b2d87f79136d8374) Importer(2089858483,0ecaa5967403d082aa24f35e1b516d23) (ScriptedImporter) -> (artifact id: '38ee6ee706c054acac04f261425edd80') in 0.0148805 seconds
Number of updated asset objects reloaded before import = 0Number of asset objects unloaded after import = 1

========================================================================
Received Import Request.
  Time since last request: 0.000018 seconds.
  path: Assets/LUTE_Starter Scenes/Mapbox/Examples/3_POIPlacement/Resources/poi-icon-arts.png
  artifactKey: Guid(808e85b573ffd4216a301aa2c9e1293f) Importer(2089858483,0ecaa5967403d082aa24f35e1b516d23)
Start importing Assets/LUTE_Starter Scenes/Mapbox/Examples/3_POIPlacement/Resources/poi-icon-arts.png using Guid(808e85b573ffd4216a301aa2c9e1293f) Importer(2089858483,0ecaa5967403d082aa24f35e1b516d23) (ScriptedImporter) -> (artifact id: 'a1907681c23d97f2fb273750df175c8f') in 0.0450378 seconds
Number of updated asset objects reloaded before import = 0Number of asset objects unloaded after import = 3

========================================================================
Received Import Request.
  Time since last request: 0.000021 seconds.
  path: Assets/LUTE_Starter Scenes/Mapbox/Examples/Resources/Assets/MapboxFloatingHollowPin.fbx
  artifactKey: Guid(435cd2a1db63b42dda6a1863dc48a7cc) Importer(2089858483,0ecaa5967403d082aa24f35e1b516d23)
Start importing Assets/LUTE_Starter Scenes/Mapbox/Examples/Resources/Assets/MapboxFloatingHollowPin.fbx using Guid(435cd2a1db63b42dda6a1863dc48a7cc) Importer(2089858483,0ecaa5967403d082aa24f35e1b516d23) (ScriptedImporter) -> (artifact id: '5b8134be8dc372daf1f8377ee9f9f37b') in 0.0688488 seconds
Number of updated asset objects reloaded before import = 0Number of asset objects unloaded after import = 10

========================================================================
Received Import Request.
  Time since last request: 0.000026 seconds.
  path: Assets/LUTE/ThirdPartyAssets/XRI/Settings/Resources/InteractionLayerSettings.asset
  artifactKey: Guid(fd5438c19752b084e8fb9d270cfe930c) Importer(2089858483,0ecaa5967403d082aa24f35e1b516d23)
Start importing Assets/LUTE/ThirdPartyAssets/XRI/Settings/Resources/InteractionLayerSettings.asset using Guid(fd5438c19752b084e8fb9d270cfe930c) Importer(2089858483,0ecaa5967403d082aa24f35e1b516d23) (ScriptedImporter) -> (artifact id: 'e6fe11de94f97cd99c3056c5bd4d3507') in 0.0432756 seconds
Number of updated asset objects reloaded before import = 0Number of asset objects unloaded after import = 1

========================================================================
Received Import Request.
  Time since last request: 0.000033 seconds.
  path: Assets/LUTE_Starter Scenes/Mapbox/Core/mapbox-sdk-cs/Map/TileErrorEventArgs.cs
  artifactKey: Guid(59c42a951767c4031966d5ae5c20a47a) Importer(2089858483,0ecaa5967403d082aa24f35e1b516d23)
Start importing Assets/LUTE_Starter Scenes/Mapbox/Core/mapbox-sdk-cs/Map/TileErrorEventArgs.cs using Guid(59c42a951767c4031966d5ae5c20a47a) Importer(2089858483,0ecaa5967403d082aa24f35e1b516d23) (ScriptedImporter) -> (artifact id: '43cd069e26bbb52283a85021fe189c66') in 0.0208379 seconds
Number of updated asset objects reloaded before import = 0Number of asset objects unloaded after import = 0

========================================================================
Received Import Request.
  Time since last request: 0.000046 seconds.
  path: Assets/LUTE_Starter Scenes/Mapbox/Examples/7_Globe/Screenshots/Globe.png
  artifactKey: Guid(31ea88f94a559415194f73d9ae78c4bb) Importer(2089858483,0ecaa5967403d082aa24f35e1b516d23)
Start importing Assets/LUTE_Starter Scenes/Mapbox/Examples/7_Globe/Screenshots/Globe.png using Guid(31ea88f94a559415194f73d9ae78c4bb) Importer(2089858483,0ecaa5967403d082aa24f35e1b516d23) (ScriptedImporter) -> (artifact id: '31cda7199bd2ce260cb5868180e76242') in 0.044348 seconds
Number of updated asset objects reloaded before import = 0Number of asset objects unloaded after import = 3

========================================================================
Received Import Request.
  Time since last request: 0.000029 seconds.
  path: Assets/LUTE_Starter Scenes/Mapbox/Examples/Resources/maki/cinema-15.png
  artifactKey: Guid(4e50a743209c88d46aebeb2a8c761b86) Importer(2089858483,0ecaa5967403d082aa24f35e1b516d23)
Start importing Assets/LUTE_Starter Scenes/Mapbox/Examples/Resources/maki/cinema-15.png using Guid(4e50a743209c88d46aebeb2a8c761b86) Importer(2089858483,0ecaa5967403d082aa24f35e1b516d23) (ScriptedImporter) -> (artifact id: 'c3ebc134b2ee5a1f39e944593ccbe1c3') in 0.0502572 seconds
Number of updated asset objects reloaded before import = 0Number of asset objects unloaded after import = 3

========================================================================
Received Import Request.
  Time since last request: 0.000021 seconds.
  path: Assets/LUTE_Starter Scenes/Mapbox/Examples/Resources/maki/heart-15.png
  artifactKey: Guid(818198d6da1f6d84db65f5dad172eeb4) Importer(2089858483,0ecaa5967403d082aa24f35e1b516d23)
Start importing Assets/LUTE_Starter Scenes/Mapbox/Examples/Resources/maki/heart-15.png using Guid(818198d6da1f6d84db65f5dad172eeb4) Importer(2089858483,0ecaa5967403d082aa24f35e1b516d23) (ScriptedImporter) -> (artifact id: '19ad41e329081c1a4a71761520f74ea3') in 0.0413503 seconds
Number of updated asset objects reloaded before import = 0Number of asset objects unloaded after import = 3

========================================================================
Received Import Request.
  Time since last request: 0.000113 seconds.
  path: Assets/LUTE/ThirdPartyAssets/TextMesh Pro/Examples & Extras/Scripts/Benchmark03.cs
  artifactKey: Guid(a73109742c8d47ac822895a473300c29) Importer(2089858483,0ecaa5967403d082aa24f35e1b516d23)
Start importing Assets/LUTE/ThirdPartyAssets/TextMesh Pro/Examples & Extras/Scripts/Benchmark03.cs using Guid(a73109742c8d47ac822895a473300c29) Importer(2089858483,0ecaa5967403d082aa24f35e1b516d23) (ScriptedImporter) -> (artifact id: 'acbf04eb759a4f9395a1ea7ea8790e2a') in 0.0181406 seconds
Number of updated asset objects reloaded before import = 0Number of asset objects unloaded after import = 0

========================================================================
Received Import Request.
  Time since last request: 0.000053 seconds.
  path: Assets/LUTE_Starter Scenes/Mapbox/Examples/4_ReplaceFeatures/Prefabs/Building Pivot.prefab
  artifactKey: Guid(c71927789464440f59ea08b68c2f1073) Importer(2089858483,0ecaa5967403d082aa24f35e1b516d23)
Start importing Assets/LUTE_Starter Scenes/Mapbox/Examples/4_ReplaceFeatures/Prefabs/Building Pivot.prefab using Guid(c71927789464440f59ea08b68c2f1073) Importer(2089858483,0ecaa5967403d082aa24f35e1b516d23) (ScriptedImporter) -> (artifact id: 'a33eac0e3950cddbaf1e6fc0765a3d05') in 0.0196247 seconds
Number of updated asset objects reloaded before import = 0Number of asset objects unloaded after import = 13

========================================================================
Received Import Request.
  Time since last request: 0.000035 seconds.
  path: Assets/LUTE/ThirdPartyAssets/XRI/Settings/Resources/XRDeviceSimulatorSettings.asset
  artifactKey: Guid(1c1ae219371d9e64892ea33fdbd81115) Importer(2089858483,0ecaa5967403d082aa24f35e1b516d23)
Start importing Assets/LUTE/ThirdPartyAssets/XRI/Settings/Resources/XRDeviceSimulatorSettings.asset using Guid(1c1ae219371d9e64892ea33fdbd81115) Importer(2089858483,0ecaa5967403d082aa24f35e1b516d23) (ScriptedImporter) -> (artifact id: '7d0db3228def529faed2b4b5746f8f4b') in 0.0409634 seconds
Number of updated asset objects reloaded before import = 0Number of asset objects unloaded after import = 1

========================================================================
Received Import Request.
  Time since last request: 0.000034 seconds.
  path: Assets/LUTE_Starter Scenes/Mapbox/Examples/Resources/maki/dentist-15.png
  artifactKey: Guid(2921798e98d01c3459536b3c2a0718d0) Importer(2089858483,0ecaa5967403d082aa24f35e1b516d23)
Start importing Assets/LUTE_Starter Scenes/Mapbox/Examples/Resources/maki/dentist-15.png using Guid(2921798e98d01c3459536b3c2a0718d0) Importer(2089858483,0ecaa5967403d082aa24f35e1b516d23) (ScriptedImporter) -> (artifact id: 'f5eb42edba782ed156ca72e6ca333b5b') in 0.0419786 seconds
Number of updated asset objects reloaded before import = 0Number of asset objects unloaded after import = 3

========================================================================
Received Import Request.
  Time since last request: 0.000049 seconds.
  path: Assets/LUTE_Starter Scenes/Mapbox/Examples/3_POIPlacement/Resources/poi-icon-nightlife.png
  artifactKey: Guid(88cacb42af7fe47338fa175ad6114e09) Importer(2089858483,0ecaa5967403d082aa24f35e1b516d23)
Start importing Assets/LUTE_Starter Scenes/Mapbox/Examples/3_POIPlacement/Resources/poi-icon-nightlife.png using Guid(88cacb42af7fe47338fa175ad6114e09) Importer(2089858483,0ecaa5967403d082aa24f35e1b516d23) (ScriptedImporter) -> (artifact id: 'a6f60e3070886c3145752494ba900ac1') in 0.0418921 seconds
Number of updated asset objects reloaded before import = 0Number of asset objects unloaded after import = 3

========================================================================
Received Import Request.
  Time since last request: 0.000017 seconds.
  path: Assets/LUTE_Starter Scenes/Mapbox/Examples/1_DataExplorer/Modules/ExplorerHeightModifier.asset
  artifactKey: Guid(59ecaf946bee51a41af2b279888f15bc) Importer(2089858483,0ecaa5967403d082aa24f35e1b516d23)
Start importing Assets/LUTE_Starter Scenes/Mapbox/Examples/1_DataExplorer/Modules/ExplorerHeightModifier.asset using Guid(59ecaf946bee51a41af2b279888f15bc) Importer(2089858483,0ecaa5967403d082aa24f35e1b516d23) (ScriptedImporter) -> (artifact id: 'a9ca8c029a797ee4b2a34291fc6506b5') in 0.0315105 seconds
Number of updated asset objects reloaded before import = 0Number of asset objects unloaded after import = 1

========================================================================
Received Import Request.
  Time since last request: 0.000021 seconds.
  path: Assets/LUTE_Starter Scenes/Mapbox/Examples/1_DataExplorer/Traffic/HeavyTrafficMaterial.asset
  artifactKey: Guid(fef7a9bd4475d2242b8651958b86df9d) Importer(2089858483,0ecaa5967403d082aa24f35e1b516d23)
Start importing Assets/LUTE_Starter Scenes/Mapbox/Examples/1_DataExplorer/Traffic/HeavyTrafficMaterial.asset using Guid(fef7a9bd4475d2242b8651958b86df9d) Importer(2089858483,0ecaa5967403d082aa24f35e1b516d23) (ScriptedImporter) -> (artifact id: '7fab00301d4efa4adbe9eb5ac0a88451') in 0.0203261 seconds
Number of updated asset objects reloaded before import = 0Number of asset objects unloaded after import = 2

========================================================================
Received Import Request.
  Time since last request: 0.000316 seconds.
  path: Assets/LUTE_Starter Scenes/Mapbox/Examples/1_DataExplorer/Traffic/LowTrafficMaterial.mat
  artifactKey: Guid(345209cc13279414db9639b2843ac3c1) Importer(2089858483,0ecaa5967403d082aa24f35e1b516d23)
Start importing Assets/LUTE_Starter Scenes/Mapbox/Examples/1_DataExplorer/Traffic/LowTrafficMaterial.mat using Guid(345209cc13279414db9639b2843ac3c1) Importer(2089858483,0ecaa5967403d082aa24f35e1b516d23) (ScriptedImporter) -> (artifact id: '3adc7d96196aeb849d0299bcc0b74cfd') in 0.0666031 seconds
Number of updated asset objects reloaded before import = 0Number of asset objects unloaded after import = 2

========================================================================
Received Import Request.
  Time since last request: 0.000027 seconds.
  path: Assets/LUTE_Starter Scenes/Mapbox/Examples/0_PrefabScenes/Location-basedGame/LightingData.asset
  artifactKey: Guid(bdf91b16b4d20f54cbfa01c114589cdd) Importer(2089858483,0ecaa5967403d082aa24f35e1b516d23)
Start importing Assets/LUTE_Starter Scenes/Mapbox/Examples/0_PrefabScenes/Location-basedGame/LightingData.asset using Guid(bdf91b16b4d20f54cbfa01c114589cdd) Importer(2089858483,0ecaa5967403d082aa24f35e1b516d23) (ScriptedImporter) -> (artifact id: '7b8a4793d0343335473078b1d717a5be') in 0.0366652 seconds
Number of updated asset objects reloaded before import = 0Number of asset objects unloaded after import = 2

========================================================================
Received Import Request.
  Time since last request: 0.000029 seconds.
  path: Assets/LUTE_Starter Scenes/Mapbox/Examples/0_PrefabScenes/Location-basedGame/ReflectionProbe-0.exr
  artifactKey: Guid(366c973584e17d547b914ec781150039) Importer(2089858483,0ecaa5967403d082aa24f35e1b516d23)
Start importing Assets/LUTE_Starter Scenes/Mapbox/Examples/0_PrefabScenes/Location-basedGame/ReflectionProbe-0.exr using Guid(366c973584e17d547b914ec781150039) Importer(2089858483,0ecaa5967403d082aa24f35e1b516d23) (ScriptedImporter) -> (artifact id: '0ea87884bf3ed2eba400392fb59134af') in 0.0463439 seconds
Number of updated asset objects reloaded before import = 0Number of asset objects unloaded after import = 1

========================================================================
Received Import Request.
  Time since last request: 0.000027 seconds.
  path: Assets/LUTE_Starter Scenes/Mapbox/Examples/Resources/maki/beer-15.png
  artifactKey: Guid(38d01da203407b74cad749c1d8681580) Importer(2089858483,0ecaa5967403d082aa24f35e1b516d23)
Start importing Assets/LUTE_Starter Scenes/Mapbox/Examples/Resources/maki/beer-15.png using Guid(38d01da203407b74cad749c1d8681580) Importer(2089858483,0ecaa5967403d082aa24f35e1b516d23) (ScriptedImporter) -> (artifact id: '74131eb7667045e5a868d21221853286') in 0.0343016 seconds
Number of updated asset objects reloaded before import = 0Number of asset objects unloaded after import = 3

========================================================================
Received Import Request.
  Time since last request: 0.000022 seconds.
  path: Assets/LUTE/ThirdPartyAssets/TextMesh Pro/Examples & Extras/Scenes/17 - Old Computer Terminal.unity
  artifactKey: Guid(3e2e4d7b0bed4cf9ab827e9f32448f69) Importer(2089858483,0ecaa5967403d082aa24f35e1b516d23)
Start importing Assets/LUTE/ThirdPartyAssets/TextMesh Pro/Examples & Extras/Scenes/17 - Old Computer Terminal.unity using Guid(3e2e4d7b0bed4cf9ab827e9f32448f69) Importer(2089858483,0ecaa5967403d082aa24f35e1b516d23) (ScriptedImporter) -> (artifact id: '456c1d3022c71a293d7735c57a798b23') in 0.01521 seconds
Number of updated asset objects reloaded before import = 0Number of asset objects unloaded after import = 1

========================================================================
Received Import Request.
  Time since last request: 0.000028 seconds.
  path: Assets/LUTE/ThirdPartyAssets/TextMesh Pro/Resources/Sprite Assets/EmojiOne.asset
  artifactKey: Guid(c41005c129ba4d66911b75229fd70b45) Importer(2089858483,0ecaa5967403d082aa24f35e1b516d23)
Start importing Assets/LUTE/ThirdPartyAssets/TextMesh Pro/Resources/Sprite Assets/EmojiOne.asset using Guid(c41005c129ba4d66911b75229fd70b45) Importer(2089858483,0ecaa5967403d082aa24f35e1b516d23) (ScriptedImporter) -> (artifact id: 'c9f08031f5286740a3a17800510b772c') in 0.0324866 seconds
Number of updated asset objects reloaded before import = 0Number of asset objects unloaded after import = 3

========================================================================
Received Import Request.
  Time since last request: 0.000023 seconds.
  path: Assets/LUTE_Starter Scenes/Mapbox/Examples/4_ReplaceFeatures/Textures/FuturisticBuilding [Albedo].png
  artifactKey: Guid(35f9d408432e04487bba4cd10a5e389a) Importer(2089858483,0ecaa5967403d082aa24f35e1b516d23)
Start importing Assets/LUTE_Starter Scenes/Mapbox/Examples/4_ReplaceFeatures/Textures/FuturisticBuilding [Albedo].png using Guid(35f9d408432e04487bba4cd10a5e389a) Importer(2089858483,0ecaa5967403d082aa24f35e1b516d23) (ScriptedImporter) -> (artifact id: '751f48c1ae9871b2323c8e339a2fd1dc') in 0.0420182 seconds
Number of updated asset objects reloaded before import = 0Number of asset objects unloaded after import = 1

========================================================================
Received Import Request.
  Time since last request: 0.000021 seconds.
  path: Assets/LUTE_Starter Scenes/Mapbox/Core/mapbox-sdk-cs/Directions/DirectionResource.cs
  artifactKey: Guid(78ecfcb30aefc4289b8d2a83619a2d89) Importer(2089858483,0ecaa5967403d082aa24f35e1b516d23)
Start importing Assets/LUTE_Starter Scenes/Mapbox/Core/mapbox-sdk-cs/Directions/DirectionResource.cs using Guid(78ecfcb30aefc4289b8d2a83619a2d89) Importer(2089858483,0ecaa5967403d082aa24f35e1b516d23) (ScriptedImporter) -> (artifact id: '5af6d6a8807a0ed8e152c276462037b3') in 0.024386 seconds
Number of updated asset objects reloaded before import = 0Number of asset objects unloaded after import = 0

========================================================================
Received Import Request.
  Time since last request: 0.000025 seconds.
  path: Assets/LUTE_Starter Scenes/Mapbox/Core/mapbox-sdk-cs/Map/ClassicRetinaRasterTile.cs
  artifactKey: Guid(83237273afa4e4a8a9a0600d8c694e38) Importer(2089858483,0ecaa5967403d082aa24f35e1b516d23)
Start importing Assets/LUTE_Starter Scenes/Mapbox/Core/mapbox-sdk-cs/Map/ClassicRetinaRasterTile.cs using Guid(83237273afa4e4a8a9a0600d8c694e38) Importer(2089858483,0ecaa5967403d082aa24f35e1b516d23) (ScriptedImporter) -> (artifact id: 'e466925a5f5b6a68357301b95ba2c440') in 0.0171541 seconds
Number of updated asset objects reloaded before import = 0Number of asset objects unloaded after import = 0

========================================================================
Received Import Request.
  Time since last request: 0.000050 seconds.
  path: Assets/LUTE_Starter Scenes/Mapbox/Core/Plugins/Android/support-core-ui-25.1.0.aar
  artifactKey: Guid(039af650ac259437e8c7929c7ee6728f) Importer(2089858483,0ecaa5967403d082aa24f35e1b516d23)
Start importing Assets/LUTE_Starter Scenes/Mapbox/Core/Plugins/Android/support-core-ui-25.1.0.aar using Guid(039af650ac259437e8c7929c7ee6728f) Importer(2089858483,0ecaa5967403d082aa24f35e1b516d23) (ScriptedImporter) -> (artifact id: '619bb74ca3c5244b4b29d2774cac9746') in 0.018858 seconds
Number of updated asset objects reloaded before import = 0Number of asset objects unloaded after import = 0

========================================================================
Received Import Request.
  Time since last request: 0.000058 seconds.
  path: Assets/LUTE_Starter Scenes/Mapbox/Examples/Resources/maki/doctor-15.png
  artifactKey: Guid(205e1b7165ed8fe459642908de62496e) Importer(2089858483,0ecaa5967403d082aa24f35e1b516d23)
Start importing Assets/LUTE_Starter Scenes/Mapbox/Examples/Resources/maki/doctor-15.png using Guid(205e1b7165ed8fe459642908de62496e) Importer(2089858483,0ecaa5967403d082aa24f35e1b516d23) (ScriptedImporter) -> (artifact id: '183e6ddbcfc1a761a2edef9541d0b234') in 0.0400918 seconds
Number of updated asset objects reloaded before import = 0Number of asset objects unloaded after import = 3

========================================================================
Received Import Request.
  Time since last request: 0.000023 seconds.
  path: Assets/LUTE/ThirdPartyAssets/TextMesh Pro/Examples & Extras/Textures/Floor Tiles 1 - diffuse.jpg
  artifactKey: Guid(85ac55597b97403c82fc6601a93cf241) Importer(2089858483,0ecaa5967403d082aa24f35e1b516d23)
Start importing Assets/LUTE/ThirdPartyAssets/TextMesh Pro/Examples & Extras/Textures/Floor Tiles 1 - diffuse.jpg using Guid(85ac55597b97403c82fc6601a93cf241) Importer(2089858483,0ecaa5967403d082aa24f35e1b516d23) (ScriptedImporter) -> (artifact id: 'b93e9de264c7e6b7da1dd32c7d9f292f') in 0.0343276 seconds
Number of updated asset objects reloaded before import = 0Number of asset objects unloaded after import = 1

========================================================================
Received Import Request.
  Time since last request: 0.000026 seconds.
  path: Assets/LUTE_Starter Scenes/Mapbox/Core/mapbox-sdk-cs/Map/Map.cs
  artifactKey: Guid(24bb3ef727dad4e1385a77beef324ff0) Importer(2089858483,0ecaa5967403d082aa24f35e1b516d23)
Start importing Assets/LUTE_Starter Scenes/Mapbox/Core/mapbox-sdk-cs/Map/Map.cs using Guid(24bb3ef727dad4e1385a77beef324ff0) Importer(2089858483,0ecaa5967403d082aa24f35e1b516d23) (ScriptedImporter) -> (artifact id: '2c94aa9386ecc632f365b1e2dc0b0ae0') in 0.0170252 seconds
Number of updated asset objects reloaded before import = 0Number of asset objects unloaded after import = 0

========================================================================
Received Import Request.
  Time since last request: 0.000058 seconds.
  path: Assets/LUTE_Starter Scenes/Mapbox/Examples/5_Playground/Scenes/ForwardGeocoder.unity
  artifactKey: Guid(9683d5465276540cd9a4c9e89d931293) Importer(2089858483,0ecaa5967403d082aa24f35e1b516d23)
Start importing Assets/LUTE_Starter Scenes/Mapbox/Examples/5_Playground/Scenes/ForwardGeocoder.unity using Guid(9683d5465276540cd9a4c9e89d931293) Importer(2089858483,0ecaa5967403d082aa24f35e1b516d23) (ScriptedImporter) -> (artifact id: 'cc8dee1ea619791cf15c5f039cdde7a0') in 0.0190801 seconds
Number of updated asset objects reloaded before import = 0Number of asset objects unloaded after import = 1

========================================================================
Received Import Request.
  Time since last request: 0.000022 seconds.
  path: Assets/LUTE_Starter Scenes/Mapbox/Core/mapbox-sdk-cs/MapMatching/MapMatchingResponse.cs
  artifactKey: Guid(6b0f824b73d2d8f41aeed79f2a15666d) Importer(2089858483,0ecaa5967403d082aa24f35e1b516d23)
Start importing Assets/LUTE_Starter Scenes/Mapbox/Core/mapbox-sdk-cs/MapMatching/MapMatchingResponse.cs using Guid(6b0f824b73d2d8f41aeed79f2a15666d) Importer(2089858483,0ecaa5967403d082aa24f35e1b516d23) (ScriptedImporter) -> (artifact id: 'b920e94ca8853d2c885eb04801387cf6') in 0.0188469 seconds
Number of updated asset objects reloaded before import = 0Number of asset objects unloaded after import = 0

========================================================================
Received Import Request.
  Time since last request: 0.000024 seconds.
  path: Assets/LUTE_Starter Scenes/Mapbox/Core/mapbox-sdk-cs/Directions/Directions.cs
  artifactKey: Guid(a4fc862e3db034a0b8591a58cd15afdc) Importer(2089858483,0ecaa5967403d082aa24f35e1b516d23)
Start importing Assets/LUTE_Starter Scenes/Mapbox/Core/mapbox-sdk-cs/Directions/Directions.cs using Guid(a4fc862e3db034a0b8591a58cd15afdc) Importer(2089858483,0ecaa5967403d082aa24f35e1b516d23) (ScriptedImporter) -> (artifact id: '925daa361deaa756ae06f1c0079fb527') in 0.0213024 seconds
Number of updated asset objects reloaded before import = 0Number of asset objects unloaded after import = 0

========================================================================
Received Import Request.
  Time since last request: 0.000073 seconds.
  path: Assets/LUTE_Starter Scenes/Mapbox/Core/Plugins/Android/okio-1.13.0.jar
  artifactKey: Guid(3bf40023b8d50c0438abda790c4fc791) Importer(2089858483,0ecaa5967403d082aa24f35e1b516d23)
Start importing Assets/LUTE_Starter Scenes/Mapbox/Core/Plugins/Android/okio-1.13.0.jar using Guid(3bf40023b8d50c0438abda790c4fc791) Importer(2089858483,0ecaa5967403d082aa24f35e1b516d23) (ScriptedImporter) -> (artifact id: '60f6bdabffa78c714b8e7775a71ab572') in 0.0216752 seconds
Number of updated asset objects reloaded before import = 0Number of asset objects unloaded after import = 0

========================================================================
Received Import Request.
  Time since last request: 0.000040 seconds.
  path: Assets/LUTE/ThirdPartyAssets/TextMesh Pro/Examples & Extras/Scripts/TMPro_InstructionOverlay.cs
  artifactKey: Guid(c3c1afeda5e545e0b19add5373896d2e) Importer(2089858483,0ecaa5967403d082aa24f35e1b516d23)
Start importing Assets/LUTE/ThirdPartyAssets/TextMesh Pro/Examples & Extras/Scripts/TMPro_InstructionOverlay.cs using Guid(c3c1afeda5e545e0b19add5373896d2e) Importer(2089858483,0ecaa5967403d082aa24f35e1b516d23) (ScriptedImporter) -> (artifact id: '6327dc7cf4e2591494499b2435c165fc') in 0.0220591 seconds
Number of updated asset objects reloaded before import = 0Number of asset objects unloaded after import = 0

========================================================================
Received Import Request.
  Time since last request: 0.000108 seconds.
  path: Assets/LUTE_Starter Scenes/Mapbox/Core/mapbox-sdk-cs/Geocoding/Geocoder.cs
  artifactKey: Guid(d304b174589dd496993060116409b23c) Importer(2089858483,0ecaa5967403d082aa24f35e1b516d23)
Start importing Assets/LUTE_Starter Scenes/Mapbox/Core/mapbox-sdk-cs/Geocoding/Geocoder.cs using Guid(d304b174589dd496993060116409b23c) Importer(2089858483,0ecaa5967403d082aa24f35e1b516d23) (ScriptedImporter) -> (artifact id: 'e4d2cce364f24f41b98263e94b2bd39b') in 0.0174119 seconds
Number of updated asset objects reloaded before import = 0Number of asset objects unloaded after import = 0

========================================================================
Received Import Request.
  Time since last request: 0.000280 seconds.
  path: Assets/LUTE_Starter Scenes/Mapbox/Core/Plugins/Android/animated-vector-drawable-25.1.0.aar
  artifactKey: Guid(8dfdf5ea5fe324ed1bc8d2be7c19fae5) Importer(2089858483,0ecaa5967403d082aa24f35e1b516d23)
Start importing Assets/LUTE_Starter Scenes/Mapbox/Core/Plugins/Android/animated-vector-drawable-25.1.0.aar using Guid(8dfdf5ea5fe324ed1bc8d2be7c19fae5) Importer(2089858483,0ecaa5967403d082aa24f35e1b516d23) (ScriptedImporter) -> (artifact id: 'c1a6273c2927d5fcf91f608698824393') in 0.0204157 seconds
Number of updated asset objects reloaded before import = 0Number of asset objects unloaded after import = 0

========================================================================
Received Import Request.
  Time since last request: 0.000056 seconds.
  path: Assets/LUTE_Starter Scenes/Mapbox/Core/mapbox-sdk-cs/Map/ClassicRasterTile.cs
  artifactKey: Guid(26ff02ff702b3417b9d4514af452c64f) Importer(2089858483,0ecaa5967403d082aa24f35e1b516d23)
Start importing Assets/LUTE_Starter Scenes/Mapbox/Core/mapbox-sdk-cs/Map/ClassicRasterTile.cs using Guid(26ff02ff702b3417b9d4514af452c64f) Importer(2089858483,0ecaa5967403d082aa24f35e1b516d23) (ScriptedImporter) -> (artifact id: '2a29e7d97247d9e389c4fa1a87d9a3ba') in 0.0180691 seconds
Number of updated asset objects reloaded before import = 0Number of asset objects unloaded after import = 0

========================================================================
Received Import Request.
  Time since last request: 0.000070 seconds.
  path: Assets/LUTE/ThirdPartyAssets/TextMesh Pro/Examples & Extras/Scripts/ChatController.cs
  artifactKey: Guid(53d91f98a2664f5cb9af11de72ac54ec) Importer(2089858483,0ecaa5967403d082aa24f35e1b516d23)
Start importing Assets/LUTE/ThirdPartyAssets/TextMesh Pro/Examples & Extras/Scripts/ChatController.cs using Guid(53d91f98a2664f5cb9af11de72ac54ec) Importer(2089858483,0ecaa5967403d082aa24f35e1b516d23) (ScriptedImporter) -> (artifact id: '98ae315146b0ffed6924ff269c67b154') in 0.0170831 seconds
Number of updated asset objects reloaded before import = 0Number of asset objects unloaded after import = 0

========================================================================
Received Import Request.
  Time since last request: 0.000041 seconds.
  path: Assets/LUTE/ThirdPartyAssets/TextMesh Pro/Examples & Extras/Scenes/16 - Linked text overflow mode example.unity
  artifactKey: Guid(9442cda25baa4a0bb544c4d095b00caa) Importer(2089858483,0ecaa5967403d082aa24f35e1b516d23)
Start importing Assets/LUTE/ThirdPartyAssets/TextMesh Pro/Examples & Extras/Scenes/16 - Linked text overflow mode example.unity using Guid(9442cda25baa4a0bb544c4d095b00caa) Importer(2089858483,0ecaa5967403d082aa24f35e1b516d23) (ScriptedImporter) -> (artifact id: 'a06f4a3f85dfefdd533cde7368015ab8') in 0.0149366 seconds
Number of updated asset objects reloaded before import = 0Number of asset objects unloaded after import = 1

========================================================================
Received Import Request.
  Time since last request: 0.000024 seconds.
  path: Assets/LUTE/ThirdPartyAssets/TextMesh Pro/Examples & Extras/Scripts/TMP_TextEventHandler.cs
  artifactKey: Guid(1312ae25639a4bae8e25ae223209cc50) Importer(2089858483,0ecaa5967403d082aa24f35e1b516d23)
Start importing Assets/LUTE/ThirdPartyAssets/TextMesh Pro/Examples & Extras/Scripts/TMP_TextEventHandler.cs using Guid(1312ae25639a4bae8e25ae223209cc50) Importer(2089858483,0ecaa5967403d082aa24f35e1b516d23) (ScriptedImporter) -> (artifact id: 'aa3543c4e660f8d78de4526b2ad6a75d') in 0.0158508 seconds
Number of updated asset objects reloaded before import = 0Number of asset objects unloaded after import = 0

========================================================================
Received Import Request.
  Time since last request: 0.000019 seconds.
  path: Assets/LUTE/ThirdPartyAssets/TextMesh Pro/Examples & Extras/Scenes/12a - Text Interactions.unity
  artifactKey: Guid(08572ab7713642c8a60789750f0bce5c) Importer(2089858483,0ecaa5967403d082aa24f35e1b516d23)
Start importing Assets/LUTE/ThirdPartyAssets/TextMesh Pro/Examples & Extras/Scenes/12a - Text Interactions.unity using Guid(08572ab7713642c8a60789750f0bce5c) Importer(2089858483,0ecaa5967403d082aa24f35e1b516d23) (ScriptedImporter) -> (artifact id: '1adfda61d97e4697aef34c45e4439f8c') in 0.0156685 seconds
Number of updated asset objects reloaded before import = 0Number of asset objects unloaded after import = 1

========================================================================
Received Import Request.
  Time since last request: 0.000021 seconds.
  path: Assets/LUTE/ThirdPartyAssets/TextMesh Pro/Examples & Extras/Scripts/TMP_DigitValidator.cs
  artifactKey: Guid(1a7eb92a01ed499a987bde9def05fbce) Importer(2089858483,0ecaa5967403d082aa24f35e1b516d23)
Start importing Assets/LUTE/ThirdPartyAssets/TextMesh Pro/Examples & Extras/Scripts/TMP_DigitValidator.cs using Guid(1a7eb92a01ed499a987bde9def05fbce) Importer(2089858483,0ecaa5967403d082aa24f35e1b516d23) (ScriptedImporter) -> (artifact id: 'ab27501344c091808a0b62e421066e01') in 0.0224448 seconds
Number of updated asset objects reloaded before import = 0Number of asset objects unloaded after import = 0

========================================================================
Received Import Request.
  Time since last request: 0.000054 seconds.
  path: Assets/LUTE/ThirdPartyAssets/WoLfulus/LineEnding/Editor/LogEntry.cs
  artifactKey: Guid(ef774846cf2b8b2409ad3a7a2334828e) Importer(2089858483,0ecaa5967403d082aa24f35e1b516d23)
Start importing Assets/LUTE/ThirdPartyAssets/WoLfulus/LineEnding/Editor/LogEntry.cs using Guid(ef774846cf2b8b2409ad3a7a2334828e) Importer(2089858483,0ecaa5967403d082aa24f35e1b516d23) (ScriptedImporter) -> (artifact id: '9417754cc35e0ec65c562b02d19cc5f7') in 0.0238426 seconds
Number of updated asset objects reloaded before import = 0Number of asset objects unloaded after import = 0

========================================================================
Received Import Request.
  Time since last request: 0.000067 seconds.
  path: Assets/LUTE_Starter Scenes/Mapbox/Examples/3_POIPlacement/Modifiers/ShopPoiLabelModifier.asset
  artifactKey: Guid(535e01727644e411f852954088a59281) Importer(2089858483,0ecaa5967403d082aa24f35e1b516d23)
Start importing Assets/LUTE_Starter Scenes/Mapbox/Examples/3_POIPlacement/Modifiers/ShopPoiLabelModifier.asset using Guid(535e01727644e411f852954088a59281) Importer(2089858483,0ecaa5967403d082aa24f35e1b516d23) (ScriptedImporter) -> (artifact id: '06704d165aea77f8288d7af1ac5bee42') in 0.0319186 seconds
Number of updated asset objects reloaded before import = 0Number of asset objects unloaded after import = 1

========================================================================
Received Import Request.
  Time since last request: 0.000023 seconds.
  path: Assets/LUTE_Starter Scenes/Mapbox/Core/mapbox-sdk-cs/Utils/IObservable.cs
  artifactKey: Guid(9a29c46baf3924f1b9d848459974aedb) Importer(2089858483,0ecaa5967403d082aa24f35e1b516d23)
Start importing Assets/LUTE_Starter Scenes/Mapbox/Core/mapbox-sdk-cs/Utils/IObservable.cs using Guid(9a29c46baf3924f1b9d848459974aedb) Importer(2089858483,0ecaa5967403d082aa24f35e1b516d23) (ScriptedImporter) -> (artifact id: 'e60c4dd6fbbbf00a837041c9453d6245') in 0.0180323 seconds
Number of updated asset objects reloaded before import = 0Number of asset objects unloaded after import = 0

========================================================================
Received Import Request.
  Time since last request: 0.000056 seconds.
  path: Assets/LUTE_Starter Scenes/Mapbox/Core/Plugins/Android/appcompat-v7-25.1.0.aar
  artifactKey: Guid(73194dfc41e074142a2b6f12dbc17753) Importer(2089858483,0ecaa5967403d082aa24f35e1b516d23)
Start importing Assets/LUTE_Starter Scenes/Mapbox/Core/Plugins/Android/appcompat-v7-25.1.0.aar using Guid(73194dfc41e074142a2b6f12dbc17753) Importer(2089858483,0ecaa5967403d082aa24f35e1b516d23) (ScriptedImporter) -> (artifact id: '934ec8accdf2e17b9239ec5706ae8bb8') in 0.0218296 seconds
Number of updated asset objects reloaded before import = 0Number of asset objects unloaded after import = 0

========================================================================
Received Import Request.
  Time since last request: 0.000179 seconds.
  path: Assets/LUTE_Starter Scenes/Mapbox/Examples/1_DataExplorer/Traffic/SevereTrafficMaterial.asset
  artifactKey: Guid(b8a01f6fb6a5da1448922c6c4a57b630) Importer(2089858483,0ecaa5967403d082aa24f35e1b516d23)
Start importing Assets/LUTE_Starter Scenes/Mapbox/Examples/1_DataExplorer/Traffic/SevereTrafficMaterial.asset using Guid(b8a01f6fb6a5da1448922c6c4a57b630) Importer(2089858483,0ecaa5967403d082aa24f35e1b516d23) (ScriptedImporter) -> (artifact id: '5bdbd6164c747196d3cf06936b6b8552') in 0.0215595 seconds
Number of updated asset objects reloaded before import = 0Number of asset objects unloaded after import = 2

========================================================================
Received Import Request.
  Time since last request: 0.000023 seconds.
  path: Assets/LUTE_Starter Scenes/Sprites/CharacterHeads/Animals/Round without details (outline)/snake.png
  artifactKey: Guid(630cb2117efbda9429c585817b7bc078) Importer(2089858483,0ecaa5967403d082aa24f35e1b516d23)
Start importing Assets/LUTE_Starter Scenes/Sprites/CharacterHeads/Animals/Round without details (outline)/snake.png using Guid(630cb2117efbda9429c585817b7bc078) Importer(2089858483,0ecaa5967403d082aa24f35e1b516d23) (ScriptedImporter) -> (artifact id: '06637d3f38fd09788bc6c0239e113a0d') in 0.0394895 seconds
Number of updated asset objects reloaded before import = 0Number of asset objects unloaded after import = 3

========================================================================
Received Import Request.
  Time since last request: 0.000023 seconds.
  path: Assets/LUTE_Starter Scenes/Mapbox/Unity/Location/UnityLocationWrappers/IMapboxLocationService.cs
  artifactKey: Guid(06b9053759d45444dafd119c1e56d6ad) Importer(2089858483,0ecaa5967403d082aa24f35e1b516d23)
Start importing Assets/LUTE_Starter Scenes/Mapbox/Unity/Location/UnityLocationWrappers/IMapboxLocationService.cs using Guid(06b9053759d45444dafd119c1e56d6ad) Importer(2089858483,0ecaa5967403d082aa24f35e1b516d23) (ScriptedImporter) -> (artifact id: 'f523e41db5092ec9996b505190fe2fcd') in 0.0179582 seconds
Number of updated asset objects reloaded before import = 0Number of asset objects unloaded after import = 0

========================================================================
Received Import Request.
  Time since last request: 0.000042 seconds.
  path: Assets/LUTE_Starter Scenes/Mapbox/Unity/Location/UnityLocationWrappers/IMapboxLocationInfo.cs
  artifactKey: Guid(47359cd2008e00a40bf984d7901ad818) Importer(2089858483,0ecaa5967403d082aa24f35e1b516d23)
Start importing Assets/LUTE_Starter Scenes/Mapbox/Unity/Location/UnityLocationWrappers/IMapboxLocationInfo.cs using Guid(47359cd2008e00a40bf984d7901ad818) Importer(2089858483,0ecaa5967403d082aa24f35e1b516d23) (ScriptedImporter) -> (artifact id: 'a077b3623b5392b292598d5eb9810cff') in 0.0272828 seconds
Number of updated asset objects reloaded before import = 0Number of asset objects unloaded after import = 0

========================================================================
Received Import Request.
  Time since last request: 0.000057 seconds.
  path: Assets/LUTE_Starter Scenes/Scenes/Games/AR/Events/PoseEventAsset.cs
  artifactKey: Guid(5dfbebecd21c09049b43aea05d0fbcb7) Importer(2089858483,0ecaa5967403d082aa24f35e1b516d23)
Start importing Assets/LUTE_Starter Scenes/Scenes/Games/AR/Events/PoseEventAsset.cs using Guid(5dfbebecd21c09049b43aea05d0fbcb7) Importer(2089858483,0ecaa5967403d082aa24f35e1b516d23) (ScriptedImporter) -> (artifact id: 'f29502bc48eb1e9552510cb9472a9431') in 0.01869 seconds
Number of updated asset objects reloaded before import = 0Number of asset objects unloaded after import = 0

========================================================================
Received Import Request.
  Time since last request: 0.000100 seconds.
  path: Assets/LUTE_Starter Scenes/Scenes/Games/AR/InputActions/Input Action References.asset
  artifactKey: Guid(b34b164b5e4903e4a941de3835062e79) Importer(2089858483,0ecaa5967403d082aa24f35e1b516d23)
Start importing Assets/LUTE_Starter Scenes/Scenes/Games/AR/InputActions/Input Action References.asset using Guid(b34b164b5e4903e4a941de3835062e79) Importer(2089858483,0ecaa5967403d082aa24f35e1b516d23) (ScriptedImporter) -> (artifact id: 'e648b3714c343a3e82338bd1b4a0a202') in 0.2354324 seconds
Number of updated asset objects reloaded before import = 0Number of asset objects unloaded after import = 11

========================================================================
Received Import Request.
  Time since last request: 0.000026 seconds.
  path: Assets/LUTE_Starter Scenes/Mapbox/Unity/Utilities/DebugTools/ScenesList.cs
  artifactKey: Guid(c331d4375e95e4050aadbf5ed3492bba) Importer(2089858483,0ecaa5967403d082aa24f35e1b516d23)
Start importing Assets/LUTE_Starter Scenes/Mapbox/Unity/Utilities/DebugTools/ScenesList.cs using Guid(c331d4375e95e4050aadbf5ed3492bba) Importer(2089858483,0ecaa5967403d082aa24f35e1b516d23) (ScriptedImporter) -> (artifact id: 'fc68aac6044d54282b969485b0378275') in 0.0183908 seconds
Number of updated asset objects reloaded before import = 0Number of asset objects unloaded after import = 0

========================================================================
Received Import Request.
  Time since last request: 0.000371 seconds.
  path: Assets/LUTE_Starter Scenes/Scenes/Games/AR/Textures/BUMural.jpg
  artifactKey: Guid(86c1f7b87cc68d84885de51f2e7108da) Importer(2089858483,0ecaa5967403d082aa24f35e1b516d23)
Start importing Assets/LUTE_Starter Scenes/Scenes/Games/AR/Textures/BUMural.jpg using Guid(86c1f7b87cc68d84885de51f2e7108da) Importer(2089858483,0ecaa5967403d082aa24f35e1b516d23) (ScriptedImporter) -> (artifact id: '82554ef50bee9498fe97d9caa2d1e125') in 0.0702012 seconds
Number of updated asset objects reloaded before import = 0Number of asset objects unloaded after import = 3

========================================================================
Received Import Request.
  Time since last request: 0.000021 seconds.
  path: Assets/LUTE_Starter Scenes/Mapbox/Unity/MeshGeneration/Data/KdTreeCollection.cs
  artifactKey: Guid(82ed8ed837e25084bbe8a37d53c5b77b) Importer(2089858483,0ecaa5967403d082aa24f35e1b516d23)
Start importing Assets/LUTE_Starter Scenes/Mapbox/Unity/MeshGeneration/Data/KdTreeCollection.cs using Guid(82ed8ed837e25084bbe8a37d53c5b77b) Importer(2089858483,0ecaa5967403d082aa24f35e1b516d23) (ScriptedImporter) -> (artifact id: '3bf1afedf060c9a42a661d4eeac69161') in 0.0258273 seconds
Number of updated asset objects reloaded before import = 0Number of asset objects unloaded after import = 0

========================================================================
Received Import Request.
  Time since last request: 0.000142 seconds.
  path: Assets/LUTE_Starter Scenes/Mapbox/Unity/MeshGeneration/Components/VertexDebugger.cs
  artifactKey: Guid(74c6dd1076bc8954dad41ed4206c598d) Importer(2089858483,0ecaa5967403d082aa24f35e1b516d23)
Start importing Assets/LUTE_Starter Scenes/Mapbox/Unity/MeshGeneration/Components/VertexDebugger.cs using Guid(74c6dd1076bc8954dad41ed4206c598d) Importer(2089858483,0ecaa5967403d082aa24f35e1b516d23) (ScriptedImporter) -> (artifact id: '1d3299ffc228ea2009fc08d5ed57cf6d') in 0.0195548 seconds
Number of updated asset objects reloaded before import = 0Number of asset objects unloaded after import = 0

========================================================================
Received Import Request.
  Time since last request: 0.000450 seconds.
  path: Assets/LUTE_Starter Scenes/Mapbox/Resources/HeroStructures/Prefabs/CoitTower.prefab
  artifactKey: Guid(2cb306508c053344ea5fbc519cdcff79) Importer(2089858483,0ecaa5967403d082aa24f35e1b516d23)
Start importing Assets/LUTE_Starter Scenes/Mapbox/Resources/HeroStructures/Prefabs/CoitTower.prefab using Guid(2cb306508c053344ea5fbc519cdcff79) Importer(2089858483,0ecaa5967403d082aa24f35e1b516d23) (ScriptedImporter) -> (artifact id: '19ccc805f00633b87ec078854e47ec15') in 0.0313792 seconds
Number of updated asset objects reloaded before import = 0Number of asset objects unloaded after import = 7

========================================================================
Received Import Request.
  Time since last request: 0.000026 seconds.
  path: Assets/LUTE_Starter Scenes/Mapbox/Resources/Mapbox/PrefabScreens/CitySimulator.gif
  artifactKey: Guid(53e90d032a2624ab1801469b8ce804e4) Importer(2089858483,0ecaa5967403d082aa24f35e1b516d23)
Start importing Assets/LUTE_Starter Scenes/Mapbox/Resources/Mapbox/PrefabScreens/CitySimulator.gif using Guid(53e90d032a2624ab1801469b8ce804e4) Importer(2089858483,0ecaa5967403d082aa24f35e1b516d23) (ScriptedImporter) -> (artifact id: 'c1e329dd1e6e2e6ba2b19e074fe0c4ba') in 0.0338332 seconds
Number of updated asset objects reloaded before import = 0Number of asset objects unloaded after import = 3

========================================================================
Received Import Request.
  Time since last request: 0.000021 seconds.
  path: Assets/LUTE_Starter Scenes/Scenes/Games/AR/Scripts/InteractorEvent.cs
  artifactKey: Guid(5a1f86fb64a70e14483d50ecfd7b560b) Importer(2089858483,0ecaa5967403d082aa24f35e1b516d23)
Start importing Assets/LUTE_Starter Scenes/Scenes/Games/AR/Scripts/InteractorEvent.cs using Guid(5a1f86fb64a70e14483d50ecfd7b560b) Importer(2089858483,0ecaa5967403d082aa24f35e1b516d23) (ScriptedImporter) -> (artifact id: '771a9cfd5325f898c7aae0e5d2cfd52b') in 0.019499 seconds
Number of updated asset objects reloaded before import = 0Number of asset objects unloaded after import = 0

========================================================================
Received Import Request.
  Time since last request: 0.000043 seconds.
  path: Assets/LUTE_Starter Scenes/Mapbox/Unity/Editor/PropertyDrawers/GeometryMaterialOptionsDrawer.cs
  artifactKey: Guid(e8e9adb2cd7094d48acbefb75a01436b) Importer(2089858483,0ecaa5967403d082aa24f35e1b516d23)
Start importing Assets/LUTE_Starter Scenes/Mapbox/Unity/Editor/PropertyDrawers/GeometryMaterialOptionsDrawer.cs using Guid(e8e9adb2cd7094d48acbefb75a01436b) Importer(2089858483,0ecaa5967403d082aa24f35e1b516d23) (ScriptedImporter) -> (artifact id: 'e288b4440cd6bb821a44d6187a407e87') in 0.0192779 seconds
Number of updated asset objects reloaded before import = 0Number of asset objects unloaded after import = 0

========================================================================
Received Import Request.
  Time since last request: 0.000063 seconds.
  path: Assets/LUTE_Starter Scenes/Mapbox/Unity/MeshGeneration/Factories/TileProcessFinishedEventArgs.cs
  artifactKey: Guid(2e9e504493544ff4baa22317cd678f87) Importer(2089858483,0ecaa5967403d082aa24f35e1b516d23)
Start importing Assets/LUTE_Starter Scenes/Mapbox/Unity/MeshGeneration/Factories/TileProcessFinishedEventArgs.cs using Guid(2e9e504493544ff4baa22317cd678f87) Importer(2089858483,0ecaa5967403d082aa24f35e1b516d23) (ScriptedImporter) -> (artifact id: '79cc0a511d2d7504a5ea24431c649bf1') in 0.0191283 seconds
Number of updated asset objects reloaded before import = 0Number of asset objects unloaded after import = 0

========================================================================
Received Import Request.
  Time since last request: 0.000025 seconds.
  path: Assets/LUTE_Starter Scenes/Mapbox/Examples/Resources/maki/skiing-15.png
  artifactKey: Guid(66d1cceae098bc24fa8232e4a5eff25e) Importer(2089858483,0ecaa5967403d082aa24f35e1b516d23)
Start importing Assets/LUTE_Starter Scenes/Mapbox/Examples/Resources/maki/skiing-15.png using Guid(66d1cceae098bc24fa8232e4a5eff25e) Importer(2089858483,0ecaa5967403d082aa24f35e1b516d23) (ScriptedImporter) -> (artifact id: '505b1f1c040d0bd11956927391f8b7b1') in 0.0414391 seconds
Number of updated asset objects reloaded before import = 0Number of asset objects unloaded after import = 3

========================================================================
Received Import Request.
  Time since last request: 0.000021 seconds.
  path: Assets/LUTE_Starter Scenes/Mapbox/Examples/Resources/maki/square-15.png
  artifactKey: Guid(d20eb1ed6e139ec448e72058bfbf4e2d) Importer(2089858483,0ecaa5967403d082aa24f35e1b516d23)
Start importing Assets/LUTE_Starter Scenes/Mapbox/Examples/Resources/maki/square-15.png using Guid(d20eb1ed6e139ec448e72058bfbf4e2d) Importer(2089858483,0ecaa5967403d082aa24f35e1b516d23) (ScriptedImporter) -> (artifact id: 'ada3b0091d34fc7e1a94851b1ce475c0') in 0.0709177 seconds
Number of updated asset objects reloaded before import = 0Number of asset objects unloaded after import = 3

========================================================================
Received Import Request.
  Time since last request: 0.000028 seconds.
  path: Assets/LUTE_Starter Scenes/Mapbox/Resources/HeroStructures/Prefabs/OneWorldTradeCenter.prefab
  artifactKey: Guid(23006cc4ad4e90e47a00d5e992fa9c9e) Importer(2089858483,0ecaa5967403d082aa24f35e1b516d23)
Start importing Assets/LUTE_Starter Scenes/Mapbox/Resources/HeroStructures/Prefabs/OneWorldTradeCenter.prefab using Guid(23006cc4ad4e90e47a00d5e992fa9c9e) Importer(2089858483,0ecaa5967403d082aa24f35e1b516d23) (ScriptedImporter) -> (artifact id: 'd315bdcd858216f2008048097a147c64') in 0.0300602 seconds
Number of updated asset objects reloaded before import = 0Number of asset objects unloaded after import = 7

========================================================================
Received Import Request.
  Time since last request: 0.000017 seconds.
  path: Assets/LUTE_Starter Scenes/Scenes/Games/AR/Scripts/InputActionReferences.cs
  artifactKey: Guid(df5220e8714a4624cb5fed07fdd4bb1f) Importer(2089858483,0ecaa5967403d082aa24f35e1b516d23)
Start importing Assets/LUTE_Starter Scenes/Scenes/Games/AR/Scripts/InputActionReferences.cs using Guid(df5220e8714a4624cb5fed07fdd4bb1f) Importer(2089858483,0ecaa5967403d082aa24f35e1b516d23) (ScriptedImporter) -> (artifact id: '12332f320f480f3176794e608a906c21') in 0.0230585 seconds
Number of updated asset objects reloaded before import = 0Number of asset objects unloaded after import = 0

========================================================================
Received Import Request.
  Time since last request: 0.000105 seconds.
  path: Assets/LUTE_Starter Scenes/Mapbox/Unity/Map/TileProviders/QuadTreeTileProvider.cs
  artifactKey: Guid(756a01a914208439d8d2fc8dcd68b229) Importer(2089858483,0ecaa5967403d082aa24f35e1b516d23)
Start importing Assets/LUTE_Starter Scenes/Mapbox/Unity/Map/TileProviders/QuadTreeTileProvider.cs using Guid(756a01a914208439d8d2fc8dcd68b229) Importer(2089858483,0ecaa5967403d082aa24f35e1b516d23) (ScriptedImporter) -> (artifact id: 'e16f297c134363ddd5f76ca9d5ee8b59') in 0.0221185 seconds
Number of updated asset objects reloaded before import = 0Number of asset objects unloaded after import = 0

========================================================================
Received Import Request.
  Time since last request: 0.000077 seconds.
  path: Assets/LUTE_Starter Scenes/Mapbox/Unity/Map/TileProviders/RangeAroundTransformTileProvider.cs
  artifactKey: Guid(15eed3c0528a3498dae4ff8f7b8ae77f) Importer(2089858483,0ecaa5967403d082aa24f35e1b516d23)
Start importing Assets/LUTE_Starter Scenes/Mapbox/Unity/Map/TileProviders/RangeAroundTransformTileProvider.cs using Guid(15eed3c0528a3498dae4ff8f7b8ae77f) Importer(2089858483,0ecaa5967403d082aa24f35e1b516d23) (ScriptedImporter) -> (artifact id: '45e5125bd31795b37c6772db6b86bacf') in 0.0227484 seconds
Number of updated asset objects reloaded before import = 0Number of asset objects unloaded after import = 0

========================================================================
Received Import Request.
  Time since last request: 0.000189 seconds.
  path: Assets/LUTE_Starter Scenes/Scenes/Games/AR/Events/PoseEventController.cs
  artifactKey: Guid(0254ecf0f2e1eeb4e8df41072f84c5cb) Importer(2089858483,0ecaa5967403d082aa24f35e1b516d23)
Start importing Assets/LUTE_Starter Scenes/Scenes/Games/AR/Events/PoseEventController.cs using Guid(0254ecf0f2e1eeb4e8df41072f84c5cb) Importer(2089858483,0ecaa5967403d082aa24f35e1b516d23) (ScriptedImporter) -> (artifact id: 'f33933dbe0507a0b52f701dd3c8ba85d') in 0.0203675 seconds
Number of updated asset objects reloaded before import = 0Number of asset objects unloaded after import = 0

========================================================================
Received Import Request.
  Time since last request: 0.000022 seconds.
  path: Assets/LUTE_Starter Scenes/Mapbox/Unity/Editor/PropertyDrawers/SpawnPrefabOptionsDrawer.cs
  artifactKey: Guid(d2da764c4c82845efbcea6530b3c8120) Importer(2089858483,0ecaa5967403d082aa24f35e1b516d23)
Start importing Assets/LUTE_Starter Scenes/Mapbox/Unity/Editor/PropertyDrawers/SpawnPrefabOptionsDrawer.cs using Guid(d2da764c4c82845efbcea6530b3c8120) Importer(2089858483,0ecaa5967403d082aa24f35e1b516d23) (ScriptedImporter) -> (artifact id: '8736fd1b7cf5d894767a5962cbc1020f') in 0.0167426 seconds
Number of updated asset objects reloaded before import = 0Number of asset objects unloaded after import = 0

========================================================================
Received Import Request.
  Time since last request: 0.000060 seconds.
  path: Assets/LUTE_Starter Scenes/Sprites/CharacterHeads/Animals/Round without details/giraffe.png
  artifactKey: Guid(76ceb57a76c3ea9428a5650c05d36986) Importer(2089858483,0ecaa5967403d082aa24f35e1b516d23)
Start importing Assets/LUTE_Starter Scenes/Sprites/CharacterHeads/Animals/Round without details/giraffe.png using Guid(76ceb57a76c3ea9428a5650c05d36986) Importer(2089858483,0ecaa5967403d082aa24f35e1b516d23) (ScriptedImporter) -> (artifact id: 'be5a9c5f73db0009a1842c0b20ca3e12') in 0.0426505 seconds
Number of updated asset objects reloaded before import = 0Number of asset objects unloaded after import = 3

========================================================================
Received Import Request.
  Time since last request: 0.000023 seconds.
  path: Assets/LUTE_Starter Scenes/Mapbox/Unity/Editor/PropertyDrawers/ElevationLayerPropertiesDrawer.cs
  artifactKey: Guid(becc811ca916a4717bf81685180e605d) Importer(2089858483,0ecaa5967403d082aa24f35e1b516d23)
Start importing Assets/LUTE_Starter Scenes/Mapbox/Unity/Editor/PropertyDrawers/ElevationLayerPropertiesDrawer.cs using Guid(becc811ca916a4717bf81685180e605d) Importer(2089858483,0ecaa5967403d082aa24f35e1b516d23) (ScriptedImporter) -> (artifact id: '7b84df1dfb2e2f69f067473102594ef1') in 0.018493 seconds
Number of updated asset objects reloaded before import = 0Number of asset objects unloaded after import = 0

========================================================================
Received Import Request.
  Time since last request: 0.000060 seconds.
  path: Assets/LUTE_Starter Scenes/Mapbox/Resources/HeroStructures/Meshes/StatueofLiberty.fbx
  artifactKey: Guid(76087a3bd0f174964bbe71a0a9c5386d) Importer(2089858483,0ecaa5967403d082aa24f35e1b516d23)
Start importing Assets/LUTE_Starter Scenes/Mapbox/Resources/HeroStructures/Meshes/StatueofLiberty.fbx using Guid(76087a3bd0f174964bbe71a0a9c5386d) Importer(2089858483,0ecaa5967403d082aa24f35e1b516d23) (ScriptedImporter) -> (artifact id: 'e68bae7cd6d8242f2186f31ad189d11c') in 0.0481134 seconds
Number of updated asset objects reloaded before import = 0Number of asset objects unloaded after import = 11

========================================================================
Received Import Request.
  Time since last request: 0.000023 seconds.
  path: Assets/LUTE_Starter Scenes/Mapbox/Examples/Resources/maki/suitcase-15.png
  artifactKey: Guid(c071dad9d3050a54e80551cddd9b7021) Importer(2089858483,0ecaa5967403d082aa24f35e1b516d23)
Start importing Assets/LUTE_Starter Scenes/Mapbox/Examples/Resources/maki/suitcase-15.png using Guid(c071dad9d3050a54e80551cddd9b7021) Importer(2089858483,0ecaa5967403d082aa24f35e1b516d23) (ScriptedImporter) -> (artifact id: '6343f9864d3a1fae788cf037afb2d1cf') in 0.0416364 seconds
Number of updated asset objects reloaded before import = 0Number of asset objects unloaded after import = 3

========================================================================
Received Import Request.
  Time since last request: 0.000018 seconds.
  path: Assets/LUTE/ThirdPartyAssets/TextMesh Pro/Examples & Extras/Resources/Fonts & Materials/Bangers SDF - Outline.mat
  artifactKey: Guid(f629c6e43dba4bf38cb74d8860150664) Importer(2089858483,0ecaa5967403d082aa24f35e1b516d23)
Start importing Assets/LUTE/ThirdPartyAssets/TextMesh Pro/Examples & Extras/Resources/Fonts & Materials/Bangers SDF - Outline.mat using Guid(f629c6e43dba4bf38cb74d8860150664) Importer(2089858483,0ecaa5967403d082aa24f35e1b516d23) (ScriptedImporter) -> (artifact id: 'a5cadcda47b1ddc87bb8174ed9ea1ae3') in 0.7970761 seconds
Number of updated asset objects reloaded before import = 0Number of asset objects unloaded after import = 2

========================================================================
Received Import Request.
  Time since last request: 0.000031 seconds.
  path: Assets/LUTE/ThirdPartyAssets/InventoryEngine/MMTools/MMAudio/MMSoundManager/MMSoundManagerTrackVolumeSlider.cs
  artifactKey: Guid(487bb7f14f728c74ca3bfc0020509b6b) Importer(2089858483,0ecaa5967403d082aa24f35e1b516d23)
Start importing Assets/LUTE/ThirdPartyAssets/InventoryEngine/MMTools/MMAudio/MMSoundManager/MMSoundManagerTrackVolumeSlider.cs using Guid(487bb7f14f728c74ca3bfc0020509b6b) Importer(2089858483,0ecaa5967403d082aa24f35e1b516d23) (ScriptedImporter) -> (artifact id: '1a042f8e375dd14ca726b545b9f98de8') in 0.0692876 seconds
Number of updated asset objects reloaded before import = 0Number of asset objects unloaded after import = 0

========================================================================
Received Import Request.
  Time since last request: 0.000056 seconds.
  path: Assets/LUTE_Starter Scenes/Mapbox/Core/mapbox-sdk-cs/Platform/TileJSON/TileJSONObjectVectorLayer.cs
  artifactKey: Guid(4d926842f7750b041be895c39e959799) Importer(2089858483,0ecaa5967403d082aa24f35e1b516d23)
Start importing Assets/LUTE_Starter Scenes/Mapbox/Core/mapbox-sdk-cs/Platform/TileJSON/TileJSONObjectVectorLayer.cs using Guid(4d926842f7750b041be895c39e959799) Importer(2089858483,0ecaa5967403d082aa24f35e1b516d23) (ScriptedImporter) -> (artifact id: 'b57d8737bd5d37e6f15711faabd44814') in 0.0315755 seconds
Number of updated asset objects reloaded before import = 0Number of asset objects unloaded after import = 0

========================================================================
Received Import Request.
  Time since last request: 0.000095 seconds.
  path: Assets/LUTE_Starter Scenes/Mapbox/Core/probe-extractor-cs/Tests/Editor/MapboxUnitTests_ProbeExtractorCs.cs
  artifactKey: Guid(6c911a8f62439664b8f8743ebfa8700a) Importer(2089858483,0ecaa5967403d082aa24f35e1b516d23)
Start importing Assets/LUTE_Starter Scenes/Mapbox/Core/probe-extractor-cs/Tests/Editor/MapboxUnitTests_ProbeExtractorCs.cs using Guid(6c911a8f62439664b8f8743ebfa8700a) Importer(2089858483,0ecaa5967403d082aa24f35e1b516d23) (ScriptedImporter) -> (artifact id: '5da445abc7f7262728db2375d7a02a5e') in 0.0188202 seconds
Number of updated asset objects reloaded before import = 0Number of asset objects unloaded after import = 0

========================================================================
Received Import Request.
  Time since last request: 0.000065 seconds.
  path: Assets/LUTE/ThirdPartyAssets/InventoryEngine/MMTools/MMProcedural/MMTilemapGenerator/MMTilemapGenerator.cs
  artifactKey: Guid(1554ad3bc2245e64bbf7cf0a29ed7fa0) Importer(2089858483,0ecaa5967403d082aa24f35e1b516d23)
Start importing Assets/LUTE/ThirdPartyAssets/InventoryEngine/MMTools/MMProcedural/MMTilemapGenerator/MMTilemapGenerator.cs using Guid(1554ad3bc2245e64bbf7cf0a29ed7fa0) Importer(2089858483,0ecaa5967403d082aa24f35e1b516d23) (ScriptedImporter) -> (artifact id: '8a71d83004f8c52e5ab04184552c8ed2') in 0.0236109 seconds
Number of updated asset objects reloaded before import = 0Number of asset objects unloaded after import = 0

========================================================================
Received Import Request.
  Time since last request: 0.000132 seconds.
  path: Assets/LUTE_Starter Scenes/Sprites/CharacterHeads/Animals/Square (outline)/monkey.png
  artifactKey: Guid(9e649e6c9fad5004cb569d4d399f5a0f) Importer(2089858483,0ecaa5967403d082aa24f35e1b516d23)
Start importing Assets/LUTE_Starter Scenes/Sprites/CharacterHeads/Animals/Square (outline)/monkey.png using Guid(9e649e6c9fad5004cb569d4d399f5a0f) Importer(2089858483,0ecaa5967403d082aa24f35e1b516d23) (ScriptedImporter) -> (artifact id: '4e35570710599669bdc4420acb774c16') in 0.0594005 seconds
Number of updated asset objects reloaded before import = 0Number of asset objects unloaded after import = 3

========================================================================
Received Import Request.
  Time since last request: 0.000036 seconds.
  path: Assets/LUTE_Starter Scenes/Mapbox/Examples/1_DataExplorer/Modules/HillshadeLayer/ExplorerBrown.mat
  artifactKey: Guid(204bcfc5761ef1b46b9301bc80304e2b) Importer(2089858483,0ecaa5967403d082aa24f35e1b516d23)
Start importing Assets/LUTE_Starter Scenes/Mapbox/Examples/1_DataExplorer/Modules/HillshadeLayer/ExplorerBrown.mat using Guid(204bcfc5761ef1b46b9301bc80304e2b) Importer(2089858483,0ecaa5967403d082aa24f35e1b516d23) (ScriptedImporter) -> (artifact id: '99e737e10002c0ca102e5bb0223e494e') in 0.0481723 seconds
Number of updated asset objects reloaded before import = 0Number of asset objects unloaded after import = 1

========================================================================
Received Import Request.
  Time since last request: 0.000035 seconds.
  path: Assets/LUTE/ThirdPartyAssets/LeanTween/Examples/Models/Materials/SimpleAvatarHat.mat
  artifactKey: Guid(894fe1d86fb5943f6a486e218bba2072) Importer(2089858483,0ecaa5967403d082aa24f35e1b516d23)
Start importing Assets/LUTE/ThirdPartyAssets/LeanTween/Examples/Models/Materials/SimpleAvatarHat.mat using Guid(894fe1d86fb5943f6a486e218bba2072) Importer(2089858483,0ecaa5967403d082aa24f35e1b516d23) (ScriptedImporter) -> (artifact id: 'e9b3dc8fa3ac6aefa00a632f01382194') in 0.0472329 seconds
Number of updated asset objects reloaded before import = 0Number of asset objects unloaded after import = 1

========================================================================
Received Import Request.
  Time since last request: 0.000026 seconds.
  path: Assets/LUTE_Starter Scenes/Mapbox/Core/mapbox-sdk-cs/Directions/Response/Leg.cs
  artifactKey: Guid(7847e2706c04347a19461bd848b5e1bd) Importer(2089858483,0ecaa5967403d082aa24f35e1b516d23)
Start importing Assets/LUTE_Starter Scenes/Mapbox/Core/mapbox-sdk-cs/Directions/Response/Leg.cs using Guid(7847e2706c04347a19461bd848b5e1bd) Importer(2089858483,0ecaa5967403d082aa24f35e1b516d23) (ScriptedImporter) -> (artifact id: '663d8a041f459ef9bd123a0f52f9a647') in 0.0195975 seconds
Number of updated asset objects reloaded before import = 0Number of asset objects unloaded after import = 0

========================================================================
Received Import Request.
  Time since last request: 0.000049 seconds.
  path: Assets/LUTE/ThirdPartyAssets/InventoryEngine/Demo/Resources/Items/Statue.asset
  artifactKey: Guid(9b6ae87fd3c201241a0a2073ab4388b7) Importer(2089858483,0ecaa5967403d082aa24f35e1b516d23)
Start importing Assets/LUTE/ThirdPartyAssets/InventoryEngine/Demo/Resources/Items/Statue.asset using Guid(9b6ae87fd3c201241a0a2073ab4388b7) Importer(2089858483,0ecaa5967403d082aa24f35e1b516d23) (ScriptedImporter) -> (artifact id: 'b3e7afd19bf48cead59ce2446db262d2') in 0.0601178 seconds
Number of updated asset objects reloaded before import = 0Number of asset objects unloaded after import = 1

========================================================================
Received Import Request.
  Time since last request: 0.000034 seconds.
  path: Assets/LUTE_Starter Scenes/Sprites/CharacterHeads/Animals/Square (outline)/snake.png
  artifactKey: Guid(8e8cc803618f93f49810f36c5ab0ae86) Importer(2089858483,0ecaa5967403d082aa24f35e1b516d23)
Start importing Assets/LUTE_Starter Scenes/Sprites/CharacterHeads/Animals/Square (outline)/snake.png using Guid(8e8cc803618f93f49810f36c5ab0ae86) Importer(2089858483,0ecaa5967403d082aa24f35e1b516d23) (ScriptedImporter) -> (artifact id: '40942fdce8627ad6e17bf6515be33163') in 0.0489128 seconds
Number of updated asset objects reloaded before import = 0Number of asset objects unloaded after import = 3

========================================================================
Received Import Request.
  Time since last request: 0.000021 seconds.
  path: Assets/LUTE/ThirdPartyAssets/TextMesh Pro/Examples & Extras/Resources/Fonts & Materials/Anton SDF - Outline.mat
  artifactKey: Guid(a00013af81304728b2be1f4309ee2433) Importer(2089858483,0ecaa5967403d082aa24f35e1b516d23)
Start importing Assets/LUTE/ThirdPartyAssets/TextMesh Pro/Examples & Extras/Resources/Fonts & Materials/Anton SDF - Outline.mat using Guid(a00013af81304728b2be1f4309ee2433) Importer(2089858483,0ecaa5967403d082aa24f35e1b516d23) (ScriptedImporter) -> (artifact id: '2f956806ebb90ff4ef03a22df2eeb53f') in 0.0581713 seconds
Number of updated asset objects reloaded before import = 0Number of asset objects unloaded after import = 2

========================================================================
Received Import Request.
  Time since last request: 0.000021 seconds.
  path: Assets/LUTE_Starter Scenes/Mapbox/Core/mapbox-sdk-cs/Utils/JsonConverters/LonLatToGeoCoordinateConverter.cs
  artifactKey: Guid(4974791f7db3740088cca9acd2104670) Importer(2089858483,0ecaa5967403d082aa24f35e1b516d23)
Start importing Assets/LUTE_Starter Scenes/Mapbox/Core/mapbox-sdk-cs/Utils/JsonConverters/LonLatToGeoCoordinateConverter.cs using Guid(4974791f7db3740088cca9acd2104670) Importer(2089858483,0ecaa5967403d082aa24f35e1b516d23) (ScriptedImporter) -> (artifact id: '485f9c1ff7c2eff17b9b23756ddb53f1') in 0.0924968 seconds
Number of updated asset objects reloaded before import = 0Number of asset objects unloaded after import = 0

========================================================================
Received Import Request.
  Time since last request: 0.000068 seconds.
  path: Assets/LUTE_Starter Scenes/Mapbox/Examples/1_DataExplorer/Modules/Contour/ExplorerDefaultContour.asset
  artifactKey: Guid(1d05cb4dfed21d641beec914be1173c6) Importer(2089858483,0ecaa5967403d082aa24f35e1b516d23)
Start importing Assets/LUTE_Starter Scenes/Mapbox/Examples/1_DataExplorer/Modules/Contour/ExplorerDefaultContour.asset using Guid(1d05cb4dfed21d641beec914be1173c6) Importer(2089858483,0ecaa5967403d082aa24f35e1b516d23) (ScriptedImporter) -> (artifact id: 'b02234cf696dc9bfc90da68041b6552a') in 0.080111 seconds
Number of updated asset objects reloaded before import = 0Number of asset objects unloaded after import = 4

========================================================================
Received Import Request.
  Time since last request: 0.000023 seconds.
  path: Assets/LUTE/ThirdPartyAssets/InventoryEngine/MMTools/MMMovement/MMPathMovement/MMPath.cs
  artifactKey: Guid(b81dc1a6e4b189d4bae2faab8a2a1a25) Importer(2089858483,0ecaa5967403d082aa24f35e1b516d23)
Start importing Assets/LUTE/ThirdPartyAssets/InventoryEngine/MMTools/MMMovement/MMPathMovement/MMPath.cs using Guid(b81dc1a6e4b189d4bae2faab8a2a1a25) Importer(2089858483,0ecaa5967403d082aa24f35e1b516d23) (ScriptedImporter) -> (artifact id: '51af0d81e1fb779a80ebfa9e5a136b88') in 0.0174695 seconds
Number of updated asset objects reloaded before import = 0Number of asset objects unloaded after import = 0

========================================================================
Received Import Request.
  Time since last request: 0.000063 seconds.
  path: Assets/LUTE_Starter Scenes/Sprites/CharacterHeads/Animals/Square/snake.png
  artifactKey: Guid(2e224a41edb1f8345ab0e8dffebed773) Importer(2089858483,0ecaa5967403d082aa24f35e1b516d23)
Start importing Assets/LUTE_Starter Scenes/Sprites/CharacterHeads/Animals/Square/snake.png using Guid(2e224a41edb1f8345ab0e8dffebed773) Importer(2089858483,0ecaa5967403d082aa24f35e1b516d23) (ScriptedImporter) -> (artifact id: '6f217ea2bad6d2e0d956112318ee4a2a') in 0.0431743 seconds
Number of updated asset objects reloaded before import = 0Number of asset objects unloaded after import = 3

========================================================================
Received Import Request.
  Time since last request: 0.000018 seconds.
  path: Assets/LUTE_Starter Scenes/Mapbox/Core/Plugins/Android/UniAndroidPermission/UniAndroidPermission.cs
  artifactKey: Guid(7df6f555c4d344871bf935752b861a45) Importer(2089858483,0ecaa5967403d082aa24f35e1b516d23)
Start importing Assets/LUTE_Starter Scenes/Mapbox/Core/Plugins/Android/UniAndroidPermission/UniAndroidPermission.cs using Guid(7df6f555c4d344871bf935752b861a45) Importer(2089858483,0ecaa5967403d082aa24f35e1b516d23) (ScriptedImporter) -> (artifact id: 'ee0108fcf9c1dc3ae795434a09bcb4e2') in 0.0223322 seconds
Number of updated asset objects reloaded before import = 0Number of asset objects unloaded after import = 0

========================================================================
Received Import Request.
  Time since last request: 0.000051 seconds.
  path: Assets/LUTE/ThirdPartyAssets/Mapbox/Examples/0_PrefabScenes/Location-basedGame/ReflectionProbe-0.exr
  artifactKey: Guid(19918b6901346dc45944b8dad3ed8049) Importer(2089858483,0ecaa5967403d082aa24f35e1b516d23)
Start importing Assets/LUTE/ThirdPartyAssets/Mapbox/Examples/0_PrefabScenes/Location-basedGame/ReflectionProbe-0.exr using Guid(19918b6901346dc45944b8dad3ed8049) Importer(2089858483,0ecaa5967403d082aa24f35e1b516d23) (ScriptedImporter) -> (artifact id: '7286423a449197425ba9291d1261e67f') in 0.0413005 seconds
Number of updated asset objects reloaded before import = 0Number of asset objects unloaded after import = 1

========================================================================
Received Import Request.
  Time since last request: 0.000107 seconds.
  path: Assets/LUTE_Starter Scenes/Sprites/CharacterHeads/Animals/Round/penguin.png
  artifactKey: Guid(e0d4f590142c34846b3ec2c251042644) Importer(2089858483,0ecaa5967403d082aa24f35e1b516d23)
Start importing Assets/LUTE_Starter Scenes/Sprites/CharacterHeads/Animals/Round/penguin.png using Guid(e0d4f590142c34846b3ec2c251042644) Importer(2089858483,0ecaa5967403d082aa24f35e1b516d23) (ScriptedImporter) -> (artifact id: '4ef71d5f6dd69564ee7fe1b4822c971c') in 0.0383405 seconds
Number of updated asset objects reloaded before import = 0Number of asset objects unloaded after import = 3

========================================================================
Received Import Request.
  Time since last request: 0.000027 seconds.
  path: Assets/LUTE_Starter Scenes/Mapbox/Resources/HeroStructures/Materials/HeroStructureDefault.mat
  artifactKey: Guid(3db77ee4b81b0439eb9843d7706d832d) Importer(2089858483,0ecaa5967403d082aa24f35e1b516d23)
Start importing Assets/LUTE_Starter Scenes/Mapbox/Resources/HeroStructures/Materials/HeroStructureDefault.mat using Guid(3db77ee4b81b0439eb9843d7706d832d) Importer(2089858483,0ecaa5967403d082aa24f35e1b516d23) (ScriptedImporter) -> (artifact id: '0bb0cf594d9c7d108ee4ea54712a7759') in 0.0287523 seconds
Number of updated asset objects reloaded before import = 0Number of asset objects unloaded after import = 1

========================================================================
Received Import Request.
  Time since last request: 0.000023 seconds.
  path: Assets/LUTE_Starter Scenes/Scenes/Games/AR/Textures/PlanePatternDot.png
  artifactKey: Guid(01894255c27927e4a8c007cc1b00a883) Importer(2089858483,0ecaa5967403d082aa24f35e1b516d23)
Start importing Assets/LUTE_Starter Scenes/Scenes/Games/AR/Textures/PlanePatternDot.png using Guid(01894255c27927e4a8c007cc1b00a883) Importer(2089858483,0ecaa5967403d082aa24f35e1b516d23) (ScriptedImporter) -> (artifact id: 'aed18bd2fa488d4139ae5e8fe6da65b3') in 0.0404645 seconds
Number of updated asset objects reloaded before import = 0Number of asset objects unloaded after import = 1

========================================================================
Received Import Request.
  Time since last request: 0.000021 seconds.
  path: Assets/LUTE_Starter Scenes/Mapbox/Core/Plugins/sqlite/x86/sqlite3.dll
  artifactKey: Guid(34afd3dfc3051f3438965ecf7bd8c8df) Importer(2089858483,0ecaa5967403d082aa24f35e1b516d23)
Start importing Assets/LUTE_Starter Scenes/Mapbox/Core/Plugins/sqlite/x86/sqlite3.dll using Guid(34afd3dfc3051f3438965ecf7bd8c8df) Importer(2089858483,0ecaa5967403d082aa24f35e1b516d23) (ScriptedImporter) -> (artifact id: '418488fe2d85c348c23dec71d4783aa3') in 0.0754723 seconds
Number of updated asset objects reloaded before import = 0Number of asset objects unloaded after import = 0

========================================================================
Received Import Request.
  Time since last request: 0.000129 seconds.
  path: Assets/LUTE_Starter Scenes/Mapbox/Unity/Editor/PropertyDrawers/ColliderOptionsDrawer.cs
  artifactKey: Guid(05ab73c42b3654a68823b6793c470531) Importer(2089858483,0ecaa5967403d082aa24f35e1b516d23)
Start importing Assets/LUTE_Starter Scenes/Mapbox/Unity/Editor/PropertyDrawers/ColliderOptionsDrawer.cs using Guid(05ab73c42b3654a68823b6793c470531) Importer(2089858483,0ecaa5967403d082aa24f35e1b516d23) (ScriptedImporter) -> (artifact id: 'b031488a112f1520f412bb185b66cb08') in 0.0247769 seconds
Number of updated asset objects reloaded before import = 0Number of asset objects unloaded after import = 0

========================================================================
Received Import Request.
  Time since last request: 0.002977 seconds.
  path: Assets/LUTE_Starter Scenes/Mapbox/Examples/Resources/maki/triangle-stroked-15.png
  artifactKey: Guid(46b1eee3e283d73438cf428363f6d37b) Importer(2089858483,0ecaa5967403d082aa24f35e1b516d23)
Start importing Assets/LUTE_Starter Scenes/Mapbox/Examples/Resources/maki/triangle-stroked-15.png using Guid(46b1eee3e283d73438cf428363f6d37b) Importer(2089858483,0ecaa5967403d082aa24f35e1b516d23) (ScriptedImporter) -> (artifact id: '15020d87c0d298f3bb6fdb61403253db') in 0.0535038 seconds
Number of updated asset objects reloaded before import = 0Number of asset objects unloaded after import = 3

========================================================================
Received Import Request.
  Time since last request: 0.000019 seconds.
  path: Assets/LUTE_Starter Scenes/Mapbox/Examples/2_AstronautGame/AstronautGame/Astronaut/MapboxAstronaut_metallic.tif
  artifactKey: Guid(f12c7b4f859417447a5b89065836984e) Importer(2089858483,0ecaa5967403d082aa24f35e1b516d23)
Start importing Assets/LUTE_Starter Scenes/Mapbox/Examples/2_AstronautGame/AstronautGame/Astronaut/MapboxAstronaut_metallic.tif using Guid(f12c7b4f859417447a5b89065836984e) Importer(2089858483,0ecaa5967403d082aa24f35e1b516d23) (ScriptedImporter) -> (artifact id: 'ca379449d81e7ee1f1f176601d5c4dfd') in 0.1247607 seconds
Number of updated asset objects reloaded before import = 0Number of asset objects unloaded after import = 1

========================================================================
Received Import Request.
  Time since last request: 0.000030 seconds.
  path: Assets/LUTE_Starter Scenes/Mapbox/Unity/MeshGeneration/Data/KdTree/KDNode.cs
  artifactKey: Guid(ec5d72f02adf6254aad038350ce771a3) Importer(2089858483,0ecaa5967403d082aa24f35e1b516d23)
Start importing Assets/LUTE_Starter Scenes/Mapbox/Unity/MeshGeneration/Data/KdTree/KDNode.cs using Guid(ec5d72f02adf6254aad038350ce771a3) Importer(2089858483,0ecaa5967403d082aa24f35e1b516d23) (ScriptedImporter) -> (artifact id: '60f83f2816201b7c34d44bec5e8bfa7a') in 0.0200254 seconds
Number of updated asset objects reloaded before import = 0Number of asset objects unloaded after import = 0

========================================================================
Received Import Request.
  Time since last request: 0.000049 seconds.
  path: Assets/LUTE_Starter Scenes/Mapbox/Examples/1_DataExplorer/Modules/LanduseLayer/ExplorerGreen.mat
  artifactKey: Guid(7c0707aad770f0f4ca09b79e3961539b) Importer(2089858483,0ecaa5967403d082aa24f35e1b516d23)
Start importing Assets/LUTE_Starter Scenes/Mapbox/Examples/1_DataExplorer/Modules/LanduseLayer/ExplorerGreen.mat using Guid(7c0707aad770f0f4ca09b79e3961539b) Importer(2089858483,0ecaa5967403d082aa24f35e1b516d23) (ScriptedImporter) -> (artifact id: '47f331e087d2eb8b6c3134db06cbcd00') in 0.0347179 seconds
Number of updated asset objects reloaded before import = 0Number of asset objects unloaded after import = 1

========================================================================
Received Import Request.
  Time since last request: 0.000023 seconds.
  path: Assets/LUTE_Starter Scenes/Mapbox/Unity/MeshGeneration/Factories/TerrainStrategies/ElevatedTerrainWithSidesStrategy.cs
  artifactKey: Guid(3d67aa1b17136294b92c1a5f4d9d867a) Importer(2089858483,0ecaa5967403d082aa24f35e1b516d23)
Start importing Assets/LUTE_Starter Scenes/Mapbox/Unity/MeshGeneration/Factories/TerrainStrategies/ElevatedTerrainWithSidesStrategy.cs using Guid(3d67aa1b17136294b92c1a5f4d9d867a) Importer(2089858483,0ecaa5967403d082aa24f35e1b516d23) (ScriptedImporter) -> (artifact id: '556dc1909094a4b074c4413650d22b58') in 0.040204 seconds
Number of updated asset objects reloaded before import = 0Number of asset objects unloaded after import = 0

========================================================================
Received Import Request.
  Time since last request: 0.000050 seconds.
  path: Assets/LUTE_Starter Scenes/Mapbox/Examples/1_DataExplorer/Modules/Resources/ExplorerCountryLabelPrefabModifier.asset
  artifactKey: Guid(90f8fc7667430374d9ddd1907cf522dd) Importer(2089858483,0ecaa5967403d082aa24f35e1b516d23)
Start importing Assets/LUTE_Starter Scenes/Mapbox/Examples/1_DataExplorer/Modules/Resources/ExplorerCountryLabelPrefabModifier.asset using Guid(90f8fc7667430374d9ddd1907cf522dd) Importer(2089858483,0ecaa5967403d082aa24f35e1b516d23) (ScriptedImporter) -> (artifact id: 'd9d4e7df5048443a19a999d618d236b2') in 0.0847636 seconds
Number of updated asset objects reloaded before import = 0Number of asset objects unloaded after import = 11

========================================================================
Received Import Request.
  Time since last request: 0.000022 seconds.
  path: Assets/LUTE_Starter Scenes/Mapbox/Unity/MeshGeneration/Modifiers/GameObjectModifiers/LayerModifier.cs
  artifactKey: Guid(a4644f4fa4408d144a9c7927401f3807) Importer(2089858483,0ecaa5967403d082aa24f35e1b516d23)
Start importing Assets/LUTE_Starter Scenes/Mapbox/Unity/MeshGeneration/Modifiers/GameObjectModifiers/LayerModifier.cs using Guid(a4644f4fa4408d144a9c7927401f3807) Importer(2089858483,0ecaa5967403d082aa24f35e1b516d23) (ScriptedImporter) -> (artifact id: '256b142d93073e51c801e6ebee9657f9') in 0.0171331 seconds
Number of updated asset objects reloaded before import = 0Number of asset objects unloaded after import = 0

========================================================================
Received Import Request.
  Time since last request: 0.000086 seconds.
  path: Assets/LUTE_Starter Scenes/Mapbox/Examples/2_AstronautGame/AstronautGame/Park/ParkMaterial.mat
  artifactKey: Guid(dd22d0eb52da4594e90fbb4dd7ae0baf) Importer(2089858483,0ecaa5967403d082aa24f35e1b516d23)
Start importing Assets/LUTE_Starter Scenes/Mapbox/Examples/2_AstronautGame/AstronautGame/Park/ParkMaterial.mat using Guid(dd22d0eb52da4594e90fbb4dd7ae0baf) Importer(2089858483,0ecaa5967403d082aa24f35e1b516d23) (ScriptedImporter) -> (artifact id: '80871154e3e815f52967084b483c564b') in 0.0289631 seconds
Number of updated asset objects reloaded before import = 0Number of asset objects unloaded after import = 1

========================================================================
Received Import Request.
  Time since last request: 0.000029 seconds.
  path: Assets/LUTE_Starter Scenes/Mapbox/Unity/MeshGeneration/Modifiers/MeshModifiers/ChamferHeightModifier.cs
  artifactKey: Guid(232ffe870b9f2df408d25ad59dbfe77c) Importer(2089858483,0ecaa5967403d082aa24f35e1b516d23)
Start importing Assets/LUTE_Starter Scenes/Mapbox/Unity/MeshGeneration/Modifiers/MeshModifiers/ChamferHeightModifier.cs using Guid(232ffe870b9f2df408d25ad59dbfe77c) Importer(2089858483,0ecaa5967403d082aa24f35e1b516d23) (ScriptedImporter) -> (artifact id: 'dd482747fde323df5d6d5e979e7f1d17') in 0.0188949 seconds
Number of updated asset objects reloaded before import = 0Number of asset objects unloaded after import = 0

========================================================================
Received Import Request.
  Time since last request: 0.000052 seconds.
  path: Assets/LUTE_Starter Scenes/Mapbox/Examples/2_AstronautGame/AstronautGame/Road/trafficNorm4.png
  artifactKey: Guid(51d3e9ec6fa1cec4791cbeaa26816cb4) Importer(2089858483,0ecaa5967403d082aa24f35e1b516d23)
Start importing Assets/LUTE_Starter Scenes/Mapbox/Examples/2_AstronautGame/AstronautGame/Road/trafficNorm4.png using Guid(51d3e9ec6fa1cec4791cbeaa26816cb4) Importer(2089858483,0ecaa5967403d082aa24f35e1b516d23) (ScriptedImporter) -> (artifact id: '8c7b0fb751807ae6c3243976dd7d7559') in 0.0531454 seconds
Number of updated asset objects reloaded before import = 0Number of asset objects unloaded after import = 1

========================================================================
Received Import Request.
  Time since last request: 0.000095 seconds.
  path: Assets/LUTE_Starter Scenes/Mapbox/Unity/MeshGeneration/Modifiers/MeshModifiers/PolygonMeshModifier.cs
  artifactKey: Guid(6c7ba03c743d46c4a99f4971c74f7cbd) Importer(2089858483,0ecaa5967403d082aa24f35e1b516d23)
Start importing Assets/LUTE_Starter Scenes/Mapbox/Unity/MeshGeneration/Modifiers/MeshModifiers/PolygonMeshModifier.cs using Guid(6c7ba03c743d46c4a99f4971c74f7cbd) Importer(2089858483,0ecaa5967403d082aa24f35e1b516d23) (ScriptedImporter) -> (artifact id: 'd30c96a982fea5165c81b8ca52352a1b') in 0.0202918 seconds
Number of updated asset objects reloaded before import = 0Number of asset objects unloaded after import = 0

========================================================================
Received Import Request.
  Time since last request: 0.000051 seconds.
  path: Assets/LUTE_Starter Scenes/Mapbox/Examples/2_AstronautGame/AstronautGame/Astronaut/MapboxAstronaut.mat
  artifactKey: Guid(2a98223a0ce402e42b52d90ce9e4910a) Importer(2089858483,0ecaa5967403d082aa24f35e1b516d23)
Start importing Assets/LUTE_Starter Scenes/Mapbox/Examples/2_AstronautGame/AstronautGame/Astronaut/MapboxAstronaut.mat using Guid(2a98223a0ce402e42b52d90ce9e4910a) Importer(2089858483,0ecaa5967403d082aa24f35e1b516d23) (ScriptedImporter) -> (artifact id: '703b920fb7dc5332747359f2ae4b2c5c') in 0.2848025 seconds
Number of updated asset objects reloaded before import = 0Number of asset objects unloaded after import = 5

========================================================================
Received Import Request.
  Time since last request: 0.000031 seconds.
  path: Assets/LUTE_Starter Scenes/Scenes/Games/DesignerCreated/Testing/AlbertoDemo/Prefabs/Barbestone_back.mat
  artifactKey: Guid(29eabc4581fc36a4bb35500d78b15ae0) Importer(2089858483,0ecaa5967403d082aa24f35e1b516d23)
Start importing Assets/LUTE_Starter Scenes/Scenes/Games/DesignerCreated/Testing/AlbertoDemo/Prefabs/Barbestone_back.mat using Guid(29eabc4581fc36a4bb35500d78b15ae0) Importer(2089858483,0ecaa5967403d082aa24f35e1b516d23) (ScriptedImporter) -> (artifact id: 'b04553741217de08d2076a11924beee0') in 0.0502628 seconds
Number of updated asset objects reloaded before import = 0Number of asset objects unloaded after import = 2

========================================================================
Received Import Request.
  Time since last request: 0.000031 seconds.
  path: Assets/LUTE/ThirdPartyAssets/XR/Samples/XR Interaction Toolkit/3.0.7/AR Starter Assets/ARStarterAssets.asmdef
  artifactKey: Guid(81d67e3f79b8c1246a256ab4990e652d) Importer(2089858483,0ecaa5967403d082aa24f35e1b516d23)
Start importing Assets/LUTE/ThirdPartyAssets/XR/Samples/XR Interaction Toolkit/3.0.7/AR Starter Assets/ARStarterAssets.asmdef using Guid(81d67e3f79b8c1246a256ab4990e652d) Importer(2089858483,0ecaa5967403d082aa24f35e1b516d23) (ScriptedImporter) -> (artifact id: '98db1e57ac4e9eede1ac0d93fd22c025') in 0.0284268 seconds
Number of updated asset objects reloaded before import = 0Number of asset objects unloaded after import = 1

========================================================================
Received Import Request.
  Time since last request: 0.000024 seconds.
  path: Assets/LUTE_Starter Scenes/Mapbox/Core/mapbox-sdk-cs/Tests/UnitTests/Editor/MapboxUnitTests_Utils.cs
  artifactKey: Guid(e6a3a4a684cc64e609e83b2b547a9e82) Importer(2089858483,0ecaa5967403d082aa24f35e1b516d23)
Start importing Assets/LUTE_Starter Scenes/Mapbox/Core/mapbox-sdk-cs/Tests/UnitTests/Editor/MapboxUnitTests_Utils.cs using Guid(e6a3a4a684cc64e609e83b2b547a9e82) Importer(2089858483,0ecaa5967403d082aa24f35e1b516d23) (ScriptedImporter) -> (artifact id: 'e2e9c7227f67d2496bfed786e0ed6fa0') in 0.0188179 seconds
Number of updated asset objects reloaded before import = 0Number of asset objects unloaded after import = 0

========================================================================
Received Import Request.
  Time since last request: 0.000029 seconds.
  path: Assets/LUTE_Starter Scenes/Scenes/Games/DesignerCreated/Testing/AlbertoDemo/Prefabs/Cove_back.mat
  artifactKey: Guid(9d721ab4e8747ab48b03639e37637d65) Importer(2089858483,0ecaa5967403d082aa24f35e1b516d23)
Start importing Assets/LUTE_Starter Scenes/Scenes/Games/DesignerCreated/Testing/AlbertoDemo/Prefabs/Cove_back.mat using Guid(9d721ab4e8747ab48b03639e37637d65) Importer(2089858483,0ecaa5967403d082aa24f35e1b516d23) (ScriptedImporter) -> (artifact id: '4b652fc1395b21195d40a508775fdec1') in 0.0665869 seconds
Number of updated asset objects reloaded before import = 0Number of asset objects unloaded after import = 2

========================================================================
Received Import Request.
  Time since last request: 0.000021 seconds.
  path: Assets/LUTE/ThirdPartyAssets/XR/Samples/XR Interaction Toolkit/3.0.7/Starter Assets/DemoScene.unity
  artifactKey: Guid(5e843372ceb261d44a5287e6bf31297d) Importer(2089858483,0ecaa5967403d082aa24f35e1b516d23)
Start importing Assets/LUTE/ThirdPartyAssets/XR/Samples/XR Interaction Toolkit/3.0.7/Starter Assets/DemoScene.unity using Guid(5e843372ceb261d44a5287e6bf31297d) Importer(2089858483,0ecaa5967403d082aa24f35e1b516d23) (ScriptedImporter) -> (artifact id: '607ba5c529355d19ecfa37862cf5da95') in 0.0172193 seconds
Number of updated asset objects reloaded before import = 0Number of asset objects unloaded after import = 1

========================================================================
Received Import Request.
  Time since last request: 0.000021 seconds.
  path: Assets/LUTE/ThirdPartyAssets/BogGames/Bog_Achievements/Scripts/Core/Display/BogAchievementFadeDisplayer.cs
  artifactKey: Guid(6c0795c0a8eaffc4ea6d67f9479706e7) Importer(2089858483,0ecaa5967403d082aa24f35e1b516d23)
Start importing Assets/LUTE/ThirdPartyAssets/BogGames/Bog_Achievements/Scripts/Core/Display/BogAchievementFadeDisplayer.cs using Guid(6c0795c0a8eaffc4ea6d67f9479706e7) Importer(2089858483,0ecaa5967403d082aa24f35e1b516d23) (ScriptedImporter) -> (artifact id: 'bd0cd9db1bc4b32c9186601c00057fd6') in 0.3907477 seconds
Number of updated asset objects reloaded before import = 0Number of asset objects unloaded after import = 0

========================================================================
Received Import Request.
  Time since last request: 0.000395 seconds.
  path: Assets/LUTE_Starter Scenes/Mapbox/Core/Plugins/Mapbox/MapboxAccounts/net35/MapboxAccountsUnity.dll
  artifactKey: Guid(a4d62bb9038704a8c84da77840aa84d1) Importer(2089858483,0ecaa5967403d082aa24f35e1b516d23)
Start importing Assets/LUTE_Starter Scenes/Mapbox/Core/Plugins/Mapbox/MapboxAccounts/net35/MapboxAccountsUnity.dll using Guid(a4d62bb9038704a8c84da77840aa84d1) Importer(2089858483,0ecaa5967403d082aa24f35e1b516d23) (ScriptedImporter) -> (artifact id: '9719b28973dd9770b04c4b1ad8044e61') in 0.029449 seconds
Number of updated asset objects reloaded before import = 0Number of asset objects unloaded after import = 0

========================================================================
Received Import Request.
  Time since last request: 0.000253 seconds.
  path: Assets/LUTE_Starter Scenes/Mapbox/Examples/1_DataExplorer/Modules/TrafficLayer/HeavyTraffic/ExplorerHeavyTraffic.asset
  artifactKey: Guid(db258f06cb975c641bea13eafe0ca8a5) Importer(2089858483,0ecaa5967403d082aa24f35e1b516d23)
Start importing Assets/LUTE_Starter Scenes/Mapbox/Examples/1_DataExplorer/Modules/TrafficLayer/HeavyTraffic/ExplorerHeavyTraffic.asset using Guid(db258f06cb975c641bea13eafe0ca8a5) Importer(2089858483,0ecaa5967403d082aa24f35e1b516d23) (ScriptedImporter) -> (artifact id: '7906dcfe5a667fc7141bafeee03ae37c') in 0.0553432 seconds
Number of updated asset objects reloaded before import = 0Number of asset objects unloaded after import = 4

========================================================================
Received Import Request.
  Time since last request: 0.000030 seconds.
  path: Assets/LUTE_Starter Scenes/Mapbox/Core/mapbox-sdk-cs/Tests/UnitTests/Editor/MapboxUnitTests_Compression.cs
  artifactKey: Guid(d77460974e8834b2a8f3b1a72c49325b) Importer(2089858483,0ecaa5967403d082aa24f35e1b516d23)
Start importing Assets/LUTE_Starter Scenes/Mapbox/Core/mapbox-sdk-cs/Tests/UnitTests/Editor/MapboxUnitTests_Compression.cs using Guid(d77460974e8834b2a8f3b1a72c49325b) Importer(2089858483,0ecaa5967403d082aa24f35e1b516d23) (ScriptedImporter) -> (artifact id: 'f7031b83a2f32cf5eddd6e00727ac48b') in 0.0310917 seconds
Number of updated asset objects reloaded before import = 0Number of asset objects unloaded after import = 0

========================================================================
Received Import Request.
  Time since last request: 0.000374 seconds.
  path: Assets/LUTE_Starter Scenes/Scenes/Games/DesignerCreated/Testing/Stickers/Sprites/Sun.png
  artifactKey: Guid(5e06a4f9a236917438c8161c57807201) Importer(2089858483,0ecaa5967403d082aa24f35e1b516d23)
Start importing Assets/LUTE_Starter Scenes/Scenes/Games/DesignerCreated/Testing/Stickers/Sprites/Sun.png using Guid(5e06a4f9a236917438c8161c57807201) Importer(2089858483,0ecaa5967403d082aa24f35e1b516d23) (ScriptedImporter) -> (artifact id: '581617e128078e36b8dab82c6479cf25') in 0.076042 seconds
Number of updated asset objects reloaded before import = 0Number of asset objects unloaded after import = 3

========================================================================
Received Import Request.
  Time since last request: 0.000024 seconds.
  path: Assets/LUTE_Starter Scenes/Scenes/Games/DesignerCreated/Testing/Stickers/Scripts/Sticker.cs
  artifactKey: Guid(6f7ab0c8acd75bb448c258716584f7d6) Importer(2089858483,0ecaa5967403d082aa24f35e1b516d23)
Start importing Assets/LUTE_Starter Scenes/Scenes/Games/DesignerCreated/Testing/Stickers/Scripts/Sticker.cs using Guid(6f7ab0c8acd75bb448c258716584f7d6) Importer(2089858483,0ecaa5967403d082aa24f35e1b516d23) (ScriptedImporter) -> (artifact id: '5f1bad6cc906a6d261bce898abaf415e') in 0.0245227 seconds
Number of updated asset objects reloaded before import = 0Number of asset objects unloaded after import = 0

========================================================================
Received Import Request.
  Time since last request: 0.000036 seconds.
  path: Assets/LUTE_Starter Scenes/Scenes/Games/DesignerCreated/Testing/Stickers/Prefabs/BlankPostcard.prefab
  artifactKey: Guid(1c7cad44eb9722f48ba01b8399ab67ad) Importer(2089858483,0ecaa5967403d082aa24f35e1b516d23)
Start importing Assets/LUTE_Starter Scenes/Scenes/Games/DesignerCreated/Testing/Stickers/Prefabs/BlankPostcard.prefab using Guid(1c7cad44eb9722f48ba01b8399ab67ad) Importer(2089858483,0ecaa5967403d082aa24f35e1b516d23) (ScriptedImporter) -> (artifact id: '24a7a62ee733f451cd5292970710dfca') in 0.1128482 seconds
Number of updated asset objects reloaded before import = 0Number of asset objects unloaded after import = 291

========================================================================
Received Import Request.
  Time since last request: 0.000017 seconds.
  path: Assets/LUTE/ThirdPartyAssets/XR/Samples/XR Interaction Toolkit/3.0.7/Starter Assets/AffordanceThemes/HighlightStrengthInteraction.asset
  artifactKey: Guid(925c0505384a5cd458d8fe58e3d71f9f) Importer(2089858483,0ecaa5967403d082aa24f35e1b516d23)
Start importing Assets/LUTE/ThirdPartyAssets/XR/Samples/XR Interaction Toolkit/3.0.7/Starter Assets/AffordanceThemes/HighlightStrengthInteraction.asset using Guid(925c0505384a5cd458d8fe58e3d71f9f) Importer(2089858483,0ecaa5967403d082aa24f35e1b516d23) (ScriptedImporter) -> (artifact id: 'dbe75be7848e825cf261d943a55dee6a') in 0.0403215 seconds
Number of updated asset objects reloaded before import = 0Number of asset objects unloaded after import = 1

========================================================================
Received Import Request.
  Time since last request: 0.000018 seconds.
  path: Assets/LUTE_Starter Scenes/Scenes/Games/DesignerCreated/Testing/AlbertoDemo/Prefabs/TempleAvebury_back.mat
  artifactKey: Guid(ec97b4b76384e77468ea9d4977513994) Importer(2089858483,0ecaa5967403d082aa24f35e1b516d23)
Start importing Assets/LUTE_Starter Scenes/Scenes/Games/DesignerCreated/Testing/AlbertoDemo/Prefabs/TempleAvebury_back.mat using Guid(ec97b4b76384e77468ea9d4977513994) Importer(2089858483,0ecaa5967403d082aa24f35e1b516d23) (ScriptedImporter) -> (artifact id: '8806bde58f70296f7968cecc134e7693') in 0.0532047 seconds
Number of updated asset objects reloaded before import = 0Number of asset objects unloaded after import = 2

========================================================================
Received Import Request.
  Time since last request: 0.000032 seconds.
  path: Assets/LUTE_Starter Scenes/Mapbox/Resources/MapboxStyles/Styles/MapboxSampleStyles/Satellite/SatelliteIcon.png
  artifactKey: Guid(ad764ebd3ff314d70b7e1caac328efd6) Importer(2089858483,0ecaa5967403d082aa24f35e1b516d23)
Start importing Assets/LUTE_Starter Scenes/Mapbox/Resources/MapboxStyles/Styles/MapboxSampleStyles/Satellite/SatelliteIcon.png using Guid(ad764ebd3ff314d70b7e1caac328efd6) Importer(2089858483,0ecaa5967403d082aa24f35e1b516d23) (ScriptedImporter) -> (artifact id: '23820a16f9c022760fcc4e6bf616ab22') in 0.0416662 seconds
Number of updated asset objects reloaded before import = 0Number of asset objects unloaded after import = 1

========================================================================
Received Import Request.
  Time since last request: 0.000034 seconds.
  path: Assets/LUTE_Starter Scenes/Scenes/Games/DesignerCreated/Testing/AlbertoDemo/Prefabs/Barberstone_front.mat
  artifactKey: Guid(8570002275dee6446a804918dd92334e) Importer(2089858483,0ecaa5967403d082aa24f35e1b516d23)
Start importing Assets/LUTE_Starter Scenes/Scenes/Games/DesignerCreated/Testing/AlbertoDemo/Prefabs/Barberstone_front.mat using Guid(8570002275dee6446a804918dd92334e) Importer(2089858483,0ecaa5967403d082aa24f35e1b516d23) (ScriptedImporter) -> (artifact id: '6e526244c6ebc11c260da9eda35a4b95') in 0.030702 seconds
Number of updated asset objects reloaded before import = 0Number of asset objects unloaded after import = 2

========================================================================
Received Import Request.
  Time since last request: 0.000018 seconds.
  path: Assets/LUTE_Starter Scenes/Scenes/Games/DesignerCreated/Testing/Stickers/Prefabs/StickerButton.prefab
  artifactKey: Guid(b6ce5447534634d4988b11ac9e56eb62) Importer(2089858483,0ecaa5967403d082aa24f35e1b516d23)
Start importing Assets/LUTE_Starter Scenes/Scenes/Games/DesignerCreated/Testing/Stickers/Prefabs/StickerButton.prefab using Guid(b6ce5447534634d4988b11ac9e56eb62) Importer(2089858483,0ecaa5967403d082aa24f35e1b516d23) (ScriptedImporter) -> (artifact id: '67d23b20e4bddc8c7be84c672a87a33e') in 0.0764181 seconds
Number of updated asset objects reloaded before import = 0Number of asset objects unloaded after import = 12

========================================================================
Received Import Request.
  Time since last request: 0.000024 seconds.
  path: Assets/LUTE_Starter Scenes/Scenes/Games/DesignerCreated/Testing/AlbertoDemo/Prefabs/diff_obelisk_front.png
  artifactKey: Guid(b5fc06fdd5b0f294c9886812d7568b28) Importer(2089858483,0ecaa5967403d082aa24f35e1b516d23)
Start importing Assets/LUTE_Starter Scenes/Scenes/Games/DesignerCreated/Testing/AlbertoDemo/Prefabs/diff_obelisk_front.png using Guid(b5fc06fdd5b0f294c9886812d7568b28) Importer(2089858483,0ecaa5967403d082aa24f35e1b516d23) (ScriptedImporter) -> (artifact id: '339d2ec8928339f4cf4fdac927d405a2') in 0.0327335 seconds
Number of updated asset objects reloaded before import = 0Number of asset objects unloaded after import = 3

========================================================================
Received Import Request.
  Time since last request: 0.000025 seconds.
  path: Assets/LUTE_Starter Scenes/Scenes/Games/AR/Materials/SimulationDefaultTrackedImage 1.mat
  artifactKey: Guid(418329d9ba934934197e064b1011a14b) Importer(2089858483,0ecaa5967403d082aa24f35e1b516d23)
Start importing Assets/LUTE_Starter Scenes/Scenes/Games/AR/Materials/SimulationDefaultTrackedImage 1.mat using Guid(418329d9ba934934197e064b1011a14b) Importer(2089858483,0ecaa5967403d082aa24f35e1b516d23) (ScriptedImporter) -> (artifact id: 'b2c62191d2e5bc0873825fec151a2272') in 0.0247336 seconds
Number of updated asset objects reloaded before import = 0Number of asset objects unloaded after import = 2

========================================================================
Received Import Request.
  Time since last request: 0.000022 seconds.
  path: Assets/LUTE_Starter Scenes/Scenes/Games/AR/Materials/SimulationDefaultTrackedImage.mat
  artifactKey: Guid(4a2a7b4d43a190f49bcf642998b20f1e) Importer(2089858483,0ecaa5967403d082aa24f35e1b516d23)
Start importing Assets/LUTE_Starter Scenes/Scenes/Games/AR/Materials/SimulationDefaultTrackedImage.mat using Guid(4a2a7b4d43a190f49bcf642998b20f1e) Importer(2089858483,0ecaa5967403d082aa24f35e1b516d23) (ScriptedImporter) -> (artifact id: '4f5f37e1336703a59c2677f256c57d78') in 0.0199354 seconds
Number of updated asset objects reloaded before import = 0Number of asset objects unloaded after import = 1

========================================================================
Received Import Request.
  Time since last request: 0.000023 seconds.
  path: Assets/LUTE_Starter Scenes/Scenes/Games/AR/Scripts/InteractableARObject.cs
  artifactKey: Guid(125f0eaafc51a1c4fb82b301f841ab24) Importer(2089858483,0ecaa5967403d082aa24f35e1b516d23)
Start importing Assets/LUTE_Starter Scenes/Scenes/Games/AR/Scripts/InteractableARObject.cs using Guid(125f0eaafc51a1c4fb82b301f841ab24) Importer(2089858483,0ecaa5967403d082aa24f35e1b516d23) (ScriptedImporter) -> (artifact id: '053b7623a384844c326ee14895a8c0fd') in 0.0208041 seconds
Number of updated asset objects reloaded before import = 0Number of asset objects unloaded after import = 0

========================================================================
Received Import Request.
  Time since last request: 0.000062 seconds.
  path: Assets/LUTE_Starter Scenes/Mapbox/Unity/Location/AngleSmoothing/AngleSmoothingEMA.cs
  artifactKey: Guid(26ab886ba5422c248b693e60311088c7) Importer(2089858483,0ecaa5967403d082aa24f35e1b516d23)
Start importing Assets/LUTE_Starter Scenes/Mapbox/Unity/Location/AngleSmoothing/AngleSmoothingEMA.cs using Guid(26ab886ba5422c248b693e60311088c7) Importer(2089858483,0ecaa5967403d082aa24f35e1b516d23) (ScriptedImporter) -> (artifact id: '3d63f129c6dce010022dfa405591f599') in 0.0195312 seconds
Number of updated asset objects reloaded before import = 0Number of asset objects unloaded after import = 0

========================================================================
Received Import Request.
  Time since last request: 0.000060 seconds.
  path: Assets/LUTE_Starter Scenes/Mapbox/Examples/1_DataExplorer/Modules/LandcoverLayer/ExplorerDefaultLandcover.asset
  artifactKey: Guid(845537aead444ea48954ee0d1814ccbd) Importer(2089858483,0ecaa5967403d082aa24f35e1b516d23)
Start importing Assets/LUTE_Starter Scenes/Mapbox/Examples/1_DataExplorer/Modules/LandcoverLayer/ExplorerDefaultLandcover.asset using Guid(845537aead444ea48954ee0d1814ccbd) Importer(2089858483,0ecaa5967403d082aa24f35e1b516d23) (ScriptedImporter) -> (artifact id: '462dc854fc3e0848aa243edef400384e') in 0.0332604 seconds
Number of updated asset objects reloaded before import = 0Number of asset objects unloaded after import = 4

========================================================================
Received Import Request.
  Time since last request: 0.000022 seconds.
  path: Assets/LUTE_Starter Scenes/Scenes/Games/DesignerCreated/Testing/AlbertoDemo/Resources/Locations/LOCINFO2.asset
  artifactKey: Guid(6895b74a5b1f54841ac2356c6d16d2fa) Importer(2089858483,0ecaa5967403d082aa24f35e1b516d23)
Start importing Assets/LUTE_Starter Scenes/Scenes/Games/DesignerCreated/Testing/AlbertoDemo/Resources/Locations/LOCINFO2.asset using Guid(6895b74a5b1f54841ac2356c6d16d2fa) Importer(2089858483,0ecaa5967403d082aa24f35e1b516d23) (ScriptedImporter) -> (artifact id: '4fdb46c1429639253b6eb8ba6317708b') in 0.0386792 seconds
Number of updated asset objects reloaded before import = 0Number of asset objects unloaded after import = 4

========================================================================
Received Import Request.
  Time since last request: 0.000029 seconds.
  path: Assets/LUTE_Starter Scenes/Scenes/Games/DesignerCreated/Testing/AlbertoDemo/Resources/Prefabs/LocationInfoPanel_Alberto.prefab
  artifactKey: Guid(df0a1de0c57f50141a712c7e8b2b2d91) Importer(2089858483,0ecaa5967403d082aa24f35e1b516d23)
Start importing Assets/LUTE_Starter Scenes/Scenes/Games/DesignerCreated/Testing/AlbertoDemo/Resources/Prefabs/LocationInfoPanel_Alberto.prefab using Guid(df0a1de0c57f50141a712c7e8b2b2d91) Importer(2089858483,0ecaa5967403d082aa24f35e1b516d23) (ScriptedImporter) -> (artifact id: 'ae2c46201f04da71ad6d93dea5d28011') in 0.1154491 seconds
Number of updated asset objects reloaded before import = 0Number of asset objects unloaded after import = 41

========================================================================
Received Import Request.
  Time since last request: 0.000024 seconds.
  path: Assets/LUTE/ThirdPartyAssets/XR/Samples/XR Interaction Toolkit/3.0.7/Starter Assets/Shaders/Unlit_Fresnel.shadergraph
  artifactKey: Guid(56e397072a4add443881db0f3a57068a) Importer(2089858483,0ecaa5967403d082aa24f35e1b516d23)
Start importing Assets/LUTE/ThirdPartyAssets/XR/Samples/XR Interaction Toolkit/3.0.7/Starter Assets/Shaders/Unlit_Fresnel.shadergraph using Guid(56e397072a4add443881db0f3a57068a) Importer(2089858483,0ecaa5967403d082aa24f35e1b516d23) (ScriptedImporter) -> (artifact id: '5e3199af19dc2d16d7e4085e1f77c414') in 1.7535394 seconds
Number of updated asset objects reloaded before import = 0Number of asset objects unloaded after import = 3

========================================================================
Received Import Request.
  Time since last request: 0.000034 seconds.
  path: Assets/LUTE/ThirdPartyAssets/XR/Samples/XR Interaction Toolkit/3.0.7/Starter Assets/DemoSceneAssets/Materials/MaterialPipelineHandler.asset
  artifactKey: Guid(80fba5afaf638694397647137771880f) Importer(2089858483,0ecaa5967403d082aa24f35e1b516d23)
Start importing Assets/LUTE/ThirdPartyAssets/XR/Samples/XR Interaction Toolkit/3.0.7/Starter Assets/DemoSceneAssets/Materials/MaterialPipelineHandler.asset using Guid(80fba5afaf638694397647137771880f) Importer(2089858483,0ecaa5967403d082aa24f35e1b516d23) (ScriptedImporter) -> (artifact id: '0da985e759a9b0cd732ca02ec7f019e3') in 0.0335599 seconds
Number of updated asset objects reloaded before import = 0Number of asset objects unloaded after import = 1

========================================================================
Received Import Request.
  Time since last request: 0.000023 seconds.
  path: Assets/LUTE/ThirdPartyAssets/XR/Samples/XR Interaction Toolkit/3.0.7/Starter Assets/DemoSceneAssets/Models/Primitive_Tapered_Cylinder.fbx
  artifactKey: Guid(117516b1b01c5394d8bca6ae5205a22d) Importer(2089858483,0ecaa5967403d082aa24f35e1b516d23)
Start importing Assets/LUTE/ThirdPartyAssets/XR/Samples/XR Interaction Toolkit/3.0.7/Starter Assets/DemoSceneAssets/Models/Primitive_Tapered_Cylinder.fbx using Guid(117516b1b01c5394d8bca6ae5205a22d) Importer(2089858483,0ecaa5967403d082aa24f35e1b516d23) (ScriptedImporter) -> (artifact id: 'f6473269ab9ad9e02d64b80506efea75') in 0.0391945 seconds
Number of updated asset objects reloaded before import = 0Number of asset objects unloaded after import = 7

========================================================================
Received Import Request.
  Time since last request: 0.000027 seconds.
  path: Assets/LUTE/ThirdPartyAssets/XR/Samples/XR Interaction Toolkit/3.0.7/Starter Assets/DemoSceneAssets/Sprites/Forward.png
  artifactKey: Guid(b6053b6c6ef329d47b5c8997d9adc5a5) Importer(2089858483,0ecaa5967403d082aa24f35e1b516d23)
Start importing Assets/LUTE/ThirdPartyAssets/XR/Samples/XR Interaction Toolkit/3.0.7/Starter Assets/DemoSceneAssets/Sprites/Forward.png using Guid(b6053b6c6ef329d47b5c8997d9adc5a5) Importer(2089858483,0ecaa5967403d082aa24f35e1b516d23) (ScriptedImporter) -> (artifact id: '36e3610390e9598152907d0fa68a1eba') in 0.0397303 seconds
Number of updated asset objects reloaded before import = 0Number of asset objects unloaded after import = 3

========================================================================
Received Import Request.
  Time since last request: 0.000024 seconds.
  path: Assets/LUTE/ThirdPartyAssets/XR/Samples/XR Interaction Toolkit/3.0.7/Starter Assets/DemoSceneAssets/Scripts/MultiAnchorTeleportReticle.cs
  artifactKey: Guid(8410a9ee449d4be4e8d839215d2818fa) Importer(2089858483,0ecaa5967403d082aa24f35e1b516d23)
Start importing Assets/LUTE/ThirdPartyAssets/XR/Samples/XR Interaction Toolkit/3.0.7/Starter Assets/DemoSceneAssets/Scripts/MultiAnchorTeleportReticle.cs using Guid(8410a9ee449d4be4e8d839215d2818fa) Importer(2089858483,0ecaa5967403d082aa24f35e1b516d23) (ScriptedImporter) -> (artifact id: 'f2a9297f2e0a4771fec1d449304d9c5c') in 0.0244638 seconds
Number of updated asset objects reloaded before import = 0Number of asset objects unloaded after import = 0

========================================================================
Received Import Request.
  Time since last request: 0.000139 seconds.
  path: Assets/LUTE_Starter Scenes/Scenes/Games/DesignerCreated/Testing/AlbertoDemo/Resources/ObjectInfo/HistoryInfo_Obelisk.asset
  artifactKey: Guid(121be63f92810534facdb4549f93c78f) Importer(2089858483,0ecaa5967403d082aa24f35e1b516d23)
Start importing Assets/LUTE_Starter Scenes/Scenes/Games/DesignerCreated/Testing/AlbertoDemo/Resources/ObjectInfo/HistoryInfo_Obelisk.asset using Guid(121be63f92810534facdb4549f93c78f) Importer(2089858483,0ecaa5967403d082aa24f35e1b516d23) (ScriptedImporter) -> (artifact id: 'b4ac9bf19f2fd5fcc05a2667e5f96d02') in 0.0427571 seconds
Number of updated asset objects reloaded before import = 0Number of asset objects unloaded after import = 33

========================================================================
Received Import Request.
  Time since last request: 0.000019 seconds.
  path: Assets/LUTE_Starter Scenes/Mapbox/Resources/MapboxStyles/Styles/MapboxSampleStyles/Realistic/Assets/Textures/RealisticSideMetallic.png
  artifactKey: Guid(c3370fc9cdec647fcb05b4bcfb13aa37) Importer(2089858483,0ecaa5967403d082aa24f35e1b516d23)
Start importing Assets/LUTE_Starter Scenes/Mapbox/Resources/MapboxStyles/Styles/MapboxSampleStyles/Realistic/Assets/Textures/RealisticSideMetallic.png using Guid(c3370fc9cdec647fcb05b4bcfb13aa37) Importer(2089858483,0ecaa5967403d082aa24f35e1b516d23) (ScriptedImporter) -> (artifact id: '396ec16a96f64629cc0a203013b6b8cf') in 0.1711481 seconds
Number of updated asset objects reloaded before import = 0Number of asset objects unloaded after import = 1

========================================================================
Received Import Request.
  Time since last request: 0.000025 seconds.
  path: Assets/LUTE_Starter Scenes/Mapbox/Resources/MapboxStyles/Styles/MapboxSampleStyles/Fantasy/Assets/Textures/FantasyNormal.png
  artifactKey: Guid(cc9fc53d1707044a89869011758a4ace) Importer(2089858483,0ecaa5967403d082aa24f35e1b516d23)
Start importing Assets/LUTE_Starter Scenes/Mapbox/Resources/MapboxStyles/Styles/MapboxSampleStyles/Fantasy/Assets/Textures/FantasyNormal.png using Guid(cc9fc53d1707044a89869011758a4ace) Importer(2089858483,0ecaa5967403d082aa24f35e1b516d23) (ScriptedImporter) -> (artifact id: 'e2443ff079ea208af7ee1c831cb9c7a1') in 0.1736462 seconds
Number of updated asset objects reloaded before import = 0Number of asset objects unloaded after import = 1

========================================================================
Received Import Request.
  Time since last request: 0.000042 seconds.
  path: Assets/LUTE/ThirdPartyAssets/XR/Samples/XR Interaction Toolkit/3.0.7/Starter Assets/Prefabs/Interactors/Left_NearFarInteractor.prefab
  artifactKey: Guid(3d90f714eda339f44a0ebdbb313c4d2c) Importer(2089858483,0ecaa5967403d082aa24f35e1b516d23)
Start importing Assets/LUTE/ThirdPartyAssets/XR/Samples/XR Interaction Toolkit/3.0.7/Starter Assets/Prefabs/Interactors/Left_NearFarInteractor.prefab using Guid(3d90f714eda339f44a0ebdbb313c4d2c) Importer(2089858483,0ecaa5967403d082aa24f35e1b516d23) (ScriptedImporter) -> (artifact id: '310d365e7fcf01a1d481d3643caa2b65') in 0.4484587 seconds
Number of updated asset objects reloaded before import = 0Number of asset objects unloaded after import = 15

========================================================================
Received Import Request.
  Time since last request: 0.000033 seconds.
  path: Assets/LUTE/ThirdPartyAssets/XR/Samples/XR Interaction Toolkit/3.0.7/Starter Assets/Prefabs/Teleport/Directional Teleport Reticle.prefab
  artifactKey: Guid(9be4dd0931cb92a499ae4ec0695aad1d) Importer(2089858483,0ecaa5967403d082aa24f35e1b516d23)
Start importing Assets/LUTE/ThirdPartyAssets/XR/Samples/XR Interaction Toolkit/3.0.7/Starter Assets/Prefabs/Teleport/Directional Teleport Reticle.prefab using Guid(9be4dd0931cb92a499ae4ec0695aad1d) Importer(2089858483,0ecaa5967403d082aa24f35e1b516d23) (ScriptedImporter) -> (artifact id: '375b2a0c99c85e9f5090c2f0ede87765') in 0.0954436 seconds
Number of updated asset objects reloaded before import = 0Number of asset objects unloaded after import = 10

========================================================================
Received Import Request.
  Time since last request: 0.000053 seconds.
  path: Assets/LUTE/ThirdPartyAssets/XR/Samples/XR Interaction Toolkit/3.0.7/Starter Assets/Prefabs/Interactors/Teleport Interactor.prefab
  artifactKey: Guid(4c22c0e0eeef29e4ba5b9e3c32bc8e6e) Importer(2089858483,0ecaa5967403d082aa24f35e1b516d23)
Start importing Assets/LUTE/ThirdPartyAssets/XR/Samples/XR Interaction Toolkit/3.0.7/Starter Assets/Prefabs/Interactors/Teleport Interactor.prefab using Guid(4c22c0e0eeef29e4ba5b9e3c32bc8e6e) Importer(2089858483,0ecaa5967403d082aa24f35e1b516d23) (ScriptedImporter) -> (artifact id: 'bc95c9d949934ab775bb266117a02d20') in 0.2411431 seconds
Number of updated asset objects reloaded before import = 0Number of asset objects unloaded after import = 10

========================================================================
Received Import Request.
  Time since last request: 0.000027 seconds.
  path: Assets/LUTE/ThirdPartyAssets/XR/Samples/XR Interaction Toolkit/3.0.7/Starter Assets/Shaders/BiRP_Fresnel.shader
  artifactKey: Guid(240a57e88337d1a4283e4ef0014c2cf4) Importer(2089858483,0ecaa5967403d082aa24f35e1b516d23)
Start importing Assets/LUTE/ThirdPartyAssets/XR/Samples/XR Interaction Toolkit/3.0.7/Starter Assets/Shaders/BiRP_Fresnel.shader using Guid(240a57e88337d1a4283e4ef0014c2cf4) Importer(2089858483,0ecaa5967403d082aa24f35e1b516d23) (ScriptedImporter) -> (artifact id: '67daf9daf9a91df4547a4d66bdf88499') in 0.0652101 seconds
Number of updated asset objects reloaded before import = 0Number of asset objects unloaded after import = 1

========================================================================
Received Import Request.
  Time since last request: 0.000040 seconds.
  path: Assets/LUTE_Starter Scenes/Mapbox/Core/Plugins/sqlite/Android/libs/x86/libsqlite3.so
  artifactKey: Guid(fa9cbdc3a67e5fd4baeb5d0dd3f4cf71) Importer(2089858483,0ecaa5967403d082aa24f35e1b516d23)
Start importing Assets/LUTE_Starter Scenes/Mapbox/Core/Plugins/sqlite/Android/libs/x86/libsqlite3.so using Guid(fa9cbdc3a67e5fd4baeb5d0dd3f4cf71) Importer(2089858483,0ecaa5967403d082aa24f35e1b516d23) (ScriptedImporter) -> (artifact id: 'e5d5b86892444b83213926f46d403a8f') in 0.0238791 seconds
Number of updated asset objects reloaded before import = 0Number of asset objects unloaded after import = 0

========================================================================
Received Import Request.
  Time since last request: 0.000056 seconds.
  path: Assets/LUTE_Starter Scenes/Scenes/Games/DesignerCreated/Testing/AlbertoDemo/Sprites/Icons/HistoryItems_Icons/Avebury Stone Circles Reconstruction.jpg
  artifactKey: Guid(14c14a8e73ba6d4489ec21defe61397d) Importer(2089858483,0ecaa5967403d082aa24f35e1b516d23)
Start importing Assets/LUTE_Starter Scenes/Scenes/Games/DesignerCreated/Testing/AlbertoDemo/Sprites/Icons/HistoryItems_Icons/Avebury Stone Circles Reconstruction.jpg using Guid(14c14a8e73ba6d4489ec21defe61397d) Importer(2089858483,0ecaa5967403d082aa24f35e1b516d23) (ScriptedImporter) -> (artifact id: '879e77f7306c3264f27eaa6ab3202d09') in 0.0698622 seconds
Number of updated asset objects reloaded before import = 0Number of asset objects unloaded after import = 3

========================================================================
Received Import Request.
  Time since last request: 0.000022 seconds.
  path: Assets/LUTE_Starter Scenes/Scenes/Games/DesignerCreated/Testing/AlbertoDemo/Sprites/Icons/Geotags/progress50.png
  artifactKey: Guid(aa5b9127707dd584da7407b25f6ddf79) Importer(2089858483,0ecaa5967403d082aa24f35e1b516d23)
Start importing Assets/LUTE_Starter Scenes/Scenes/Games/DesignerCreated/Testing/AlbertoDemo/Sprites/Icons/Geotags/progress50.png using Guid(aa5b9127707dd584da7407b25f6ddf79) Importer(2089858483,0ecaa5967403d082aa24f35e1b516d23) (ScriptedImporter) -> (artifact id: '5d20421d7af490b4d77bb5deb1b6e614') in 0.0461468 seconds
Number of updated asset objects reloaded before import = 0Number of asset objects unloaded after import = 3

========================================================================
Received Import Request.
  Time since last request: 0.000628 seconds.
  path: Assets/LUTE_Starter Scenes/Scenes/Games/DesignerCreated/Testing/AlbertoDemo/Sprites/Icons/Geotags/undiscovered50.png
  artifactKey: Guid(bcaf9534524471c499aed34eb5f49111) Importer(2089858483,0ecaa5967403d082aa24f35e1b516d23)
Start importing Assets/LUTE_Starter Scenes/Scenes/Games/DesignerCreated/Testing/AlbertoDemo/Sprites/Icons/Geotags/undiscovered50.png using Guid(bcaf9534524471c499aed34eb5f49111) Importer(2089858483,0ecaa5967403d082aa24f35e1b516d23) (ScriptedImporter) -> (artifact id: '653add39830451a206d4f960879f13e0') in 0.0657653 seconds
Number of updated asset objects reloaded before import = 0Number of asset objects unloaded after import = 3

========================================================================
Received Import Request.
  Time since last request: 0.000027 seconds.
  path: Assets/LUTE/ThirdPartyAssets/XR/Samples/XR Interaction Toolkit/3.0.7/Starter Assets/DemoSceneAssets/Prefabs/Climb/Climbing Wall.prefab
  artifactKey: Guid(4f0bf48694cb8834d98343e7da83e8b2) Importer(2089858483,0ecaa5967403d082aa24f35e1b516d23)
Start importing Assets/LUTE/ThirdPartyAssets/XR/Samples/XR Interaction Toolkit/3.0.7/Starter Assets/DemoSceneAssets/Prefabs/Climb/Climbing Wall.prefab using Guid(4f0bf48694cb8834d98343e7da83e8b2) Importer(2089858483,0ecaa5967403d082aa24f35e1b516d23) (ScriptedImporter) -> (artifact id: 'cd05a54f66bb978b4c9d22a75cf07a3f') in 0.0589068 seconds
Number of updated asset objects reloaded before import = 0Number of asset objects unloaded after import = 344

========================================================================
Received Import Request.
  Time since last request: 0.000024 seconds.
  path: Assets/LUTE_Starter Scenes/Scenes/Games/DesignerCreated/Testing/AlbertoDemo/Sprites/Icons/Geotags/default100_new.png
  artifactKey: Guid(d764252b019bccb48bc36a1869796494) Importer(2089858483,0ecaa5967403d082aa24f35e1b516d23)
Start importing Assets/LUTE_Starter Scenes/Scenes/Games/DesignerCreated/Testing/AlbertoDemo/Sprites/Icons/Geotags/default100_new.png using Guid(d764252b019bccb48bc36a1869796494) Importer(2089858483,0ecaa5967403d082aa24f35e1b516d23) (ScriptedImporter) -> (artifact id: 'bf95f70ff8b00607902068e407668101') in 0.0402879 seconds
Number of updated asset objects reloaded before import = 0Number of asset objects unloaded after import = 3

========================================================================
Received Import Request.
  Time since last request: 0.000026 seconds.
  path: Assets/LUTE/ThirdPartyAssets/XR/Samples/XR Interaction Toolkit/3.0.7/Starter Assets/DemoSceneAssets/Prefabs/Interactables/Cylinder.prefab
  artifactKey: Guid(09616319450bb324984b21bcffcdec44) Importer(2089858483,0ecaa5967403d082aa24f35e1b516d23)
Start importing Assets/LUTE/ThirdPartyAssets/XR/Samples/XR Interaction Toolkit/3.0.7/Starter Assets/DemoSceneAssets/Prefabs/Interactables/Cylinder.prefab using Guid(09616319450bb324984b21bcffcdec44) Importer(2089858483,0ecaa5967403d082aa24f35e1b516d23) (ScriptedImporter) -> (artifact id: '6d98f98d028969bcbfa63ca257094ae9') in 0.0798768 seconds
Number of updated asset objects reloaded before import = 0Number of asset objects unloaded after import = 14

========================================================================
Received Import Request.
  Time since last request: 0.000033 seconds.
  path: Assets/LUTE/ThirdPartyAssets/XR/Samples/XR Interaction Toolkit/3.0.7/Starter Assets/DemoSceneAssets/Textures/Concrete_Albedo.tif
  artifactKey: Guid(e9c25850d32201e479de45597c9da4b1) Importer(2089858483,0ecaa5967403d082aa24f35e1b516d23)
Start importing Assets/LUTE/ThirdPartyAssets/XR/Samples/XR Interaction Toolkit/3.0.7/Starter Assets/DemoSceneAssets/Textures/Concrete_Albedo.tif using Guid(e9c25850d32201e479de45597c9da4b1) Importer(2089858483,0ecaa5967403d082aa24f35e1b516d23) (ScriptedImporter) -> (artifact id: '419977612ba1b4bd23d2c8619b9e5e86') in 0.0642468 seconds
Number of updated asset objects reloaded before import = 0Number of asset objects unloaded after import = 1

========================================================================
Received Import Request.
  Time since last request: 0.000564 seconds.
  path: Assets/LUTE/ThirdPartyAssets/XR/Samples/XR Interaction Toolkit/3.0.7/Starter Assets/DemoSceneAssets/Sprites/LegibilityMask.png
  artifactKey: Guid(e1231703718185747aed268b83936195) Importer(2089858483,0ecaa5967403d082aa24f35e1b516d23)
Start importing Assets/LUTE/ThirdPartyAssets/XR/Samples/XR Interaction Toolkit/3.0.7/Starter Assets/DemoSceneAssets/Sprites/LegibilityMask.png using Guid(e1231703718185747aed268b83936195) Importer(2089858483,0ecaa5967403d082aa24f35e1b516d23) (ScriptedImporter) -> (artifact id: '9aa71037bd993d8a659e066d41482daf') in 0.1791355 seconds
Number of updated asset objects reloaded before import = 0Number of asset objects unloaded after import = 3

========================================================================
Received Import Request.
  Time since last request: 0.000024 seconds.
  path: Assets/LUTE/ThirdPartyAssets/XR/Samples/XR Interaction Toolkit/3.0.7/Starter Assets/DemoSceneAssets/Prefabs/Teleport/Teleport Area.prefab
  artifactKey: Guid(03f7df5ac82ad4940b6658074c464d70) Importer(2089858483,0ecaa5967403d082aa24f35e1b516d23)
Start importing Assets/LUTE/ThirdPartyAssets/XR/Samples/XR Interaction Toolkit/3.0.7/Starter Assets/DemoSceneAssets/Prefabs/Teleport/Teleport Area.prefab using Guid(03f7df5ac82ad4940b6658074c464d70) Importer(2089858483,0ecaa5967403d082aa24f35e1b516d23) (ScriptedImporter) -> (artifact id: 'd00d71882f6ab4b85f08a8ec6e71c1c1') in 0.0827319 seconds
Number of updated asset objects reloaded before import = 0Number of asset objects unloaded after import = 10

========================================================================
Received Import Request.
  Time since last request: 0.000038 seconds.
  path: Assets/LUTE/ThirdPartyAssets/XR/Samples/XR Interaction Toolkit/3.0.7/Starter Assets/DemoSceneAssets/Prefabs/Teleport/Snap Teleport Anchor.prefab
  artifactKey: Guid(4755e59db57500346ae8e1c911730ba6) Importer(2089858483,0ecaa5967403d082aa24f35e1b516d23)
Start importing Assets/LUTE/ThirdPartyAssets/XR/Samples/XR Interaction Toolkit/3.0.7/Starter Assets/DemoSceneAssets/Prefabs/Teleport/Snap Teleport Anchor.prefab using Guid(4755e59db57500346ae8e1c911730ba6) Importer(2089858483,0ecaa5967403d082aa24f35e1b516d23) (ScriptedImporter) -> (artifact id: 'f455dd37a788f5da5fc9ec1c4848b9b3') in 0.0319705 seconds
Number of updated asset objects reloaded before import = 0Number of asset objects unloaded after import = 2

========================================================================
Received Import Request.
  Time since last request: 0.000026 seconds.
  path: Assets/LUTE/ThirdPartyAssets/XR/Samples/XR Interaction Toolkit/3.0.7/Starter Assets/DemoSceneAssets/Sprites/Round Radius 4 Outline.png
  artifactKey: Guid(08f7d8104255fae4cad1e62479f9c614) Importer(2089858483,0ecaa5967403d082aa24f35e1b516d23)
Start importing Assets/LUTE/ThirdPartyAssets/XR/Samples/XR Interaction Toolkit/3.0.7/Starter Assets/DemoSceneAssets/Sprites/Round Radius 4 Outline.png using Guid(08f7d8104255fae4cad1e62479f9c614) Importer(2089858483,0ecaa5967403d082aa24f35e1b516d23) (ScriptedImporter) -> (artifact id: 'e229e057cfdf308c0ff78a8f7e3eff8f') in 0.0715657 seconds
Number of updated asset objects reloaded before import = 0Number of asset objects unloaded after import = 3

========================================================================
Received Import Request.
  Time since last request: 0.000022 seconds.
  path: Assets/LUTE/ThirdPartyAssets/XR/Samples/XR Interaction Toolkit/3.0.7/Starter Assets/Prefabs/Affordances/PokePointerAffordance.prefab
  artifactKey: Guid(7ca509541448fea4ba1555544ab5e2f1) Importer(2089858483,0ecaa5967403d082aa24f35e1b516d23)
Start importing Assets/LUTE/ThirdPartyAssets/XR/Samples/XR Interaction Toolkit/3.0.7/Starter Assets/Prefabs/Affordances/PokePointerAffordance.prefab using Guid(7ca509541448fea4ba1555544ab5e2f1) Importer(2089858483,0ecaa5967403d082aa24f35e1b516d23) (ScriptedImporter) -> (artifact id: 'f4848206948ddfa10d67bbb6675f8b92') in 0.0580996 seconds
Number of updated asset objects reloaded before import = 0Number of asset objects unloaded after import = 14

========================================================================
Received Import Request.
  Time since last request: 0.000028 seconds.
  path: Assets/LUTE/ThirdPartyAssets/XR/Samples/XR Interaction Toolkit/3.0.7/AR Starter Assets/ARDemoSceneAssets/Prefabs/Cylinder.prefab
  artifactKey: Guid(eccc9450810907a4a89a29ef4ecf1fd2) Importer(2089858483,0ecaa5967403d082aa24f35e1b516d23)
Start importing Assets/LUTE/ThirdPartyAssets/XR/Samples/XR Interaction Toolkit/3.0.7/AR Starter Assets/ARDemoSceneAssets/Prefabs/Cylinder.prefab using Guid(eccc9450810907a4a89a29ef4ecf1fd2) Importer(2089858483,0ecaa5967403d082aa24f35e1b516d23) (ScriptedImporter) -> (artifact id: '5615bf4ac0a128c408fa4ce99cf3759b') in 0.0514053 seconds
Number of updated asset objects reloaded before import = 0Number of asset objects unloaded after import = 16

========================================================================
Received Import Request.
  Time since last request: 0.000027 seconds.
  path: Assets/LUTE_Starter Scenes/Sprites/CharacterHeads/Animals/Square without details/parrot.png
  artifactKey: Guid(8dce4cdc7b4cb5444b041deab8324db5) Importer(2089858483,0ecaa5967403d082aa24f35e1b516d23)
Start importing Assets/LUTE_Starter Scenes/Sprites/CharacterHeads/Animals/Square without details/parrot.png using Guid(8dce4cdc7b4cb5444b041deab8324db5) Importer(2089858483,0ecaa5967403d082aa24f35e1b516d23) (ScriptedImporter) -> (artifact id: 'b7d9efa23327681be5f060169f91cb70') in 0.0602982 seconds
Number of updated asset objects reloaded before import = 0Number of asset objects unloaded after import = 3

========================================================================
Received Import Request.
  Time since last request: 0.000038 seconds.
  path: Assets/LUTE_Starter Scenes/Mapbox/Examples/2_AstronautGame/AstronautGame/Astronaut/AstronautMouseController.cs
  artifactKey: Guid(7131041864ed14f44865fa1d8e27b411) Importer(2089858483,0ecaa5967403d082aa24f35e1b516d23)
Start importing Assets/LUTE_Starter Scenes/Mapbox/Examples/2_AstronautGame/AstronautGame/Astronaut/AstronautMouseController.cs using Guid(7131041864ed14f44865fa1d8e27b411) Importer(2089858483,0ecaa5967403d082aa24f35e1b516d23) (ScriptedImporter) -> (artifact id: 'c6c5a5cba00f15b82e0948461d8ad08c') in 0.0226439 seconds
Number of updated asset objects reloaded before import = 0Number of asset objects unloaded after import = 0

========================================================================
Received Import Request.
  Time since last request: 0.000082 seconds.
  path: Assets/LUTE_Starter Scenes/Sprites/CharacterHeads/Animals/Round without details/penguin.png
  artifactKey: Guid(9bea832e3f60b1940a1f336896699b82) Importer(2089858483,0ecaa5967403d082aa24f35e1b516d23)
Start importing Assets/LUTE_Starter Scenes/Sprites/CharacterHeads/Animals/Round without details/penguin.png using Guid(9bea832e3f60b1940a1f336896699b82) Importer(2089858483,0ecaa5967403d082aa24f35e1b516d23) (ScriptedImporter) -> (artifact id: 'fcd0a9cef517afa6a8525f34954e6cb5') in 0.0480819 seconds
Number of updated asset objects reloaded before import = 0Number of asset objects unloaded after import = 3

========================================================================
Received Import Request.
  Time since last request: 0.000921 seconds.
  path: Assets/LUTE/ThirdPartyAssets/InventoryEngine/MMTools/MMAudio/MMSoundManager/Settings/MMSoundManagerSettings.asset
  artifactKey: Guid(07ea3ff88e1ecb84d91f58aa804badc6) Importer(2089858483,0ecaa5967403d082aa24f35e1b516d23)
Start importing Assets/LUTE/ThirdPartyAssets/InventoryEngine/MMTools/MMAudio/MMSoundManager/Settings/MMSoundManagerSettings.asset using Guid(07ea3ff88e1ecb84d91f58aa804badc6) Importer(2089858483,0ecaa5967403d082aa24f35e1b516d23) (ScriptedImporter)Refreshing native plugins compatible for Editor in 134.62 ms, found 6 plugins.
Preloading 0 native plugins for Editor in 0.00 ms.
Refreshing native plugins compatible for Editor in 12.26 ms, found 6 plugins.
Preloading 0 native plugins for Editor in 0.00 ms.
Refreshing native plugins compatible for Editor in 13.39 ms, found 6 plugins.
Preloading 0 native plugins for Editor in 0.00 ms.
Refreshing native plugins compatible for Editor in 8.95 ms, found 6 plugins.
Preloading 0 native plugins for Editor in 0.00 ms.
Refreshing native plugins compatible for Editor in 8.45 ms, found 6 plugins.
Preloading 0 native plugins for Editor in 0.00 ms.
 -> (artifact id: '73b56ac2560673e70375db102770c654') in 0.3008411 seconds
Number of updated asset objects reloaded before import = 0Number of asset objects unloaded after import = 11

========================================================================
Received Import Request.
  Time since last request: 0.000029 seconds.
  path: Assets/LUTE_Starter Scenes/Mapbox/Core/cheap-ruler-cs/Tests/Editor/MapboxUnitTests_CheapRulerCs.cs
  artifactKey: Guid(a618de68ec1d47d4895ef5b3200b2c88) Importer(2089858483,0ecaa5967403d082aa24f35e1b516d23)
Start importing Assets/LUTE_Starter Scenes/Mapbox/Core/cheap-ruler-cs/Tests/Editor/MapboxUnitTests_CheapRulerCs.cs using Guid(a618de68ec1d47d4895ef5b3200b2c88) Importer(2089858483,0ecaa5967403d082aa24f35e1b516d23) (ScriptedImporter) -> (artifact id: '259466f9ca5a06c3585b8adaf81838b8') in 0.0286844 seconds
Number of updated asset objects reloaded before import = 0Number of asset objects unloaded after import = 0

========================================================================
Received Import Request.
  Time since last request: 0.000119 seconds.
  path: Assets/LUTE_Starter Scenes/Mapbox/Unity/MeshGeneration/Modifiers/GameObjectModifiers/AddToCollectionModifier.cs
  artifactKey: Guid(4538b91da572dfa41adf689573eaba4b) Importer(2089858483,0ecaa5967403d082aa24f35e1b516d23)
Start importing Assets/LUTE_Starter Scenes/Mapbox/Unity/MeshGeneration/Modifiers/GameObjectModifiers/AddToCollectionModifier.cs using Guid(4538b91da572dfa41adf689573eaba4b) Importer(2089858483,0ecaa5967403d082aa24f35e1b516d23) (ScriptedImporter) -> (artifact id: 'e6213e0b4e073b847e2bb2c8034547a3') in 0.0361855 seconds
Number of updated asset objects reloaded before import = 0Number of asset objects unloaded after import = 0

========================================================================
Received Import Request.
  Time since last request: 0.000032 seconds.
  path: Assets/LUTE/ThirdPartyAssets/BogGames/Bog_Achievements/Scripts/Core/Display/BogAchievementListCanvasDisplayer.cs
  artifactKey: Guid(67730aaa89b5658409c07dd30a7ecf82) Importer(2089858483,0ecaa5967403d082aa24f35e1b516d23)
Start importing Assets/LUTE/ThirdPartyAssets/BogGames/Bog_Achievements/Scripts/Core/Display/BogAchievementListCanvasDisplayer.cs using Guid(67730aaa89b5658409c07dd30a7ecf82) Importer(2089858483,0ecaa5967403d082aa24f35e1b516d23) (ScriptedImporter) -> (artifact id: 'fa03e8884e37abe5308d96c45dcee4ab') in 0.0277899 seconds
Number of updated asset objects reloaded before import = 0Number of asset objects unloaded after import = 0

========================================================================
Received Import Request.
  Time since last request: 0.000020 seconds.
  path: Assets/LUTE_Starter Scenes/Mapbox/Unity/Map/Strategies/MapPlacementAtLocationCenterStrategy.cs
  artifactKey: Guid(d44d0606bd83495bab6d3da0a48ad090) Importer(2089858483,0ecaa5967403d082aa24f35e1b516d23)
Start importing Assets/LUTE_Starter Scenes/Mapbox/Unity/Map/Strategies/MapPlacementAtLocationCenterStrategy.cs using Guid(d44d0606bd83495bab6d3da0a48ad090) Importer(2089858483,0ecaa5967403d082aa24f35e1b516d23) (ScriptedImporter) -> (artifact id: '5d55665667ecd982d8ef157749a11729') in 0.0202146 seconds
Number of updated asset objects reloaded before import = 0Number of asset objects unloaded after import = 0

========================================================================
Received Import Request.
  Time since last request: 0.000068 seconds.
  path: Assets/LUTE_Starter Scenes/Mapbox/Examples/2_AstronautGame/AstronautGame/Building/LocationBuildingMaterialModifier.asset
  artifactKey: Guid(d819a9dc4ee96d94abd9b7391fef02c7) Importer(2089858483,0ecaa5967403d082aa24f35e1b516d23)
Start importing Assets/LUTE_Starter Scenes/Mapbox/Examples/2_AstronautGame/AstronautGame/Building/LocationBuildingMaterialModifier.asset using Guid(d819a9dc4ee96d94abd9b7391fef02c7) Importer(2089858483,0ecaa5967403d082aa24f35e1b516d23) (ScriptedImporter) -> (artifact id: 'cff241eda705a8929a38fd9258e11062') in 0.020488 seconds
Number of updated asset objects reloaded before import = 0Number of asset objects unloaded after import = 1

========================================================================
Received Import Request.
  Time since last request: 0.000020 seconds.
  path: Assets/LUTE_Starter Scenes/Mapbox/Unity/Location/Logging/LocationLogWriter.cs
  artifactKey: Guid(2949fba833e7b6b45aca033b7289b971) Importer(2089858483,0ecaa5967403d082aa24f35e1b516d23)
Start importing Assets/LUTE_Starter Scenes/Mapbox/Unity/Location/Logging/LocationLogWriter.cs using Guid(2949fba833e7b6b45aca033b7289b971) Importer(2089858483,0ecaa5967403d082aa24f35e1b516d23) (ScriptedImporter) -> (artifact id: '81465e230a6c746e6a492b496e245fb6') in 0.0217944 seconds
Number of updated asset objects reloaded before import = 0Number of asset objects unloaded after import = 0

========================================================================
Received Import Request.
  Time since last request: 0.000056 seconds.
  path: Assets/LUTE/ThirdPartyAssets/XR/Samples/XR Interaction Toolkit/3.0.7/AR Starter Assets/ARDemoSceneAssets/Animation/ObjectMenu.controller
  artifactKey: Guid(f32251b205a577040a3586ee09c2d328) Importer(2089858483,0ecaa5967403d082aa24f35e1b516d23)
Start importing Assets/LUTE/ThirdPartyAssets/XR/Samples/XR Interaction Toolkit/3.0.7/AR Starter Assets/ARDemoSceneAssets/Animation/ObjectMenu.controller using Guid(f32251b205a577040a3586ee09c2d328) Importer(2089858483,0ecaa5967403d082aa24f35e1b516d23) (ScriptedImporter) -> (artifact id: 'fc9bc5783eed28dc9831f3628c2f4ab5') in 0.0379249 seconds
Number of updated asset objects reloaded before import = 0Number of asset objects unloaded after import = 6

========================================================================
Received Import Request.
  Time since last request: 0.000024 seconds.
  path: Assets/LUTE_Starter Scenes/Mapbox/Examples/1_DataExplorer/Modules/RoadLayer/ExplorerRoadLayer.asset
  artifactKey: Guid(afa80ab007e84c0429862718768059e8) Importer(2089858483,0ecaa5967403d082aa24f35e1b516d23)
Start importing Assets/LUTE_Starter Scenes/Mapbox/Examples/1_DataExplorer/Modules/RoadLayer/ExplorerRoadLayer.asset using Guid(afa80ab007e84c0429862718768059e8) Importer(2089858483,0ecaa5967403d082aa24f35e1b516d23) (ScriptedImporter) -> (artifact id: '2acad0c6382c51ae7cd0aa6cf4d54dc7') in 0.0363272 seconds
Number of updated asset objects reloaded before import = 0Number of asset objects unloaded after import = 1

========================================================================
Received Import Request.
  Time since last request: 0.000072 seconds.
  path: Assets/LUTE_Starter Scenes/Scenes/Games/DesignerCreated/Testing/AlbertoDemo/Resources/Locations/LOCINFO6.asset
  artifactKey: Guid(5b49f528c49bb59438920a1ac10e6ccf) Importer(2089858483,0ecaa5967403d082aa24f35e1b516d23)
Start importing Assets/LUTE_Starter Scenes/Scenes/Games/DesignerCreated/Testing/AlbertoDemo/Resources/Locations/LOCINFO6.asset using Guid(5b49f528c49bb59438920a1ac10e6ccf) Importer(2089858483,0ecaa5967403d082aa24f35e1b516d23) (ScriptedImporter) -> (artifact id: '51a1abd3e4e78d8b55da9cba45c245a7') in 0.0359322 seconds
Number of updated asset objects reloaded before import = 0Number of asset objects unloaded after import = 4

========================================================================
Received Import Request.
  Time since last request: 0.000036 seconds.
  path: Assets/LUTE/ThirdPartyAssets/XR/Samples/XR Interaction Toolkit/3.0.7/AR Starter Assets/ARDemoSceneAssets/Models/Primitive_Wedge.fbx
  artifactKey: Guid(c3789e719e742d64a902d4671faa97ae) Importer(2089858483,0ecaa5967403d082aa24f35e1b516d23)
Start importing Assets/LUTE/ThirdPartyAssets/XR/Samples/XR Interaction Toolkit/3.0.7/AR Starter Assets/ARDemoSceneAssets/Models/Primitive_Wedge.fbx using Guid(c3789e719e742d64a902d4671faa97ae) Importer(2089858483,0ecaa5967403d082aa24f35e1b516d23) (ScriptedImporter) -> (artifact id: '275c14df18b33508e7d00deab22bcb8d') in 0.0410095 seconds
Number of updated asset objects reloaded before import = 0Number of asset objects unloaded after import = 7

========================================================================
Received Import Request.
  Time since last request: 0.000019 seconds.
  path: Assets/LUTE_Starter Scenes/Mapbox/Examples/1_DataExplorer/Modules/LanduseLayer/ExplorerGreenMaterialModifier.asset
  artifactKey: Guid(f893e6521b12f6544856c461190f04fe) Importer(2089858483,0ecaa5967403d082aa24f35e1b516d23)
Start importing Assets/LUTE_Starter Scenes/Mapbox/Examples/1_DataExplorer/Modules/LanduseLayer/ExplorerGreenMaterialModifier.asset using Guid(f893e6521b12f6544856c461190f04fe) Importer(2089858483,0ecaa5967403d082aa24f35e1b516d23) (ScriptedImporter) -> (artifact id: 'dd8cb7fab0eba32268592643ce5b833c') in 0.0196976 seconds
Number of updated asset objects reloaded before import = 0Number of asset objects unloaded after import = 1

========================================================================
Received Import Request.
  Time since last request: 0.000023 seconds.
  path: Assets/LUTE_Starter Scenes/Sprites/CharacterHeads/Animals/Square/hippo.png
  artifactKey: Guid(ee7c5671788d6614788326fffa32ac03) Importer(2089858483,0ecaa5967403d082aa24f35e1b516d23)
Start importing Assets/LUTE_Starter Scenes/Sprites/CharacterHeads/Animals/Square/hippo.png using Guid(ee7c5671788d6614788326fffa32ac03) Importer(2089858483,0ecaa5967403d082aa24f35e1b516d23) (ScriptedImporter) -> (artifact id: '5e2052959e683de36fb1e8aaa065258b') in 0.041412 seconds
Number of updated asset objects reloaded before import = 0Number of asset objects unloaded after import = 3

========================================================================
Received Import Request.
  Time since last request: 0.000019 seconds.
  path: Assets/LUTE_Starter Scenes/Scenes/Games/AR/Scripts/ARPlaneDebugVisualizer.cs
  artifactKey: Guid(0201b4152ef76644fa48189a522a55a2) Importer(2089858483,0ecaa5967403d082aa24f35e1b516d23)
Start importing Assets/LUTE_Starter Scenes/Scenes/Games/AR/Scripts/ARPlaneDebugVisualizer.cs using Guid(0201b4152ef76644fa48189a522a55a2) Importer(2089858483,0ecaa5967403d082aa24f35e1b516d23) (ScriptedImporter) -> (artifact id: '165b4915e44d6954c4933aad56ec3352') in 0.0197099 seconds
Number of updated asset objects reloaded before import = 0Number of asset objects unloaded after import = 0

========================================================================
Received Import Request.
  Time since last request: 0.000052 seconds.
  path: Assets/LUTE_Starter Scenes/Scenes/Games/AR/Events/ARRaycastHitEventAsset.cs
  artifactKey: Guid(a5a7ed5a4d467344695d758b50b8d58c) Importer(2089858483,0ecaa5967403d082aa24f35e1b516d23)
Start importing Assets/LUTE_Starter Scenes/Scenes/Games/AR/Events/ARRaycastHitEventAsset.cs using Guid(a5a7ed5a4d467344695d758b50b8d58c) Importer(2089858483,0ecaa5967403d082aa24f35e1b516d23) (ScriptedImporter) -> (artifact id: '7a2a99bc786c2407100de33f3342c5d6') in 0.0222576 seconds
Number of updated asset objects reloaded before import = 0Number of asset objects unloaded after import = 0

========================================================================
Received Import Request.
  Time since last request: 0.000053 seconds.
  path: Assets/LUTE/ThirdPartyAssets/BogGames/Bog_Achievements/Examples/Resources/BogsExampleAchievementsList.asset
  artifactKey: Guid(1ee6b5c81ed87064490e6dcf5c4e216d) Importer(2089858483,0ecaa5967403d082aa24f35e1b516d23)
Start importing Assets/LUTE/ThirdPartyAssets/BogGames/Bog_Achievements/Examples/Resources/BogsExampleAchievementsList.asset using Guid(1ee6b5c81ed87064490e6dcf5c4e216d) Importer(2089858483,0ecaa5967403d082aa24f35e1b516d23) (ScriptedImporter) -> (artifact id: '90db8369a5edc41b473ce9d9574e0027') in 0.0424458 seconds
Number of updated asset objects reloaded before import = 0Number of asset objects unloaded after import = 4

========================================================================
Received Import Request.
  Time since last request: 0.000029 seconds.
  path: Assets/LUTE_Starter Scenes/Sprites/CharacterHeads/Animals/Square without details (outline)/pig.png
  artifactKey: Guid(294beb8c0666bbf4d8e8b544145228ae) Importer(2089858483,0ecaa5967403d082aa24f35e1b516d23)
Start importing Assets/LUTE_Starter Scenes/Sprites/CharacterHeads/Animals/Square without details (outline)/pig.png using Guid(294beb8c0666bbf4d8e8b544145228ae) Importer(2089858483,0ecaa5967403d082aa24f35e1b516d23) (ScriptedImporter) -> (artifact id: '7aa4aef9b5a2e2c07f2aeb39d3a67845') in 0.0429387 seconds
Number of updated asset objects reloaded before import = 0Number of asset objects unloaded after import = 3

========================================================================
Received Import Request.
  Time since last request: 0.000049 seconds.
  path: Assets/LUTE_Starter Scenes/Mapbox/Core/Plugins/iOS/MapboxMetricsClient.m
  artifactKey: Guid(4172b185b7b5c4f4ab2f6d7bd134ea29) Importer(2089858483,0ecaa5967403d082aa24f35e1b516d23)
Start importing Assets/LUTE_Starter Scenes/Mapbox/Core/Plugins/iOS/MapboxMetricsClient.m using Guid(4172b185b7b5c4f4ab2f6d7bd134ea29) Importer(2089858483,0ecaa5967403d082aa24f35e1b516d23) (ScriptedImporter) -> (artifact id: '19ef50fedfa2314c31bd29ce17f3e75d') in 0.0208774 seconds
Number of updated asset objects reloaded before import = 0Number of asset objects unloaded after import = 0

========================================================================
Received Import Request.
  Time since last request: 0.000132 seconds.
  path: Assets/LUTE_Starter Scenes/Sprites/CharacterHeads/Animals/Square without details/panda.png
  artifactKey: Guid(d98cc5acb48ab4b46ac8bc38756bab2e) Importer(2089858483,0ecaa5967403d082aa24f35e1b516d23)
Start importing Assets/LUTE_Starter Scenes/Sprites/CharacterHeads/Animals/Square without details/panda.png using Guid(d98cc5acb48ab4b46ac8bc38756bab2e) Importer(2089858483,0ecaa5967403d082aa24f35e1b516d23) (ScriptedImporter) -> (artifact id: '2536a8c96fce2374079d304a74153e76') in 0.0418174 seconds
Number of updated asset objects reloaded before import = 0Number of asset objects unloaded after import = 3

========================================================================
Received Import Request.
  Time since last request: 0.000023 seconds.
  path: Assets/LUTE_Starter Scenes/Mapbox/Examples/Resources/maki/hairdresser-15.png
  artifactKey: Guid(01409860606035441b711d6c87d7e181) Importer(2089858483,0ecaa5967403d082aa24f35e1b516d23)
Start importing Assets/LUTE_Starter Scenes/Mapbox/Examples/Resources/maki/hairdresser-15.png using Guid(01409860606035441b711d6c87d7e181) Importer(2089858483,0ecaa5967403d082aa24f35e1b516d23) (ScriptedImporter) -> (artifact id: '9c1050b84d3b6105c6ae29c20a2cb6e4') in 0.0422402 seconds
Number of updated asset objects reloaded before import = 0Number of asset objects unloaded after import = 3

========================================================================
Received Import Request.
  Time since last request: 0.000016 seconds.
  path: Assets/LUTE/ThirdPartyAssets/WoLfulus/LineEnding/Editor/Enums.cs
  artifactKey: Guid(66ccfdf2ae714c24fbb83439bccd54f6) Importer(2089858483,0ecaa5967403d082aa24f35e1b516d23)
Start importing Assets/LUTE/ThirdPartyAssets/WoLfulus/LineEnding/Editor/Enums.cs using Guid(66ccfdf2ae714c24fbb83439bccd54f6) Importer(2089858483,0ecaa5967403d082aa24f35e1b516d23) (ScriptedImporter) -> (artifact id: 'c711042480e483570b007a6699e26492') in 0.0174449 seconds
Number of updated asset objects reloaded before import = 0Number of asset objects unloaded after import = 0

========================================================================
Received Import Request.
  Time since last request: 0.000024 seconds.
  path: Assets/LUTE_Starter Scenes/Mapbox/Examples/Resources/maki/golf-15.png
  artifactKey: Guid(044a933bd37f21548b2dc707d4295a88) Importer(2089858483,0ecaa5967403d082aa24f35e1b516d23)
Start importing Assets/LUTE_Starter Scenes/Mapbox/Examples/Resources/maki/golf-15.png using Guid(044a933bd37f21548b2dc707d4295a88) Importer(2089858483,0ecaa5967403d082aa24f35e1b516d23) (ScriptedImporter) -> (artifact id: '35da5c8cbd808e64421737bc800bdc63') in 0.0392003 seconds
Number of updated asset objects reloaded before import = 0Number of asset objects unloaded after import = 3

========================================================================
Received Import Request.
  Time since last request: 0.000432 seconds.
  path: Assets/LUTE_Starter Scenes/Scenes/Games/AR/Materials/AppIcon_AR_TEST.mat
  artifactKey: Guid(e9c6507117c632e4b8c50ec9d4244982) Importer(2089858483,0ecaa5967403d082aa24f35e1b516d23)
Start importing Assets/LUTE_Starter Scenes/Scenes/Games/AR/Materials/AppIcon_AR_TEST.mat using Guid(e9c6507117c632e4b8c50ec9d4244982) Importer(2089858483,0ecaa5967403d082aa24f35e1b516d23) (ScriptedImporter) -> (artifact id: '43142fcd7cfaf8524bf2c3cb8e2974cc') in 0.031502 seconds
Number of updated asset objects reloaded before import = 0Number of asset objects unloaded after import = 2

========================================================================
Received Import Request.
  Time since last request: 0.000023 seconds.
  path: Assets/LUTE_Starter Scenes/Sprites/CharacterHeads/Animals/Square without details/giraffe.png
  artifactKey: Guid(e063d55ee0ca8b34081aae0f5a30204a) Importer(2089858483,0ecaa5967403d082aa24f35e1b516d23)
Start importing Assets/LUTE_Starter Scenes/Sprites/CharacterHeads/Animals/Square without details/giraffe.png using Guid(e063d55ee0ca8b34081aae0f5a30204a) Importer(2089858483,0ecaa5967403d082aa24f35e1b516d23) (ScriptedImporter) -> (artifact id: '55c00db740fae194bdcc7bfa087b1d4d') in 0.0461444 seconds
Number of updated asset objects reloaded before import = 0Number of asset objects unloaded after import = 3

========================================================================
Received Import Request.
  Time since last request: 0.000033 seconds.
  path: Assets/LUTE_Starter Scenes/Mapbox/Examples/Resources/maki/place-of-worship-15.png
  artifactKey: Guid(b145cd551fd36334f9d753a710b92ad6) Importer(2089858483,0ecaa5967403d082aa24f35e1b516d23)
Start importing Assets/LUTE_Starter Scenes/Mapbox/Examples/Resources/maki/place-of-worship-15.png using Guid(b145cd551fd36334f9d753a710b92ad6) Importer(2089858483,0ecaa5967403d082aa24f35e1b516d23) (ScriptedImporter) -> (artifact id: '62de6dbb8242de47c0ae741b91753dd3') in 0.041752 seconds
Number of updated asset objects reloaded before import = 0Number of asset objects unloaded after import = 3

========================================================================
Received Import Request.
  Time since last request: 0.000020 seconds.
  path: Assets/LUTE_Starter Scenes/Mapbox/Examples/4_ReplaceFeatures/Materials/FuturisticBuilding.mat
  artifactKey: Guid(bcdc978d68ad74fdfbf505307563a8af) Importer(2089858483,0ecaa5967403d082aa24f35e1b516d23)
Start importing Assets/LUTE_Starter Scenes/Mapbox/Examples/4_ReplaceFeatures/Materials/FuturisticBuilding.mat using Guid(bcdc978d68ad74fdfbf505307563a8af) Importer(2089858483,0ecaa5967403d082aa24f35e1b516d23) (ScriptedImporter) -> (artifact id: '98a1f7a9190772393f06db4384002318') in 0.052423 seconds
Number of updated asset objects reloaded before import = 0Number of asset objects unloaded after import = 2

========================================================================
Received Import Request.
  Time since last request: 0.000018 seconds.
  path: Assets/LUTE_Starter Scenes/Mapbox/Examples/8_VoxelMap/Models/Grey Stone.fbx
  artifactKey: Guid(404993c0c6290ef43b250b48c5f0ba42) Importer(2089858483,0ecaa5967403d082aa24f35e1b516d23)
Start importing Assets/LUTE_Starter Scenes/Mapbox/Examples/8_VoxelMap/Models/Grey Stone.fbx using Guid(404993c0c6290ef43b250b48c5f0ba42) Importer(2089858483,0ecaa5967403d082aa24f35e1b516d23) (ScriptedImporter) -> (artifact id: '8f9a0ce3b2ca1f98b75d07b8919cd1a9') in 0.0561482 seconds
Number of updated asset objects reloaded before import = 0Number of asset objects unloaded after import = 8

========================================================================
Received Import Request.
  Time since last request: 0.000029 seconds.
  path: Assets/LUTE_Starter Scenes/Sprites/CharacterHeads/Animals/Square (outline)/giraffe.png
  artifactKey: Guid(7ab96e15e1de6914cbf4a1aea1f02908) Importer(2089858483,0ecaa5967403d082aa24f35e1b516d23)
Start importing Assets/LUTE_Starter Scenes/Sprites/CharacterHeads/Animals/Square (outline)/giraffe.png using Guid(7ab96e15e1de6914cbf4a1aea1f02908) Importer(2089858483,0ecaa5967403d082aa24f35e1b516d23) (ScriptedImporter) -> (artifact id: '61de4a3eb9bb71d8b6fc2e62831bc861') in 0.0586547 seconds
Number of updated asset objects reloaded before import = 0Number of asset objects unloaded after import = 3

========================================================================
Received Import Request.
  Time since last request: 0.000030 seconds.
  path: Assets/LUTE/ThirdPartyAssets/BogGames/Bog_Achievements/Scripts/Editor/BogGames.Tools.Achievements.Editor.asmdef
  artifactKey: Guid(49c0518c58c1f6649b116fcda09dae40) Importer(2089858483,0ecaa5967403d082aa24f35e1b516d23)
Start importing Assets/LUTE/ThirdPartyAssets/BogGames/Bog_Achievements/Scripts/Editor/BogGames.Tools.Achievements.Editor.asmdef using Guid(49c0518c58c1f6649b116fcda09dae40) Importer(2089858483,0ecaa5967403d082aa24f35e1b516d23) (ScriptedImporter) -> (artifact id: 'e02c396d38eab69ae0b23d320c7df456') in 0.04069 seconds
Number of updated asset objects reloaded before import = 0Number of asset objects unloaded after import = 1

========================================================================
Received Import Request.
  Time since last request: 0.000324 seconds.
  path: Assets/LUTE_Starter Scenes/Mapbox/Examples/8_VoxelMap/Scripts/VoxelData.cs
  artifactKey: Guid(6f62c746136134da5babc8ba012436d1) Importer(2089858483,0ecaa5967403d082aa24f35e1b516d23)
Start importing Assets/LUTE_Starter Scenes/Mapbox/Examples/8_VoxelMap/Scripts/VoxelData.cs using Guid(6f62c746136134da5babc8ba012436d1) Importer(2089858483,0ecaa5967403d082aa24f35e1b516d23) (ScriptedImporter) -> (artifact id: '31e10a983781c3e73961913f137699f1') in 0.0209789 seconds
Number of updated asset objects reloaded before import = 0Number of asset objects unloaded after import = 0

========================================================================
Received Import Request.
  Time since last request: 0.000063 seconds.
  path: Assets/LUTE_Starter Scenes/Mapbox/Examples/1_DataExplorer/Modules/BuildingLayer/ExplorerDefaultBuilding.asset
  artifactKey: Guid(cf704fe8cf1ef0e4a96a47c6a96ab23c) Importer(2089858483,0ecaa5967403d082aa24f35e1b516d23)
Start importing Assets/LUTE_Starter Scenes/Mapbox/Examples/1_DataExplorer/Modules/BuildingLayer/ExplorerDefaultBuilding.asset using Guid(cf704fe8cf1ef0e4a96a47c6a96ab23c) Importer(2089858483,0ecaa5967403d082aa24f35e1b516d23) (ScriptedImporter) -> (artifact id: '7e58b9e97c5b6ffd4f7115b42da5d602') in 0.0371036 seconds
Number of updated asset objects reloaded before import = 0Number of asset objects unloaded after import = 4

========================================================================
Received Import Request.
  Time since last request: 0.000023 seconds.
  path: Assets/LUTE/ThirdPartyAssets/TextMesh Pro/Examples & Extras/Resources/Fonts & Materials/LiberationSans SDF - Overlay.mat
  artifactKey: Guid(9ad269c99dcf42b7aedefd83dd5a7b9d) Importer(2089858483,0ecaa5967403d082aa24f35e1b516d23)
Start importing Assets/LUTE/ThirdPartyAssets/TextMesh Pro/Examples & Extras/Resources/Fonts & Materials/LiberationSans SDF - Overlay.mat using Guid(9ad269c99dcf42b7aedefd83dd5a7b9d) Importer(2089858483,0ecaa5967403d082aa24f35e1b516d23) (ScriptedImporter) -> (artifact id: '1e521576119148611e478893dd8a80fc') in 0.0638728 seconds
Number of updated asset objects reloaded before import = 0Number of asset objects unloaded after import = 2

========================================================================
Received Import Request.
  Time since last request: 0.000022 seconds.
  path: Assets/LUTE_Starter Scenes/Mapbox/Core/mapbox-sdk-cs/Platform/Cache/ICache.cs
  artifactKey: Guid(4ebb2d197f248a7469620904e2adb43e) Importer(2089858483,0ecaa5967403d082aa24f35e1b516d23)
Start importing Assets/LUTE_Starter Scenes/Mapbox/Core/mapbox-sdk-cs/Platform/Cache/ICache.cs using Guid(4ebb2d197f248a7469620904e2adb43e) Importer(2089858483,0ecaa5967403d082aa24f35e1b516d23) (ScriptedImporter) -> (artifact id: 'b4cfcc072ac847eab2ea46c0ab2c852b') in 0.0178983 seconds
Number of updated asset objects reloaded before import = 0Number of asset objects unloaded after import = 0

========================================================================
Received Import Request.
  Time since last request: 0.000059 seconds.
  path: Assets/LUTE_Starter Scenes/Mapbox/Examples/8_VoxelMap/Models/Ground Green.fbx
  artifactKey: Guid(f044a37d78cf7b644b51493e41665e3e) Importer(2089858483,0ecaa5967403d082aa24f35e1b516d23)
Start importing Assets/LUTE_Starter Scenes/Mapbox/Examples/8_VoxelMap/Models/Ground Green.fbx using Guid(f044a37d78cf7b644b51493e41665e3e) Importer(2089858483,0ecaa5967403d082aa24f35e1b516d23) (ScriptedImporter) -> (artifact id: 'db9efa9e42a0d309007249b478a8c1f6') in 0.0393839 seconds
Number of updated asset objects reloaded before import = 0Number of asset objects unloaded after import = 8

Editor requested this worker to shutdown with reason: Scaling down because of idle timeout
AssetImportWorker is now disconnected from the server
Process exiting
Exiting without the bug reporter. Application will terminate with return code 0