Using pre-set license
Built from '6000.0/release' branch; Version is '6000.0.29f1 (9fafe5c9db65) revision 10465253'; Using compiler version '193933523'; Build Type 'Release'
OS: 'Windows 10  (10.0.19045) 64bit Professional' Language: 'en' Physical Memory: 16302 MB
BatchMode: 1, IsHumanControllingUs: 0, StartBugReporterOnCrash: 0, Is64bit: 1, IsPro: 1

COMMAND LINE ARGUMENTS:
C:\Program Files\Unity\Hub\Editor\6000.0.29f1\Editor\Unity.exe
-adb2
-batchMode
-noUpm
-name
AssetImportWorker2
-projectPath
F:/Game Design/LoGa/Game 2/AH_LoGaGame2
-logFile
Logs/AssetImportWorker2.log
-srvPort
63134
-job-worker-count
5
-background-job-worker-count
8
-asset-garbage-collectors
1
Successfully changed project path to: F:/Game Design/LoGa/Game 2/AH_LoGaGame2
F:/Game Design/LoGa/Game 2/AH_LoGaGame2
[UnityMemory] Configuration Parameters - Can be set up in boot.config
    "memorysetup-bucket-allocator-granularity=16"
    "memorysetup-bucket-allocator-bucket-count=8"
    "memorysetup-bucket-allocator-block-size=33554432"
    "memorysetup-bucket-allocator-block-count=8"
    "memorysetup-main-allocator-block-size=16777216"
    "memorysetup-thread-allocator-block-size=16777216"
    "memorysetup-gfx-main-allocator-block-size=16777216"
    "memorysetup-gfx-thread-allocator-block-size=16777216"
    "memorysetup-cache-allocator-block-size=4194304"
    "memorysetup-typetree-allocator-block-size=2097152"
    "memorysetup-profiler-bucket-allocator-granularity=16"
    "memorysetup-profiler-bucket-allocator-bucket-count=8"
    "memorysetup-profiler-bucket-allocator-block-size=33554432"
    "memorysetup-profiler-bucket-allocator-block-count=8"
    "memorysetup-profiler-allocator-block-size=16777216"
    "memorysetup-profiler-editor-allocator-block-size=1048576"
    "memorysetup-temp-allocator-size-main=16777216"
    "memorysetup-job-temp-allocator-block-size=2097152"
    "memorysetup-job-temp-allocator-block-size-background=1048576"
    "memorysetup-job-temp-allocator-reduction-small-platforms=262144"
    "memorysetup-allocator-temp-initial-block-size-main=262144"
    "memorysetup-allocator-temp-initial-block-size-worker=262144"
    "memorysetup-temp-allocator-size-background-worker=32768"
    "memorysetup-temp-allocator-size-job-worker=262144"
    "memorysetup-temp-allocator-size-preload-manager=33554432"
    "memorysetup-temp-allocator-size-nav-mesh-worker=65536"
    "memorysetup-temp-allocator-size-audio-worker=65536"
    "memorysetup-temp-allocator-size-cloud-worker=32768"
    "memorysetup-temp-allocator-size-gi-baking-worker=262144"
    "memorysetup-temp-allocator-size-gi-baking-worker=262144"
    "memorysetup-temp-allocator-size-gi-baking-worker=262144"
    "memorysetup-temp-allocator-size-gi-baking-worker=262144"
    "memorysetup-temp-allocator-size-gi-baking-worker=262144"
    "memorysetup-temp-allocator-size-gfx=262144"
Player connection [40672]  Target information:

Player connection [40672]  * "[IP] 192.168.1.153 [Port] 0 [Flags] 2 [Guid] 1767624088 [EditorId] 1767624088 [Version] 1048832 [Id] WindowsEditor(7,AaronsDesktop) [Debug] 1 [PackageName] WindowsEditor [ProjectName] Editor" 

Player connection [40672] Host joined multi-casting on [225.0.0.222:54997]...
Player connection [40672] Host joined alternative multi-casting on [225.0.0.222:34997]...
JobSystem: Creating JobQueue using job-worker-count value 5
[Physics::Module] Initialized fallback backend.
[Physics::Module] Id: 0xdecafbad
Library Redirect Path: Library/
[Physics::Module] Selected backend.
[Physics::Module] Name: PhysX
[Physics::Module] Id: 0xf2b8ea05
[Physics::Module] SDK Version: 4.1.2
[Physics::Module] Integration Version: 1.0.0
[Physics::Module] Threading Mode: Multi-Threaded
Refreshing native plugins compatible for Editor in 393.04 ms, found 6 plugins.
Preloading 0 native plugins for Editor in 0.00 ms.
Initialize engine version: 6000.0.29f1 (9fafe5c9db65)
[Subsystems] Discovering subsystems at path C:/Program Files/Unity/Hub/Editor/6000.0.29f1/Editor/Data/Resources/UnitySubsystems
[Subsystems] Discovering subsystems at path F:/Game Design/LoGa/Game 2/AH_LoGaGame2/Assets
GfxDevice: creating device client; kGfxThreadingModeNonThreaded
Direct3D:
    Version:  Direct3D 11.0 [level 11.1]
    Renderer: NVIDIA GeForce GTX 1660 (ID=0x2184)
    Vendor:   NVIDIA
    VRAM:     5966 MB
    Driver:   32.0.15.7216
Initialize mono
Mono path[0] = 'C:/Program Files/Unity/Hub/Editor/6000.0.29f1/Editor/Data/Managed'
Mono path[1] = 'C:/Program Files/Unity/Hub/Editor/6000.0.29f1/Editor/Data/MonoBleedingEdge/lib/mono/unityjit-win32'
Mono config path = 'C:/Program Files/Unity/Hub/Editor/6000.0.29f1/Editor/Data/MonoBleedingEdge/etc'
Using monoOptions --debugger-agent=transport=dt_socket,embedding=1,server=y,suspend=n,address=127.0.0.1:56552
Begin MonoManager ReloadAssembly
Registering precompiled unity dll's ...
Register platform support module: C:/Program Files/Unity/Hub/Editor/6000.0.29f1/Editor/Data/PlaybackEngines/WindowsStandaloneSupport/UnityEditor.WindowsStandalone.Extensions.dll
Register platform support module: C:/Program Files/Unity/Hub/Editor/6000.0.29f1/Editor/Data/PlaybackEngines/AndroidPlayer/UnityEditor.Android.Extensions.dll
Registered in 0.011346 seconds.
- Loaded All Assemblies, in  1.604 seconds
Native extension for Android target not found
Android Extension - Scanning For ADB Devices 700 ms
Native extension for WindowsStandalone target not found
Mono: successfully reloaded assembly
- Finished resetting the current domain, in  1.722 seconds
Domain Reload Profiling: 3321ms
	BeginReloadAssembly (442ms)
		ExecutionOrderSort (0ms)
		DisableScriptedObjects (0ms)
		BackupInstance (0ms)
		ReleaseScriptingObjects (0ms)
		CreateAndSetChildDomain (1ms)
	RebuildCommonClasses (435ms)
	RebuildNativeTypeToScriptingClass (27ms)
	initialDomainReloadingComplete (93ms)
	LoadAllAssembliesAndSetupDomain (600ms)
		LoadAssemblies (439ms)
		RebuildTransferFunctionScriptingTraits (0ms)
		AnalyzeDomain (592ms)
			TypeCache.Refresh (590ms)
				TypeCache.ScanAssembly (562ms)
			BuildScriptInfoCaches (0ms)
			ResolveRequiredComponents (1ms)
	FinalizeReload (1724ms)
		ReleaseScriptCaches (0ms)
		RebuildScriptCaches (0ms)
		SetupLoadedEditorAssemblies (1608ms)
			LogAssemblyErrors (0ms)
			InitializePlatformSupportModulesInManaged (891ms)
			SetLoadedEditorAssemblies (9ms)
			BeforeProcessingInitializeOnLoad (17ms)
			ProcessInitializeOnLoadAttributes (492ms)
			ProcessInitializeOnLoadMethodAttributes (192ms)
			AfterProcessingInitializeOnLoad (7ms)
			EditorAssembliesLoaded (0ms)
		ExecutionOrderSort2 (0ms)
		AwakeInstancesAfterBackupRestoration (0ms)
========================================================================
Worker process is ready to serve import requests
Import Worker Mode flag is 0x00
Begin MonoManager ReloadAssembly
- Loaded All Assemblies, in  2.666 seconds
Script 'VideoPlayer' has the same name as built-in Unity component.
AddComponent and GetComponent will not work with this script.
Refreshing native plugins compatible for Editor in 7.38 ms, found 6 plugins.
Native extension for Android target not found
Native extension for WindowsStandalone target not found
Package Manager log level set to [2]
[Package Manager] Failed to launch server process. Reason: Unity was launched with the -noUpm command-line argument
[Package Manager] Unable to send message (not connected to server process).
[Package Manager] Cannot connect to Unity Package Manager local server
[Package Manager] Failed to launch server process. Reason: Unity was launched with the -noUpm command-line argument
[Package Manager] Unable to send message (not connected to server process).
[Package Manager] Cannot connect to Unity Package Manager local server
System.Reflection.TargetInvocationException: Exception has been thrown by the target of an invocation. ---> System.TypeInitializationException: The type initializer for 'UnityEditor.XR.Interaction.Toolkit.Samples.ARStarterAssets.Editor.ARStarterAssetsSampleProjectValidation' threw an exception. ---> System.NullReferenceException: Object reference not set to an instance of an object
  at Unity.XR.CoreUtils.Editor.PackageVersionUtility.UpdatePackageVersions () [0x00034] in .\Library\PackageCache\com.unity.xr.core-utils\Editor\ProjectValidation\PackageVersionUtility.cs:46 
  at Unity.XR.CoreUtils.Editor.PackageVersionUtility.GetPackageVersion (System.String packageName) [0x00011] in .\Library\PackageCache\com.unity.xr.core-utils\Editor\ProjectValidation\PackageVersionUtility.cs:67 
  at UnityEditor.XR.Interaction.Toolkit.Samples.ARStarterAssets.Editor.ARStarterAssetsSampleProjectValidation..cctor () [0x00032] in F:\Game Design\LoGa\Game 2\AH_LoGaGame2\Assets\LUTE\ThirdPartyAssets\XR\Samples\XR Interaction Toolkit\3.0.7\AR Starter Assets\Editor\Scripts\ARStarterAssetsSampleProjectValidation.cs:32 
   --- End of inner exception stack trace ---
  at (wrapper managed-to-native) System.Object.__icall_wrapper_mono_gc_wbarrier_generic_nostore_internal(intptr)
  at (wrapper write-barrier) System.Object.wbarrier_conc(intptr)
  at (wrapper managed-to-native) System.Reflection.RuntimeMethodInfo.InternalInvoke(System.Reflection.RuntimeMethodInfo,object,object[],System.Exception&)
  at System.Reflection.RuntimeMethodInfo.Invoke (System.Object obj, System.Reflection.BindingFlags invokeAttr, System.Reflection.Binder binder, System.Object[] parameters, System.Globalization.CultureInfo culture) [0x0006a] in <ed969b0e627d471da4848289f9c322df>:0 
   --- End of inner exception stack trace ---
  at System.Reflection.RuntimeMethodInfo.Invoke (System.Object obj, System.Reflection.BindingFlags invokeAttr, System.Reflection.Binder binder, System.Object[] parameters, System.Globalization.CultureInfo culture) [0x00083] in <ed969b0e627d471da4848289f9c322df>:0 
  at System.Reflection.MethodBase.Invoke (System.Object obj, System.Object[] parameters) [0x00000] in <ed969b0e627d471da4848289f9c322df>:0 
  at UnityEditor.EditorAssemblies.ProcessInitializeOnLoadMethodAttributes () [0x00056] in <20f98a04ac634cc8bf5f95425bb19bb9>:0 
UnityEngine.Debug:ExtractStackTraceNoAlloc (byte*,int,string)
UnityEngine.StackTraceUtility:ExtractStackTrace ()
UnityEngine.DebugLogHandler:Internal_Log (UnityEngine.LogType,UnityEngine.LogOption,string,UnityEngine.Object)
UnityEngine.DebugLogHandler:LogFormat (UnityEngine.LogType,UnityEngine.Object,string,object[])
UnityEngine.Logger:Log (UnityEngine.LogType,object)
UnityEngine.Debug:LogError (object)
UnityEditor.EditorAssemblies:ProcessInitializeOnLoadMethodAttributes ()

Mono: successfully reloaded assembly
[Package Manager] Failed to launch server process. Reason: Unity was launched with the -noUpm command-line argument
[Package Manager] Unable to send message (not connected to server process).
[Package Manager] Cannot connect to Unity Package Manager local server
[Package Manager] Failed to launch server process. Reason: Unity was launched with the -noUpm command-line argument
[Package Manager] Unable to send message (not connected to server process).
[Package Manager] Cannot connect to Unity Package Manager local server
- Finished resetting the current domain, in  2.950 seconds
Domain Reload Profiling: 5604ms
	BeginReloadAssembly (328ms)
		ExecutionOrderSort (0ms)
		DisableScriptedObjects (10ms)
		BackupInstance (0ms)
		ReleaseScriptingObjects (0ms)
		CreateAndSetChildDomain (58ms)
	RebuildCommonClasses (78ms)
	RebuildNativeTypeToScriptingClass (25ms)
	initialDomainReloadingComplete (77ms)
	LoadAllAssembliesAndSetupDomain (2146ms)
		LoadAssemblies (1418ms)
		RebuildTransferFunctionScriptingTraits (0ms)
		AnalyzeDomain (931ms)
			TypeCache.Refresh (648ms)
				TypeCache.ScanAssembly (592ms)
			BuildScriptInfoCaches (243ms)
			ResolveRequiredComponents (33ms)
	FinalizeReload (2951ms)
		ReleaseScriptCaches (0ms)
		RebuildScriptCaches (0ms)
		SetupLoadedEditorAssemblies (2601ms)
			LogAssemblyErrors (0ms)
			InitializePlatformSupportModulesInManaged (40ms)
			SetLoadedEditorAssemblies (21ms)
			BeforeProcessingInitializeOnLoad (305ms)
			ProcessInitializeOnLoadAttributes (1979ms)
			ProcessInitializeOnLoadMethodAttributes (230ms)
			AfterProcessingInitializeOnLoad (24ms)
			EditorAssembliesLoaded (1ms)
		ExecutionOrderSort2 (0ms)
		AwakeInstancesAfterBackupRestoration (12ms)
Launched and connected shader compiler UnityShaderCompiler.exe after 0.06 seconds
Refreshing native plugins compatible for Editor in 8.06 ms, found 6 plugins.
Preloading 0 native plugins for Editor in 0.00 ms.
Unloading 142 Unused Serialized files (Serialized files now loaded: 0)
Unloading 8540 unused Assets / (6.0 MB). Loaded Objects now: 9027.
Memory consumption went from 257.8 MB to 251.8 MB.
Total: 29.874800 ms (FindLiveObjects: 3.462000 ms CreateObjectMapping: 2.375200 ms MarkObjects: 17.411900 ms  DeleteObjects: 6.622300 ms)

========================================================================
Received Import Request.
  Time since last request: 685984.253645 seconds.
  path: Assets/LUTE_Starter Scenes/Mapbox/Examples/0_PrefabScenes/CitySimulator.unity
  artifactKey: Guid(e9aaa5d7902ec4a07bb4b1f2923cafc8) Importer(2089858483,0ecaa5967403d082aa24f35e1b516d23)
Start importing Assets/LUTE_Starter Scenes/Mapbox/Examples/0_PrefabScenes/CitySimulator.unity using Guid(e9aaa5d7902ec4a07bb4b1f2923cafc8) Importer(2089858483,0ecaa5967403d082aa24f35e1b516d23) (ScriptedImporter) -> (artifact id: '1c847fba8aedba4a813aabf1b4d5869d') in 0.1673763 seconds
Number of updated asset objects reloaded before import = 0Number of asset objects unloaded after import = 1

========================================================================
Received Import Request.
  Time since last request: 0.000024 seconds.
  path: Assets/LUTE_Starter Scenes/Mapbox/Examples/Prefabs/ReloadMapIconicBuildingCanvas.prefab
  artifactKey: Guid(aaa51caf037dd4424bab8d45ef3be316) Importer(2089858483,0ecaa5967403d082aa24f35e1b516d23)
Start importing Assets/LUTE_Starter Scenes/Mapbox/Examples/Prefabs/ReloadMapIconicBuildingCanvas.prefab using Guid(aaa51caf037dd4424bab8d45ef3be316) Importer(2089858483,0ecaa5967403d082aa24f35e1b516d23) (ScriptedImporter) -> (artifact id: '13ba1bf5659697d87eef1c346f1e340c') in 0.3464147 seconds
Number of updated asset objects reloaded before import = 0Number of asset objects unloaded after import = 83

========================================================================
Received Import Request.
  Time since last request: 0.000035 seconds.
  path: Assets/LUTE/ThirdPartyAssets/TextMesh Pro/Shaders/TMP_SDF-Mobile Masking.shader
  artifactKey: Guid(bc1ede39bf3643ee8e493720e4259791) Importer(2089858483,0ecaa5967403d082aa24f35e1b516d23)
Start importing Assets/LUTE/ThirdPartyAssets/TextMesh Pro/Shaders/TMP_SDF-Mobile Masking.shader using Guid(bc1ede39bf3643ee8e493720e4259791) Importer(2089858483,0ecaa5967403d082aa24f35e1b516d23) (ScriptedImporter) -> (artifact id: 'cade501bc1cf76bfebf7415481d9ed88') in 0.0320136 seconds
Number of updated asset objects reloaded before import = 0Number of asset objects unloaded after import = 1

========================================================================
Received Import Request.
  Time since last request: 0.000036 seconds.
  path: Assets/LUTE/ThirdPartyAssets/TextMesh Pro/Shaders/TMP_SDF Overlay.shader
  artifactKey: Guid(dd89cf5b9246416f84610a006f916af7) Importer(2089858483,0ecaa5967403d082aa24f35e1b516d23)
Start importing Assets/LUTE/ThirdPartyAssets/TextMesh Pro/Shaders/TMP_SDF Overlay.shader using Guid(dd89cf5b9246416f84610a006f916af7) Importer(2089858483,0ecaa5967403d082aa24f35e1b516d23) (ScriptedImporter) -> (artifact id: 'bd1c18f1c39c5cd917a9e8974c363f28') in 0.0225721 seconds
Number of updated asset objects reloaded before import = 0Number of asset objects unloaded after import = 1

========================================================================
Received Import Request.
  Time since last request: 0.000025 seconds.
  path: Assets/LUTE_Starter Scenes/Mapbox/Examples/Prefabs/CustomMarkerPrefab.prefab
  artifactKey: Guid(9b5b1b761a8994c07affd0a05396633b) Importer(2089858483,0ecaa5967403d082aa24f35e1b516d23)
Start importing Assets/LUTE_Starter Scenes/Mapbox/Examples/Prefabs/CustomMarkerPrefab.prefab using Guid(9b5b1b761a8994c07affd0a05396633b) Importer(2089858483,0ecaa5967403d082aa24f35e1b516d23) (ScriptedImporter) -> (artifact id: 'ef339f9b762d0f6482711b479c401974') in 0.0558973 seconds
Number of updated asset objects reloaded before import = 0Number of asset objects unloaded after import = 22

========================================================================
Received Import Request.
  Time since last request: 0.000026 seconds.
  path: Assets/LUTE_Starter Scenes/Mapbox/Examples/Resources/GreenMaterial.mat
  artifactKey: Guid(8403131cbac7ff94b9052e03e29b30c9) Importer(2089858483,0ecaa5967403d082aa24f35e1b516d23)
Start importing Assets/LUTE_Starter Scenes/Mapbox/Examples/Resources/GreenMaterial.mat using Guid(8403131cbac7ff94b9052e03e29b30c9) Importer(2089858483,0ecaa5967403d082aa24f35e1b516d23) (ScriptedImporter) -> (artifact id: 'dc81d7383d00eabcbdcce047c28105a6') in 0.0509559 seconds
Number of updated asset objects reloaded before import = 0Number of asset objects unloaded after import = 1

========================================================================
Received Import Request.
  Time since last request: 0.000016 seconds.
  path: Assets/LUTE/ThirdPartyAssets/XR/Settings/OpenXR Package Settings.asset
  artifactKey: Guid(573a1002197bda145a8e074721e9fec0) Importer(2089858483,0ecaa5967403d082aa24f35e1b516d23)
Start importing Assets/LUTE/ThirdPartyAssets/XR/Settings/OpenXR Package Settings.asset using Guid(573a1002197bda145a8e074721e9fec0) Importer(2089858483,0ecaa5967403d082aa24f35e1b516d23) (ScriptedImporter) -> (artifact id: 'cc1f3c8f09c88ed270f015791e63085d') in 0.0380884 seconds
Number of updated asset objects reloaded before import = 0Number of asset objects unloaded after import = 1

========================================================================
Received Import Request.
  Time since last request: 0.000315 seconds.
  path: Assets/LUTE/ThirdPartyAssets/TextMesh Pro/Shaders/TMP_SDF-Surface.shader
  artifactKey: Guid(f7ada0af4f174f0694ca6a487b8f543d) Importer(2089858483,0ecaa5967403d082aa24f35e1b516d23)
Start importing Assets/LUTE/ThirdPartyAssets/TextMesh Pro/Shaders/TMP_SDF-Surface.shader using Guid(f7ada0af4f174f0694ca6a487b8f543d) Importer(2089858483,0ecaa5967403d082aa24f35e1b516d23) (ScriptedImporter) -> (artifact id: '0d133328f9958c60b4d895a8ab8d9b68') in 0.0255263 seconds
Number of updated asset objects reloaded before import = 0Number of asset objects unloaded after import = 1

========================================================================
Received Import Request.
  Time since last request: 0.000026 seconds.
  path: Assets/LUTE/ThirdPartyAssets/TextMesh Pro/Shaders/TMP_SDF.shader
  artifactKey: Guid(68e6db2ebdc24f95958faec2be5558d6) Importer(2089858483,0ecaa5967403d082aa24f35e1b516d23)
Start importing Assets/LUTE/ThirdPartyAssets/TextMesh Pro/Shaders/TMP_SDF.shader using Guid(68e6db2ebdc24f95958faec2be5558d6) Importer(2089858483,0ecaa5967403d082aa24f35e1b516d23) (ScriptedImporter) -> (artifact id: '538fa6d4080ac3c3c48a2aa02e9cd829') in 0.0216684 seconds
Number of updated asset objects reloaded before import = 0Number of asset objects unloaded after import = 1

========================================================================
Received Import Request.
  Time since last request: 0.000057 seconds.
  path: Assets/LUTE_Starter Scenes/Mapbox/Examples/1_DataExplorer/HighlightBuildings.cs
  artifactKey: Guid(f64621ccb8a60114c83bbd39e5fdc145) Importer(2089858483,0ecaa5967403d082aa24f35e1b516d23)
Start importing Assets/LUTE_Starter Scenes/Mapbox/Examples/1_DataExplorer/HighlightBuildings.cs using Guid(f64621ccb8a60114c83bbd39e5fdc145) Importer(2089858483,0ecaa5967403d082aa24f35e1b516d23) (ScriptedImporter) -> (artifact id: '2fc008465e58fd55744196ddf304d071') in 0.0237748 seconds
Number of updated asset objects reloaded before import = 0Number of asset objects unloaded after import = 0

========================================================================
Received Import Request.
  Time since last request: 0.000058 seconds.
  path: Assets/LUTE/ThirdPartyAssets/XR/Temp/XRSimulationPreferences - Copy.asset
  artifactKey: Guid(9d5c7f73c6ba6d84da947bb465bd2298) Importer(2089858483,0ecaa5967403d082aa24f35e1b516d23)
Start importing Assets/LUTE/ThirdPartyAssets/XR/Temp/XRSimulationPreferences - Copy.asset using Guid(9d5c7f73c6ba6d84da947bb465bd2298) Importer(2089858483,0ecaa5967403d082aa24f35e1b516d23) (ScriptedImporter) -> (artifact id: '400c4a3f77370b32552a531dce4f7d3e') in 0.4115563 seconds
Number of updated asset objects reloaded before import = 0Number of asset objects unloaded after import = 91

========================================================================
Received Import Request.
  Time since last request: 0.084667 seconds.
  path: Assets/LUTE_Starter Scenes/Mapbox/Examples/Resources/PoiMaterial 1.mat
  artifactKey: Guid(02fab519306a24e0eb197e9c18b08d83) Importer(2089858483,0ecaa5967403d082aa24f35e1b516d23)
Start importing Assets/LUTE_Starter Scenes/Mapbox/Examples/Resources/PoiMaterial 1.mat using Guid(02fab519306a24e0eb197e9c18b08d83) Importer(2089858483,0ecaa5967403d082aa24f35e1b516d23) (ScriptedImporter) -> (artifact id: '6555a1b92dc6a15ff95fc35b7e355849') in 0.0790507 seconds
Number of updated asset objects reloaded before import = 0Number of asset objects unloaded after import = 1

========================================================================
Received Import Request.
  Time since last request: 0.000064 seconds.
  path: Assets/LUTE_Starter Scenes/Mapbox/Examples/Scripts/ChangeShadowDistance.cs
  artifactKey: Guid(ce97be288e861a243b6c6df4cc790edc) Importer(2089858483,0ecaa5967403d082aa24f35e1b516d23)
Start importing Assets/LUTE_Starter Scenes/Mapbox/Examples/Scripts/ChangeShadowDistance.cs using Guid(ce97be288e861a243b6c6df4cc790edc) Importer(2089858483,0ecaa5967403d082aa24f35e1b516d23) (ScriptedImporter) -> (artifact id: 'e73ab76ad4c38fb5bb81abff20a8692b') in 0.0185437 seconds
Number of updated asset objects reloaded before import = 0Number of asset objects unloaded after import = 0

========================================================================
Received Import Request.
  Time since last request: 0.000106 seconds.
  path: Assets/LUTE_Starter Scenes/Mapbox/Unity/Editor/GeocodeAttributeSearchWindow.cs
  artifactKey: Guid(d99190dd95ea8a245ba1f7c8c3084d0a) Importer(2089858483,0ecaa5967403d082aa24f35e1b516d23)
Start importing Assets/LUTE_Starter Scenes/Mapbox/Unity/Editor/GeocodeAttributeSearchWindow.cs using Guid(d99190dd95ea8a245ba1f7c8c3084d0a) Importer(2089858483,0ecaa5967403d082aa24f35e1b516d23) (ScriptedImporter) -> (artifact id: 'b4e31b094c1edb9c34f040e763ab774b') in 0.0236196 seconds
Number of updated asset objects reloaded before import = 0Number of asset objects unloaded after import = 0

========================================================================
Received Import Request.
  Time since last request: 0.000236 seconds.
  path: Assets/LUTE_Starter Scenes/Mapbox/Examples/Resources/TerrainMaterial.mat
  artifactKey: Guid(b9f23e9bce724fa4daac57ecded470b8) Importer(2089858483,0ecaa5967403d082aa24f35e1b516d23)
Start importing Assets/LUTE_Starter Scenes/Mapbox/Examples/Resources/TerrainMaterial.mat using Guid(b9f23e9bce724fa4daac57ecded470b8) Importer(2089858483,0ecaa5967403d082aa24f35e1b516d23) (ScriptedImporter) -> (artifact id: '6e4ea9ff25e2d08230600273fdee157f') in 0.0283152 seconds
Number of updated asset objects reloaded before import = 0Number of asset objects unloaded after import = 2

========================================================================
Received Import Request.
  Time since last request: 0.000031 seconds.
  path: Assets/LUTE_Starter Scenes/Mapbox/Examples/Scripts/FeatureUiMarker.cs
  artifactKey: Guid(742344d451cea414d878bf6ae3951a8e) Importer(2089858483,0ecaa5967403d082aa24f35e1b516d23)
Start importing Assets/LUTE_Starter Scenes/Mapbox/Examples/Scripts/FeatureUiMarker.cs using Guid(742344d451cea414d878bf6ae3951a8e) Importer(2089858483,0ecaa5967403d082aa24f35e1b516d23) (ScriptedImporter) -> (artifact id: '69cfd25ae1c046bd0d58e1311f7fadc6') in 0.0196229 seconds
Number of updated asset objects reloaded before import = 0Number of asset objects unloaded after import = 0

========================================================================
Received Import Request.
  Time since last request: 0.000142 seconds.
  path: Assets/LUTE_Starter Scenes/Mapbox/Examples/Textures/CircleSmall_Fill.png
  artifactKey: Guid(f04f7faa5cfd8444a9b61e426135725f) Importer(2089858483,0ecaa5967403d082aa24f35e1b516d23)
Start importing Assets/LUTE_Starter Scenes/Mapbox/Examples/Textures/CircleSmall_Fill.png using Guid(f04f7faa5cfd8444a9b61e426135725f) Importer(2089858483,0ecaa5967403d082aa24f35e1b516d23) (ScriptedImporter) -> (artifact id: '4ed5dfb2a8c0b2797322ac6588289d75') in 0.1007066 seconds
Number of updated asset objects reloaded before import = 0Number of asset objects unloaded after import = 3

========================================================================
Received Import Request.
  Time since last request: 0.000063 seconds.
  path: Assets/LUTE_Starter Scenes/Mapbox/Unity/DataContainers/MapExtentOptions.cs
  artifactKey: Guid(fe478189bf1ab44ce81a642a8a46a211) Importer(2089858483,0ecaa5967403d082aa24f35e1b516d23)
Start importing Assets/LUTE_Starter Scenes/Mapbox/Unity/DataContainers/MapExtentOptions.cs using Guid(fe478189bf1ab44ce81a642a8a46a211) Importer(2089858483,0ecaa5967403d082aa24f35e1b516d23) (ScriptedImporter) -> (artifact id: '31bce3b90226333adaeda6deedf3f22c') in 0.0187981 seconds
Number of updated asset objects reloaded before import = 0Number of asset objects unloaded after import = 0

========================================================================
Received Import Request.
  Time since last request: 0.000096 seconds.
  path: Assets/LUTE_Starter Scenes/Mapbox/Examples/_sharedModules/AddRemoveBuildingMonobehavior.asset
  artifactKey: Guid(13e618a59576440f598bb23fcb160b32) Importer(2089858483,0ecaa5967403d082aa24f35e1b516d23)
Start importing Assets/LUTE_Starter Scenes/Mapbox/Examples/_sharedModules/AddRemoveBuildingMonobehavior.asset using Guid(13e618a59576440f598bb23fcb160b32) Importer(2089858483,0ecaa5967403d082aa24f35e1b516d23) (ScriptedImporter) -> (artifact id: '74c556fb39a26840c6ecb40946ac7434') in 0.0332969 seconds
Number of updated asset objects reloaded before import = 0Number of asset objects unloaded after import = 1

========================================================================
Received Import Request.
  Time since last request: 0.000032 seconds.
  path: Assets/LUTE_Starter Scenes/Mapbox/Unity/Editor/AtlasTemplateGenerator.cs
  artifactKey: Guid(cc814d64f35ad4f1bbce68318166b67e) Importer(2089858483,0ecaa5967403d082aa24f35e1b516d23)
Start importing Assets/LUTE_Starter Scenes/Mapbox/Unity/Editor/AtlasTemplateGenerator.cs using Guid(cc814d64f35ad4f1bbce68318166b67e) Importer(2089858483,0ecaa5967403d082aa24f35e1b516d23) (ScriptedImporter) -> (artifact id: 'ab206796994937df6583ad7861995619') in 0.0195154 seconds
Number of updated asset objects reloaded before import = 0Number of asset objects unloaded after import = 0

========================================================================
Received Import Request.
  Time since last request: 0.000040 seconds.
  path: Assets/LUTE_Starter Scenes/Mapbox/Unity/Editor/EditorHelper.cs
  artifactKey: Guid(7390a064088424109a975353ccf6e504) Importer(2089858483,0ecaa5967403d082aa24f35e1b516d23)
Start importing Assets/LUTE_Starter Scenes/Mapbox/Unity/Editor/EditorHelper.cs using Guid(7390a064088424109a975353ccf6e504) Importer(2089858483,0ecaa5967403d082aa24f35e1b516d23) (ScriptedImporter) -> (artifact id: 'f75718de57f323b7c7510513021b1526') in 0.0161285 seconds
Number of updated asset objects reloaded before import = 0Number of asset objects unloaded after import = 0

========================================================================
Received Import Request.
  Time since last request: 0.000031 seconds.
  path: Assets/LUTE_Starter Scenes/Mapbox/Examples/Scripts/HighlightFeature.cs
  artifactKey: Guid(64cb1b303dc6db64aa28a4229e62e9ed) Importer(2089858483,0ecaa5967403d082aa24f35e1b516d23)
Start importing Assets/LUTE_Starter Scenes/Mapbox/Examples/Scripts/HighlightFeature.cs using Guid(64cb1b303dc6db64aa28a4229e62e9ed) Importer(2089858483,0ecaa5967403d082aa24f35e1b516d23) (ScriptedImporter) -> (artifact id: '86bbfdd492b183eacd2ae8f1beb2e468') in 0.0177107 seconds
Number of updated asset objects reloaded before import = 0Number of asset objects unloaded after import = 0

========================================================================
Received Import Request.
  Time since last request: 0.000023 seconds.
  path: Assets/LUTE_Starter Scenes/Mapbox/Examples/_sharedModules/DisableMeshRendererModifier.asset
  artifactKey: Guid(4aeb0629486794f25bf199af8a4f4830) Importer(2089858483,0ecaa5967403d082aa24f35e1b516d23)
Start importing Assets/LUTE_Starter Scenes/Mapbox/Examples/_sharedModules/DisableMeshRendererModifier.asset using Guid(4aeb0629486794f25bf199af8a4f4830) Importer(2089858483,0ecaa5967403d082aa24f35e1b516d23) (ScriptedImporter) -> (artifact id: '9bfaaeaed6327ec634f9caf4b4005982') in 0.0227644 seconds
Number of updated asset objects reloaded before import = 0Number of asset objects unloaded after import = 1

========================================================================
Received Import Request.
  Time since last request: 0.000024 seconds.
  path: Assets/LUTE_Starter Scenes/Mapbox/Unity/DataContainers/TileStats.cs
  artifactKey: Guid(a54ae05a24f6b499c8ef1d26ffedbbf6) Importer(2089858483,0ecaa5967403d082aa24f35e1b516d23)
Start importing Assets/LUTE_Starter Scenes/Mapbox/Unity/DataContainers/TileStats.cs using Guid(a54ae05a24f6b499c8ef1d26ffedbbf6) Importer(2089858483,0ecaa5967403d082aa24f35e1b516d23) (ScriptedImporter) -> (artifact id: 'bd2b07562e7f23bbe10b0e49ecd7c047') in 0.0187244 seconds
Number of updated asset objects reloaded before import = 0Number of asset objects unloaded after import = 0

========================================================================
Received Import Request.
  Time since last request: 0.000055 seconds.
  path: Assets/LUTE_Starter Scenes/Mapbox/Examples/Scripts/RotateWithLocationProvider.cs
  artifactKey: Guid(061d2afb48ace4fd19611279b6cf732f) Importer(2089858483,0ecaa5967403d082aa24f35e1b516d23)
Start importing Assets/LUTE_Starter Scenes/Mapbox/Examples/Scripts/RotateWithLocationProvider.cs using Guid(061d2afb48ace4fd19611279b6cf732f) Importer(2089858483,0ecaa5967403d082aa24f35e1b516d23) (ScriptedImporter) -> (artifact id: 'faeb3c9ecfed42d71c9b1c1202a10f0b') in 0.0157393 seconds
Number of updated asset objects reloaded before import = 0Number of asset objects unloaded after import = 0

========================================================================
Received Import Request.
  Time since last request: 0.000087 seconds.
  path: Assets/LUTE_Starter Scenes/Mapbox/Examples/_sharedModules/MeshColliderModifier.asset
  artifactKey: Guid(203d61015a4124744bf28f4502b286fc) Importer(2089858483,0ecaa5967403d082aa24f35e1b516d23)
Start importing Assets/LUTE_Starter Scenes/Mapbox/Examples/_sharedModules/MeshColliderModifier.asset using Guid(203d61015a4124744bf28f4502b286fc) Importer(2089858483,0ecaa5967403d082aa24f35e1b516d23) (ScriptedImporter) -> (artifact id: 'b35111e09e74ef84e261e0a1995e5592') in 0.0228273 seconds
Number of updated asset objects reloaded before import = 0Number of asset objects unloaded after import = 1

========================================================================
Received Import Request.
  Time since last request: 0.000023 seconds.
  path: Assets/LUTE_Starter Scenes/Mapbox/Unity/DataContainers/LocationPrefabCategoryOptions.cs
  artifactKey: Guid(fcad5e29c050446fb8a3d19a42549875) Importer(2089858483,0ecaa5967403d082aa24f35e1b516d23)
Start importing Assets/LUTE_Starter Scenes/Mapbox/Unity/DataContainers/LocationPrefabCategoryOptions.cs using Guid(fcad5e29c050446fb8a3d19a42549875) Importer(2089858483,0ecaa5967403d082aa24f35e1b516d23) (ScriptedImporter) -> (artifact id: '357aae8247028f92ae6c44ee69b3d126') in 0.022025 seconds
Number of updated asset objects reloaded before import = 0Number of asset objects unloaded after import = 0

========================================================================
Received Import Request.
  Time since last request: 0.000054 seconds.
  path: Assets/LUTE_Starter Scenes/Mapbox/Examples/Scripts/LabelTextSetter.cs
  artifactKey: Guid(75f4a424246980d46a214433149ef222) Importer(2089858483,0ecaa5967403d082aa24f35e1b516d23)
Start importing Assets/LUTE_Starter Scenes/Mapbox/Examples/Scripts/LabelTextSetter.cs using Guid(75f4a424246980d46a214433149ef222) Importer(2089858483,0ecaa5967403d082aa24f35e1b516d23) (ScriptedImporter) -> (artifact id: 'c7211f0d7a1004981685612073bc07d3') in 0.0203991 seconds
Number of updated asset objects reloaded before import = 0Number of asset objects unloaded after import = 0

========================================================================
Received Import Request.
  Time since last request: 0.000072 seconds.
  path: Assets/LUTE_Starter Scenes/Mapbox/Examples/Resources/TerraceTop.mat
  artifactKey: Guid(1843a50abea6fa448a61d143054f2166) Importer(2089858483,0ecaa5967403d082aa24f35e1b516d23)
Start importing Assets/LUTE_Starter Scenes/Mapbox/Examples/Resources/TerraceTop.mat using Guid(1843a50abea6fa448a61d143054f2166) Importer(2089858483,0ecaa5967403d082aa24f35e1b516d23) (ScriptedImporter) -> (artifact id: '9f914825b4b880a60f938ecaf9c57c00') in 0.0319883 seconds
Number of updated asset objects reloaded before import = 0Number of asset objects unloaded after import = 1

========================================================================
Received Import Request.
  Time since last request: 0.000046 seconds.
  path: Assets/LUTE_Starter Scenes/Mapbox/Examples/_sharedModules/TransparentOrangeMaterialModifier.asset
  artifactKey: Guid(8c839e30191934c63948abcddd333a44) Importer(2089858483,0ecaa5967403d082aa24f35e1b516d23)
Start importing Assets/LUTE_Starter Scenes/Mapbox/Examples/_sharedModules/TransparentOrangeMaterialModifier.asset using Guid(8c839e30191934c63948abcddd333a44) Importer(2089858483,0ecaa5967403d082aa24f35e1b516d23) (ScriptedImporter) -> (artifact id: '1295be5810ab6473871c27e13b31d994') in 0.0569139 seconds
Number of updated asset objects reloaded before import = 0Number of asset objects unloaded after import = 2

========================================================================
Received Import Request.
  Time since last request: 0.000039 seconds.
  path: Assets/LUTE_Starter Scenes/Mapbox/Examples/_sharedModules/ContourTerraceMeshFactory.asset
  artifactKey: Guid(99a5ed38fb057344493cad6cc2af7477) Importer(2089858483,0ecaa5967403d082aa24f35e1b516d23)
Start importing Assets/LUTE_Starter Scenes/Mapbox/Examples/_sharedModules/ContourTerraceMeshFactory.asset using Guid(99a5ed38fb057344493cad6cc2af7477) Importer(2089858483,0ecaa5967403d082aa24f35e1b516d23) (ScriptedImporter) -> (artifact id: 'c528b49047862179b1d211d29e379d49') in 0.0306623 seconds
Number of updated asset objects reloaded before import = 0Number of asset objects unloaded after import = 1

========================================================================
Received Import Request.
  Time since last request: 0.000023 seconds.
  path: Assets/LUTE_Starter Scenes/Mapbox/Examples/Resources/TerraceSide.mat
  artifactKey: Guid(31d8bd8fc9d4850408a1660cf3619850) Importer(2089858483,0ecaa5967403d082aa24f35e1b516d23)
Start importing Assets/LUTE_Starter Scenes/Mapbox/Examples/Resources/TerraceSide.mat using Guid(31d8bd8fc9d4850408a1660cf3619850) Importer(2089858483,0ecaa5967403d082aa24f35e1b516d23) (ScriptedImporter) -> (artifact id: '39c4959ca177cd26bb39317fe05444af') in 0.0307621 seconds
Number of updated asset objects reloaded before import = 0Number of asset objects unloaded after import = 1

========================================================================
Received Import Request.
  Time since last request: 1.321824 seconds.
  path: Assets/LUTE_Starter Scenes/Mapbox/Unity/Editor/ModifierStackEditor.cs
  artifactKey: Guid(c0cd73e58c7a441cd81f138edd9bbb31) Importer(2089858483,0ecaa5967403d082aa24f35e1b516d23)
Start importing Assets/LUTE_Starter Scenes/Mapbox/Unity/Editor/ModifierStackEditor.cs using Guid(c0cd73e58c7a441cd81f138edd9bbb31) Importer(2089858483,0ecaa5967403d082aa24f35e1b516d23) (ScriptedImporter) -> (artifact id: '781073cce2420a3d396c31402961df2f') in 0.0169078 seconds
Number of updated asset objects reloaded before import = 0Number of asset objects unloaded after import = 0

========================================================================
Received Import Request.
  Time since last request: 0.000027 seconds.
  path: Assets/LUTE/ThirdPartyAssets/InventoryEngine/MMTools/MMMovement/MMPreventPassingThrough.cs
  artifactKey: Guid(3b2a1f7815d40344186f7659d93abe80) Importer(2089858483,0ecaa5967403d082aa24f35e1b516d23)
Start importing Assets/LUTE/ThirdPartyAssets/InventoryEngine/MMTools/MMMovement/MMPreventPassingThrough.cs using Guid(3b2a1f7815d40344186f7659d93abe80) Importer(2089858483,0ecaa5967403d082aa24f35e1b516d23) (ScriptedImporter) -> (artifact id: 'cc3fb4699164dbcefe7e1d697320d54b') in 0.0174891 seconds
Number of updated asset objects reloaded before import = 0Number of asset objects unloaded after import = 0

========================================================================
Received Import Request.
  Time since last request: 0.000073 seconds.
  path: Assets/LUTE_Starter Scenes/Sprites/UI/GamePreviews/barnCover.jpeg
  artifactKey: Guid(643fc9ef24c630e439c0e305c2d22733) Importer(2089858483,0ecaa5967403d082aa24f35e1b516d23)
Start importing Assets/LUTE_Starter Scenes/Sprites/UI/GamePreviews/barnCover.jpeg using Guid(643fc9ef24c630e439c0e305c2d22733) Importer(2089858483,0ecaa5967403d082aa24f35e1b516d23) (ScriptedImporter) -> (artifact id: '4ab746889854129537307ffc01f2dd79') in 0.0477388 seconds
Number of updated asset objects reloaded before import = 0Number of asset objects unloaded after import = 3

========================================================================
Received Import Request.
  Time since last request: 0.000025 seconds.
  path: Assets/LUTE/ThirdPartyAssets/InventoryEngine/MMTools/MMExtensions/MMFloatExtensions.cs
  artifactKey: Guid(368b8371d6c95b34fae5ced0725180b1) Importer(2089858483,0ecaa5967403d082aa24f35e1b516d23)
Start importing Assets/LUTE/ThirdPartyAssets/InventoryEngine/MMTools/MMExtensions/MMFloatExtensions.cs using Guid(368b8371d6c95b34fae5ced0725180b1) Importer(2089858483,0ecaa5967403d082aa24f35e1b516d23) (ScriptedImporter) -> (artifact id: '24ba97a881a38943e487f3e946b52cf6') in 0.0196718 seconds
Number of updated asset objects reloaded before import = 0Number of asset objects unloaded after import = 0

========================================================================
Received Import Request.
  Time since last request: 0.000073 seconds.
  path: Assets/LUTE_Starter Scenes/Mapbox/Unity/Utilities/Singleton.cs
  artifactKey: Guid(a6eab0daac2d048669b548ca8aa46e33) Importer(2089858483,0ecaa5967403d082aa24f35e1b516d23)
Start importing Assets/LUTE_Starter Scenes/Mapbox/Unity/Utilities/Singleton.cs using Guid(a6eab0daac2d048669b548ca8aa46e33) Importer(2089858483,0ecaa5967403d082aa24f35e1b516d23) (ScriptedImporter) -> (artifact id: 'c13357d9e242e822d6559a802ba03f8f') in 0.0155404 seconds
Number of updated asset objects reloaded before import = 0Number of asset objects unloaded after import = 0

========================================================================
Received Import Request.
  Time since last request: 0.000039 seconds.
  path: Assets/LUTE/ThirdPartyAssets/InventoryEngine/MMTools/MMHelpers/MMColors.cs
  artifactKey: Guid(d9fae8d45e562f342ad2e7ecc03196cc) Importer(2089858483,0ecaa5967403d082aa24f35e1b516d23)
Start importing Assets/LUTE/ThirdPartyAssets/InventoryEngine/MMTools/MMHelpers/MMColors.cs using Guid(d9fae8d45e562f342ad2e7ecc03196cc) Importer(2089858483,0ecaa5967403d082aa24f35e1b516d23) (ScriptedImporter) -> (artifact id: 'b8c1b80db972170945de441cd8196811') in 0.0203815 seconds
Number of updated asset objects reloaded before import = 0Number of asset objects unloaded after import = 0

========================================================================
Received Import Request.
  Time since last request: 0.000054 seconds.
  path: Assets/LUTE_Starter Scenes/Mapbox/Unity/SourceLayers/SubLayerCustomStyleAtlas.cs
  artifactKey: Guid(0091ed13b56ab49afa140339b816b763) Importer(2089858483,0ecaa5967403d082aa24f35e1b516d23)
Start importing Assets/LUTE_Starter Scenes/Mapbox/Unity/SourceLayers/SubLayerCustomStyleAtlas.cs using Guid(0091ed13b56ab49afa140339b816b763) Importer(2089858483,0ecaa5967403d082aa24f35e1b516d23) (ScriptedImporter) -> (artifact id: 'c6972a3a6d3d5d4e4de746783802be87') in 0.0181261 seconds
Number of updated asset objects reloaded before import = 0Number of asset objects unloaded after import = 0

========================================================================
Received Import Request.
  Time since last request: 0.000060 seconds.
  path: Assets/LUTE_Starter Scenes/Mapbox/Unity/SourceLayers/ISubLayerCustomStyleAtlasWithColorPallete.cs
  artifactKey: Guid(f6fa1fbd7ea4a4f7d87db12ffcc87f7e) Importer(2089858483,0ecaa5967403d082aa24f35e1b516d23)
Start importing Assets/LUTE_Starter Scenes/Mapbox/Unity/SourceLayers/ISubLayerCustomStyleAtlasWithColorPallete.cs using Guid(f6fa1fbd7ea4a4f7d87db12ffcc87f7e) Importer(2089858483,0ecaa5967403d082aa24f35e1b516d23) (ScriptedImporter) -> (artifact id: 'c061395bb68aaacf4032b761b83ff4ec') in 0.0192457 seconds
Number of updated asset objects reloaded before import = 0Number of asset objects unloaded after import = 0

========================================================================
Received Import Request.
  Time since last request: 0.000060 seconds.
  path: Assets/LUTE_Starter Scenes/Scenes/Games/Demo/Demo.unity
  artifactKey: Guid(ebd0ee8f77144eb40abb4a8ac59a1acf) Importer(2089858483,0ecaa5967403d082aa24f35e1b516d23)
Start importing Assets/LUTE_Starter Scenes/Scenes/Games/Demo/Demo.unity using Guid(ebd0ee8f77144eb40abb4a8ac59a1acf) Importer(2089858483,0ecaa5967403d082aa24f35e1b516d23) (ScriptedImporter) -> (artifact id: '505511bfd6a904908341f71921eefd06') in 0.016136 seconds
Number of updated asset objects reloaded before import = 0Number of asset objects unloaded after import = 1

========================================================================
Received Import Request.
  Time since last request: 0.000025 seconds.
  path: Assets/LUTE/ThirdPartyAssets/InventoryEngine/Demo/Prefabs/MetalKeyPrefab.prefab
  artifactKey: Guid(6e7849129b80d4845852f362f2fbd548) Importer(2089858483,0ecaa5967403d082aa24f35e1b516d23)
Start importing Assets/LUTE/ThirdPartyAssets/InventoryEngine/Demo/Prefabs/MetalKeyPrefab.prefab using Guid(6e7849129b80d4845852f362f2fbd548) Importer(2089858483,0ecaa5967403d082aa24f35e1b516d23) (ScriptedImporter) -> (artifact id: 'b77dcf29716f5fef209f0deeaf89b268') in 0.1050776 seconds
Number of updated asset objects reloaded before import = 0Number of asset objects unloaded after import = 10

========================================================================
Received Import Request.
  Time since last request: 0.000025 seconds.
  path: Assets/LUTE_Starter Scenes/Mapbox/Unity/Utilities/OpenUrlOnButtonClick.cs
  artifactKey: Guid(7d2bfe282373c4419b3edefc8dd20f68) Importer(2089858483,0ecaa5967403d082aa24f35e1b516d23)
Start importing Assets/LUTE_Starter Scenes/Mapbox/Unity/Utilities/OpenUrlOnButtonClick.cs using Guid(7d2bfe282373c4419b3edefc8dd20f68) Importer(2089858483,0ecaa5967403d082aa24f35e1b516d23) (ScriptedImporter) -> (artifact id: '27c1b0d19ec1f8c3f9b7b0140eb5ff5b') in 0.0258167 seconds
Number of updated asset objects reloaded before import = 0Number of asset objects unloaded after import = 0

========================================================================
Received Import Request.
  Time since last request: 0.000064 seconds.
  path: Assets/LUTE/ThirdPartyAssets/InventoryEngine/MMTools/MMHelpers/MMArray.cs
  artifactKey: Guid(3df6166b66f19e040977adbc56b973b5) Importer(2089858483,0ecaa5967403d082aa24f35e1b516d23)
Start importing Assets/LUTE/ThirdPartyAssets/InventoryEngine/MMTools/MMHelpers/MMArray.cs using Guid(3df6166b66f19e040977adbc56b973b5) Importer(2089858483,0ecaa5967403d082aa24f35e1b516d23) (ScriptedImporter) -> (artifact id: '1289dd81c5451f371e17ad8a3b9d71c3') in 0.0186804 seconds
Number of updated asset objects reloaded before import = 0Number of asset objects unloaded after import = 0

========================================================================
Received Import Request.
  Time since last request: 0.000020 seconds.
  path: Assets/LUTE_Starter Scenes/Mapbox/Unity/Utilities/MapVisualizerPerformance.cs
  artifactKey: Guid(49949b46d9cfc4a4b9d2419caf98f859) Importer(2089858483,0ecaa5967403d082aa24f35e1b516d23)
Start importing Assets/LUTE_Starter Scenes/Mapbox/Unity/Utilities/MapVisualizerPerformance.cs using Guid(49949b46d9cfc4a4b9d2419caf98f859) Importer(2089858483,0ecaa5967403d082aa24f35e1b516d23) (ScriptedImporter) -> (artifact id: 'f84decfa9a9653badbbf52261ee30025') in 0.0172172 seconds
Number of updated asset objects reloaded before import = 0Number of asset objects unloaded after import = 0

========================================================================
Received Import Request.
  Time since last request: 0.000051 seconds.
  path: Assets/LUTE_Starter Scenes/Mapbox/Unity/Utilities/Conversions.cs
  artifactKey: Guid(298fcb875e96e4d6f9b039f9f30aad82) Importer(2089858483,0ecaa5967403d082aa24f35e1b516d23)
Start importing Assets/LUTE_Starter Scenes/Mapbox/Unity/Utilities/Conversions.cs using Guid(298fcb875e96e4d6f9b039f9f30aad82) Importer(2089858483,0ecaa5967403d082aa24f35e1b516d23) (ScriptedImporter) -> (artifact id: '70bd9f980d1dade49658d100449fc665') in 0.0170587 seconds
Number of updated asset objects reloaded before import = 0Number of asset objects unloaded after import = 0

========================================================================
Received Import Request.
  Time since last request: 0.000235 seconds.
  path: Assets/LUTE/ThirdPartyAssets/InventoryEngine/MMTools/MMAttributes/MMBackgroundColorAttribute.cs
  artifactKey: Guid(3d940d484781c4040921ce29789b1943) Importer(2089858483,0ecaa5967403d082aa24f35e1b516d23)
Start importing Assets/LUTE/ThirdPartyAssets/InventoryEngine/MMTools/MMAttributes/MMBackgroundColorAttribute.cs using Guid(3d940d484781c4040921ce29789b1943) Importer(2089858483,0ecaa5967403d082aa24f35e1b516d23) (ScriptedImporter) -> (artifact id: 'f3ad313f500b2d60a0223b270ce367ab') in 0.0199063 seconds
Number of updated asset objects reloaded before import = 0Number of asset objects unloaded after import = 0

========================================================================
Received Import Request.
  Time since last request: 0.000217 seconds.
  path: Assets/LUTE_Starter Scenes/Mapbox/Unity/SourceLayers/IImageryLayer.cs
  artifactKey: Guid(80a22b06fd73b4e009a924a0be131391) Importer(2089858483,0ecaa5967403d082aa24f35e1b516d23)
Start importing Assets/LUTE_Starter Scenes/Mapbox/Unity/SourceLayers/IImageryLayer.cs using Guid(80a22b06fd73b4e009a924a0be131391) Importer(2089858483,0ecaa5967403d082aa24f35e1b516d23) (ScriptedImporter) -> (artifact id: '6e64da86b8a83229523dda3e0096ab66') in 0.0185676 seconds
Number of updated asset objects reloaded before import = 0Number of asset objects unloaded after import = 0

========================================================================
Received Import Request.
  Time since last request: 0.000172 seconds.
  path: Assets/LUTE_Starter Scenes/Mapbox/Unity/Telemetry/TelemetryIos.cs
  artifactKey: Guid(1089e784167a94312a00eacedff66aa7) Importer(2089858483,0ecaa5967403d082aa24f35e1b516d23)
Start importing Assets/LUTE_Starter Scenes/Mapbox/Unity/Telemetry/TelemetryIos.cs using Guid(1089e784167a94312a00eacedff66aa7) Importer(2089858483,0ecaa5967403d082aa24f35e1b516d23) (ScriptedImporter) -> (artifact id: '55e32ccb8ed4768386bc08d5201d098e') in 0.0154331 seconds
Number of updated asset objects reloaded before import = 0Number of asset objects unloaded after import = 0

========================================================================
Received Import Request.
  Time since last request: 0.000061 seconds.
  path: Assets/LUTE_Starter Scenes/Scenes/Games/AR/XR_Location_Example.unity
  artifactKey: Guid(5c66350f406e4114a9f369fff8bdcd35) Importer(2089858483,0ecaa5967403d082aa24f35e1b516d23)
Start importing Assets/LUTE_Starter Scenes/Scenes/Games/AR/XR_Location_Example.unity using Guid(5c66350f406e4114a9f369fff8bdcd35) Importer(2089858483,0ecaa5967403d082aa24f35e1b516d23) (ScriptedImporter) -> (artifact id: 'a86ca10cd562950251773c6dd7c7f56b') in 0.0143541 seconds
Number of updated asset objects reloaded before import = 0Number of asset objects unloaded after import = 1

========================================================================
Received Import Request.
  Time since last request: 0.000029 seconds.
  path: Assets/LUTE/ThirdPartyAssets/InventoryEngine/MMTools/MMHelpers/MMLayers.cs
  artifactKey: Guid(01d38a71c34274ee0b94de34ac7931c8) Importer(2089858483,0ecaa5967403d082aa24f35e1b516d23)
Start importing Assets/LUTE/ThirdPartyAssets/InventoryEngine/MMTools/MMHelpers/MMLayers.cs using Guid(01d38a71c34274ee0b94de34ac7931c8) Importer(2089858483,0ecaa5967403d082aa24f35e1b516d23) (ScriptedImporter) -> (artifact id: 'c1c536e9cbb9d550d30983f0db1308df') in 0.0196926 seconds
Number of updated asset objects reloaded before import = 0Number of asset objects unloaded after import = 0

========================================================================
Received Import Request.
  Time since last request: 0.000054 seconds.
  path: Assets/LUTE_Starter Scenes/Mapbox/Unity/Telemetry/TelemetryFallback.cs
  artifactKey: Guid(30faf59456fb74b29a054e8684302e5e) Importer(2089858483,0ecaa5967403d082aa24f35e1b516d23)
Start importing Assets/LUTE_Starter Scenes/Mapbox/Unity/Telemetry/TelemetryFallback.cs using Guid(30faf59456fb74b29a054e8684302e5e) Importer(2089858483,0ecaa5967403d082aa24f35e1b516d23) (ScriptedImporter) -> (artifact id: '55a1b583ece643536907f5c2eb74c688') in 0.0202354 seconds
Number of updated asset objects reloaded before import = 0Number of asset objects unloaded after import = 0

========================================================================
Received Import Request.
  Time since last request: 0.000024 seconds.
  path: Assets/LUTE/ThirdPartyAssets/InventoryEngine/MMTools/MMHelpers/MMScene.cs
  artifactKey: Guid(9de5862b14b53c74e8f45bf953fabf7e) Importer(2089858483,0ecaa5967403d082aa24f35e1b516d23)
Start importing Assets/LUTE/ThirdPartyAssets/InventoryEngine/MMTools/MMHelpers/MMScene.cs using Guid(9de5862b14b53c74e8f45bf953fabf7e) Importer(2089858483,0ecaa5967403d082aa24f35e1b516d23) (ScriptedImporter) -> (artifact id: '8981b046e7d57ccdfee6650dbce82a9a') in 0.0218267 seconds
Number of updated asset objects reloaded before import = 0Number of asset objects unloaded after import = 0

========================================================================
Received Import Request.
  Time since last request: 0.000048 seconds.
  path: Assets/LUTE_Starter Scenes/Mapbox/Unity/Location/AbstractLocationProvider.cs
  artifactKey: Guid(9afbc0b89984849deb4a2806ff48dc29) Importer(2089858483,0ecaa5967403d082aa24f35e1b516d23)
Start importing Assets/LUTE_Starter Scenes/Mapbox/Unity/Location/AbstractLocationProvider.cs using Guid(9afbc0b89984849deb4a2806ff48dc29) Importer(2089858483,0ecaa5967403d082aa24f35e1b516d23) (ScriptedImporter) -> (artifact id: '74f1a26d690130de1730ccb49ecf616a') in 0.0273152 seconds
Number of updated asset objects reloaded before import = 0Number of asset objects unloaded after import = 0

========================================================================
Received Import Request.
  Time since last request: 0.000062 seconds.
  path: Assets/LUTE_Starter Scenes/Mapbox/Unity/LayerProperties/ElevationLayerProperties.cs
  artifactKey: Guid(46f40ce7b24394c41ae15d4a00746a90) Importer(2089858483,0ecaa5967403d082aa24f35e1b516d23)
Start importing Assets/LUTE_Starter Scenes/Mapbox/Unity/LayerProperties/ElevationLayerProperties.cs using Guid(46f40ce7b24394c41ae15d4a00746a90) Importer(2089858483,0ecaa5967403d082aa24f35e1b516d23) (ScriptedImporter) -> (artifact id: '1fe064a47cb4a2de19e7f8bc8c0a9a2d') in 0.0185128 seconds
Number of updated asset objects reloaded before import = 0Number of asset objects unloaded after import = 0

========================================================================
Received Import Request.
  Time since last request: 0.000078 seconds.
  path: Assets/LUTE/ThirdPartyAssets/InventoryEngine/Demo/Sprites/InventorySelectorIdle.anim
  artifactKey: Guid(9b7c388c9611634468af4dd65628ba0b) Importer(2089858483,0ecaa5967403d082aa24f35e1b516d23)
Start importing Assets/LUTE/ThirdPartyAssets/InventoryEngine/Demo/Sprites/InventorySelectorIdle.anim using Guid(9b7c388c9611634468af4dd65628ba0b) Importer(2089858483,0ecaa5967403d082aa24f35e1b516d23) (ScriptedImporter) -> (artifact id: '7a1b52f08cf7162d223c9a3cd6d782e2') in 0.0440476 seconds
Number of updated asset objects reloaded before import = 0Number of asset objects unloaded after import = 1

========================================================================
Received Import Request.
  Time since last request: 0.000109 seconds.
  path: Assets/LUTE_Starter Scenes/Mapbox/Unity/SourceLayers/ISubLayerBehaviorModifiers.cs
  artifactKey: Guid(1e87244935b842089e18d5a142aab6f6) Importer(2089858483,0ecaa5967403d082aa24f35e1b516d23)
Start importing Assets/LUTE_Starter Scenes/Mapbox/Unity/SourceLayers/ISubLayerBehaviorModifiers.cs using Guid(1e87244935b842089e18d5a142aab6f6) Importer(2089858483,0ecaa5967403d082aa24f35e1b516d23) (ScriptedImporter) -> (artifact id: '60b81f4bce653bc4002af458dd070866') in 0.0217806 seconds
Number of updated asset objects reloaded before import = 0Number of asset objects unloaded after import = 0

========================================================================
Received Import Request.
  Time since last request: 0.000071 seconds.
  path: Assets/LUTE/ThirdPartyAssets/InventoryEngine/MMTools/MMExtensions/MMLayermaskExtensions.cs
  artifactKey: Guid(f5786eaa162a9da408b32f063e56886d) Importer(2089858483,0ecaa5967403d082aa24f35e1b516d23)
Start importing Assets/LUTE/ThirdPartyAssets/InventoryEngine/MMTools/MMExtensions/MMLayermaskExtensions.cs using Guid(f5786eaa162a9da408b32f063e56886d) Importer(2089858483,0ecaa5967403d082aa24f35e1b516d23) (ScriptedImporter) -> (artifact id: 'a7aab193281632536058bb6967cf326a') in 0.0196238 seconds
Number of updated asset objects reloaded before import = 0Number of asset objects unloaded after import = 0

========================================================================
Received Import Request.
  Time since last request: 0.000078 seconds.
  path: Assets/LUTE/ThirdPartyAssets/InventoryEngine/MMTools/MMAttributes/MMVectorAttribute.cs
  artifactKey: Guid(2e0c0838d8791ea4e8b901003c8639a8) Importer(2089858483,0ecaa5967403d082aa24f35e1b516d23)
Start importing Assets/LUTE/ThirdPartyAssets/InventoryEngine/MMTools/MMAttributes/MMVectorAttribute.cs using Guid(2e0c0838d8791ea4e8b901003c8639a8) Importer(2089858483,0ecaa5967403d082aa24f35e1b516d23) (ScriptedImporter) -> (artifact id: '945320cb7d0286e9c952731d3127af83') in 0.0195384 seconds
Number of updated asset objects reloaded before import = 0Number of asset objects unloaded after import = 0

========================================================================
Received Import Request.
  Time since last request: 0.000030 seconds.
  path: Assets/LUTE_Starter Scenes/Mapbox/Unity/Map/AbstractMapVisualizer.cs
  artifactKey: Guid(cefaf3a12c7842d499a032db9077170d) Importer(2089858483,0ecaa5967403d082aa24f35e1b516d23)
Start importing Assets/LUTE_Starter Scenes/Mapbox/Unity/Map/AbstractMapVisualizer.cs using Guid(cefaf3a12c7842d499a032db9077170d) Importer(2089858483,0ecaa5967403d082aa24f35e1b516d23) (ScriptedImporter) -> (artifact id: 'ef394e663ac291caf2a1f7a7aa910448') in 0.0190042 seconds
Number of updated asset objects reloaded before import = 0Number of asset objects unloaded after import = 0

========================================================================
Received Import Request.
  Time since last request: 0.000074 seconds.
  path: Assets/LUTE/ThirdPartyAssets/InventoryEngine/MMTools/MMMovement/MMFaceDirection.cs
  artifactKey: Guid(1374d534191fbdf40b704f29771981b9) Importer(2089858483,0ecaa5967403d082aa24f35e1b516d23)
Start importing Assets/LUTE/ThirdPartyAssets/InventoryEngine/MMTools/MMMovement/MMFaceDirection.cs using Guid(1374d534191fbdf40b704f29771981b9) Importer(2089858483,0ecaa5967403d082aa24f35e1b516d23) (ScriptedImporter) -> (artifact id: '36e66def1947a7b8fd6064d4c2a0504e') in 0.0233905 seconds
Number of updated asset objects reloaded before import = 0Number of asset objects unloaded after import = 0

========================================================================
Received Import Request.
  Time since last request: 0.000066 seconds.
  path: Assets/LUTE_Starter Scenes/Mapbox/Unity/Editor/TreeElementUtility.cs
  artifactKey: Guid(1269acacf72d3424aacd80756038512c) Importer(2089858483,0ecaa5967403d082aa24f35e1b516d23)
Start importing Assets/LUTE_Starter Scenes/Mapbox/Unity/Editor/TreeElementUtility.cs using Guid(1269acacf72d3424aacd80756038512c) Importer(2089858483,0ecaa5967403d082aa24f35e1b516d23) (ScriptedImporter) -> (artifact id: 'ebdacb54e5df86867ea4b4010eaeae8e') in 0.0186376 seconds
Number of updated asset objects reloaded before import = 0Number of asset objects unloaded after import = 0

========================================================================
Received Import Request.
  Time since last request: 0.000024 seconds.
  path: Assets/LUTE_Starter Scenes/Mapbox/Unity/SourceLayers/MapboxDefaultVector.cs
  artifactKey: Guid(c27882298c0e14c0ea03761c9aac8ecb) Importer(2089858483,0ecaa5967403d082aa24f35e1b516d23)
Start importing Assets/LUTE_Starter Scenes/Mapbox/Unity/SourceLayers/MapboxDefaultVector.cs using Guid(c27882298c0e14c0ea03761c9aac8ecb) Importer(2089858483,0ecaa5967403d082aa24f35e1b516d23) (ScriptedImporter) -> (artifact id: '57fadd8de675a248abe0c5d0f8ab8529') in 0.0150478 seconds
Number of updated asset objects reloaded before import = 0Number of asset objects unloaded after import = 0

========================================================================
Received Import Request.
  Time since last request: 0.000051 seconds.
  path: Assets/LUTE_Starter Scenes/Mapbox/Unity/LayerProperties/LayerProperties.cs
  artifactKey: Guid(620f750f82f0f4be1b830d83e9162d9d) Importer(2089858483,0ecaa5967403d082aa24f35e1b516d23)
Start importing Assets/LUTE_Starter Scenes/Mapbox/Unity/LayerProperties/LayerProperties.cs using Guid(620f750f82f0f4be1b830d83e9162d9d) Importer(2089858483,0ecaa5967403d082aa24f35e1b516d23) (ScriptedImporter) -> (artifact id: 'd538d18d74ffb719235e087c09a3954a') in 0.0176133 seconds
Number of updated asset objects reloaded before import = 0Number of asset objects unloaded after import = 0

========================================================================
Received Import Request.
  Time since last request: 0.000064 seconds.
  path: Assets/LUTE_Starter Scenes/Sprites/UI/Inventory/ButtonPrompt.png
  artifactKey: Guid(6e8b4ca93f6386e4b8caee6d70e9a169) Importer(2089858483,0ecaa5967403d082aa24f35e1b516d23)
Start importing Assets/LUTE_Starter Scenes/Sprites/UI/Inventory/ButtonPrompt.png using Guid(6e8b4ca93f6386e4b8caee6d70e9a169) Importer(2089858483,0ecaa5967403d082aa24f35e1b516d23) (ScriptedImporter) -> (artifact id: '560cb556410b24e40e4712924f1dfe3e') in 0.031763 seconds
Number of updated asset objects reloaded before import = 0Number of asset objects unloaded after import = 3

========================================================================
Received Import Request.
  Time since last request: 0.000021 seconds.
  path: Assets/LUTE/ThirdPartyAssets/InventoryEngine/MMTools/MMHelpers/MMString.cs
  artifactKey: Guid(6d1a9ce427a59e54ba03f183675bc50d) Importer(2089858483,0ecaa5967403d082aa24f35e1b516d23)
Start importing Assets/LUTE/ThirdPartyAssets/InventoryEngine/MMTools/MMHelpers/MMString.cs using Guid(6d1a9ce427a59e54ba03f183675bc50d) Importer(2089858483,0ecaa5967403d082aa24f35e1b516d23) (ScriptedImporter) -> (artifact id: '1888ee90bf2b46c4c03bf65236372707') in 0.0160505 seconds
Number of updated asset objects reloaded before import = 0Number of asset objects unloaded after import = 0

========================================================================
Received Import Request.
  Time since last request: 0.986511 seconds.
  path: Assets/LUTE/ThirdPartyAssets/InventoryEngine/MMTools/MMMovement/MMStayInPlace.cs
  artifactKey: Guid(9b6f7c95fc9569f47a5b6b912da588a7) Importer(2089858483,0ecaa5967403d082aa24f35e1b516d23)
Start importing Assets/LUTE/ThirdPartyAssets/InventoryEngine/MMTools/MMMovement/MMStayInPlace.cs using Guid(9b6f7c95fc9569f47a5b6b912da588a7) Importer(2089858483,0ecaa5967403d082aa24f35e1b516d23) (ScriptedImporter) -> (artifact id: 'cfd6b22d50b990127daf0fc146b38fb6') in 0.0158614 seconds
Number of updated asset objects reloaded before import = 0Number of asset objects unloaded after import = 0

========================================================================
Received Import Request.
  Time since last request: 0.000063 seconds.
  path: Assets/LUTE/ThirdPartyAssets/LeanTween/Examples/Scenes/PathSplinePerformanceSettings.lighting
  artifactKey: Guid(ab4cc22e0a568f34d8bd0d477d2b5a86) Importer(2089858483,0ecaa5967403d082aa24f35e1b516d23)
Start importing Assets/LUTE/ThirdPartyAssets/LeanTween/Examples/Scenes/PathSplinePerformanceSettings.lighting using Guid(ab4cc22e0a568f34d8bd0d477d2b5a86) Importer(2089858483,0ecaa5967403d082aa24f35e1b516d23) (ScriptedImporter) -> (artifact id: '02ca3d35e2b3398654f84b4907d08079') in 0.042328 seconds
Number of updated asset objects reloaded before import = 0Number of asset objects unloaded after import = 1

========================================================================
Received Import Request.
  Time since last request: 0.000024 seconds.
  path: Assets/LUTE/ThirdPartyAssets/InventoryEngine/Sounds/DefaultSounds/SelectWav.wav
  artifactKey: Guid(333d9e6cd4cf4b847a94fdb0c48ca6f7) Importer(2089858483,0ecaa5967403d082aa24f35e1b516d23)
Start importing Assets/LUTE/ThirdPartyAssets/InventoryEngine/Sounds/DefaultSounds/SelectWav.wav using Guid(333d9e6cd4cf4b847a94fdb0c48ca6f7) Importer(2089858483,0ecaa5967403d082aa24f35e1b516d23) (ScriptedImporter) -> (artifact id: '5f38d3b02bfdb7ddaab90086e5dc00a5') in 0.0660393 seconds
Number of updated asset objects reloaded before import = 0Number of asset objects unloaded after import = 1

========================================================================
Received Import Request.
  Time since last request: 0.000015 seconds.
  path: Assets/LUTE/ThirdPartyAssets/LeanTween/Examples/Scenes/GeneralCameraShakeSettings.lighting
  artifactKey: Guid(2d0a2d4da64d6134db8ba03854a0b00d) Importer(2089858483,0ecaa5967403d082aa24f35e1b516d23)
Start importing Assets/LUTE/ThirdPartyAssets/LeanTween/Examples/Scenes/GeneralCameraShakeSettings.lighting using Guid(2d0a2d4da64d6134db8ba03854a0b00d) Importer(2089858483,0ecaa5967403d082aa24f35e1b516d23) (ScriptedImporter) -> (artifact id: '852bd1a781b016c2cca972de4b037ea2') in 0.0366065 seconds
Number of updated asset objects reloaded before import = 0Number of asset objects unloaded after import = 1

========================================================================
Received Import Request.
  Time since last request: 0.000033 seconds.
  path: Assets/LUTE/ThirdPartyAssets/TextMesh Pro/Examples & Extras/Fonts/Roboto-Bold - AFL.txt
  artifactKey: Guid(f28c334d44214474d9702d3ad79ecb0a) Importer(2089858483,0ecaa5967403d082aa24f35e1b516d23)
Start importing Assets/LUTE/ThirdPartyAssets/TextMesh Pro/Examples & Extras/Fonts/Roboto-Bold - AFL.txt using Guid(f28c334d44214474d9702d3ad79ecb0a) Importer(2089858483,0ecaa5967403d082aa24f35e1b516d23) (ScriptedImporter) -> (artifact id: 'b6b1d260ebd27af0db20279a9740b924') in 0.0239378 seconds
Number of updated asset objects reloaded before import = 0Number of asset objects unloaded after import = 1

========================================================================
Received Import Request.
  Time since last request: 0.000039 seconds.
  path: Assets/LUTE/ThirdPartyAssets/LeanTween/Examples/Scenes/TestingZLegacySettings.lighting
  artifactKey: Guid(9da0e76e8e2caa34684fd6ab8a412de7) Importer(2089858483,0ecaa5967403d082aa24f35e1b516d23)
Start importing Assets/LUTE/ThirdPartyAssets/LeanTween/Examples/Scenes/TestingZLegacySettings.lighting using Guid(9da0e76e8e2caa34684fd6ab8a412de7) Importer(2089858483,0ecaa5967403d082aa24f35e1b516d23) (ScriptedImporter) -> (artifact id: 'b3fb81293b44d9b0731dc665764a9e20') in 0.0348853 seconds
Number of updated asset objects reloaded before import = 0Number of asset objects unloaded after import = 1

========================================================================
Received Import Request.
  Time since last request: 0.000017 seconds.
  path: Assets/LUTE/ThirdPartyAssets/LeanTween/Examples/Prefabs/AvatarSparkles.prefab
  artifactKey: Guid(7b796b489cc4c447c91c00d4136b0e54) Importer(2089858483,0ecaa5967403d082aa24f35e1b516d23)
Start importing Assets/LUTE/ThirdPartyAssets/LeanTween/Examples/Prefabs/AvatarSparkles.prefab using Guid(7b796b489cc4c447c91c00d4136b0e54) Importer(2089858483,0ecaa5967403d082aa24f35e1b516d23) (ScriptedImporter) -> (artifact id: '5891cec53560b7b61f88a3580e6bc823') in 0.0429559 seconds
Number of updated asset objects reloaded before import = 0Number of asset objects unloaded after import = 17

========================================================================
Received Import Request.
  Time since last request: 0.000036 seconds.
  path: Assets/LUTE/ThirdPartyAssets/LeanTween/Examples/Material/Futoro_PlanetMaterial.mat
  artifactKey: Guid(6b98784ec692b4e00a86fa1044ad8998) Importer(2089858483,0ecaa5967403d082aa24f35e1b516d23)
Start importing Assets/LUTE/ThirdPartyAssets/LeanTween/Examples/Material/Futoro_PlanetMaterial.mat using Guid(6b98784ec692b4e00a86fa1044ad8998) Importer(2089858483,0ecaa5967403d082aa24f35e1b516d23) (ScriptedImporter) -> (artifact id: '1337585838ac9d50715eb57033e5c7c3') in 0.0337223 seconds
Number of updated asset objects reloaded before import = 0Number of asset objects unloaded after import = 1

========================================================================
Received Import Request.
  Time since last request: 0.000028 seconds.
  path: Assets/LUTE/ThirdPartyAssets/TextMesh Pro/Examples & Extras/Materials/Ground - Logo Scene.mat
  artifactKey: Guid(c719e38f25a9480abd2480ab621a2949) Importer(2089858483,0ecaa5967403d082aa24f35e1b516d23)
Start importing Assets/LUTE/ThirdPartyAssets/TextMesh Pro/Examples & Extras/Materials/Ground - Logo Scene.mat using Guid(c719e38f25a9480abd2480ab621a2949) Importer(2089858483,0ecaa5967403d082aa24f35e1b516d23) (ScriptedImporter) -> (artifact id: '1917fdbdd3a40eeb08a0d84cdacd810a') in 0.0463547 seconds
Number of updated asset objects reloaded before import = 0Number of asset objects unloaded after import = 2

========================================================================
Received Import Request.
  Time since last request: 0.000090 seconds.
  path: Assets/LUTE/ThirdPartyAssets/LeanTween/Examples/Material/Futoro_Ring.psd
  artifactKey: Guid(ef31bc3f46d6047b29ff513e55daf05b) Importer(2089858483,0ecaa5967403d082aa24f35e1b516d23)
Start importing Assets/LUTE/ThirdPartyAssets/LeanTween/Examples/Material/Futoro_Ring.psd using Guid(ef31bc3f46d6047b29ff513e55daf05b) Importer(2089858483,0ecaa5967403d082aa24f35e1b516d23) (ScriptedImporter) -> (artifact id: 'c323cb486ca466da7d732e0b5c5229a1') in 0.0388387 seconds
Number of updated asset objects reloaded before import = 0Number of asset objects unloaded after import = 3

========================================================================
Received Import Request.
  Time since last request: 0.000025 seconds.
  path: Assets/LUTE/ThirdPartyAssets/InventoryEngine/MMTools/MMTween/MMTween.cs
  artifactKey: Guid(cd6b5fb73f238654ba224ef88b91ac2a) Importer(2089858483,0ecaa5967403d082aa24f35e1b516d23)
Start importing Assets/LUTE/ThirdPartyAssets/InventoryEngine/MMTools/MMTween/MMTween.cs using Guid(cd6b5fb73f238654ba224ef88b91ac2a) Importer(2089858483,0ecaa5967403d082aa24f35e1b516d23) (ScriptedImporter) -> (artifact id: '534385ab93555a3cb66fe5ea054fa6fd') in 0.0213895 seconds
Number of updated asset objects reloaded before import = 0Number of asset objects unloaded after import = 0

========================================================================
Received Import Request.
  Time since last request: 0.000071 seconds.
  path: Assets/LUTE/ThirdPartyAssets/LeanTween/Examples/Scripts/TestingUnitTests.cs
  artifactKey: Guid(fef58bd01146344429d022b95c6af872) Importer(2089858483,0ecaa5967403d082aa24f35e1b516d23)
Start importing Assets/LUTE/ThirdPartyAssets/LeanTween/Examples/Scripts/TestingUnitTests.cs using Guid(fef58bd01146344429d022b95c6af872) Importer(2089858483,0ecaa5967403d082aa24f35e1b516d23) (ScriptedImporter) -> (artifact id: '6ecc85e69f7c1ffb1adfe975cd3c137f') in 0.0190314 seconds
Number of updated asset objects reloaded before import = 0Number of asset objects unloaded after import = 0

========================================================================
Received Import Request.
  Time since last request: 0.000038 seconds.
  path: Assets/LUTE/ThirdPartyAssets/InventoryEngine/MMTools/MMSaveLoad/MMSaveLoadTester.cs
  artifactKey: Guid(58f9c048a89d0d5448bf5972cdc13fad) Importer(2089858483,0ecaa5967403d082aa24f35e1b516d23)
Start importing Assets/LUTE/ThirdPartyAssets/InventoryEngine/MMTools/MMSaveLoad/MMSaveLoadTester.cs using Guid(58f9c048a89d0d5448bf5972cdc13fad) Importer(2089858483,0ecaa5967403d082aa24f35e1b516d23) (ScriptedImporter) -> (artifact id: '070349c9bc50ba24caa78af56e08d527') in 0.0165499 seconds
Number of updated asset objects reloaded before import = 0Number of asset objects unloaded after import = 0

========================================================================
Received Import Request.
  Time since last request: 0.000082 seconds.
  path: Assets/LUTE/ThirdPartyAssets/InventoryEngine/Scripts/GUI/InventoryHotbar.cs
  artifactKey: Guid(40509d8bfe7a94f45a82eaafacbe99a1) Importer(2089858483,0ecaa5967403d082aa24f35e1b516d23)
Start importing Assets/LUTE/ThirdPartyAssets/InventoryEngine/Scripts/GUI/InventoryHotbar.cs using Guid(40509d8bfe7a94f45a82eaafacbe99a1) Importer(2089858483,0ecaa5967403d082aa24f35e1b516d23) (ScriptedImporter) -> (artifact id: 'bbb1ed5a018dde68be61fa67ec143986') in 0.0185204 seconds
Number of updated asset objects reloaded before import = 0Number of asset objects unloaded after import = 0

========================================================================
Received Import Request.
  Time since last request: 0.000056 seconds.
  path: Assets/LUTE/ThirdPartyAssets/LeanTween/Examples/Textures/DefaultParticleReplacement.png
  artifactKey: Guid(adb1725a8503349429bf8d113eadac67) Importer(2089858483,0ecaa5967403d082aa24f35e1b516d23)
Start importing Assets/LUTE/ThirdPartyAssets/LeanTween/Examples/Textures/DefaultParticleReplacement.png using Guid(adb1725a8503349429bf8d113eadac67) Importer(2089858483,0ecaa5967403d082aa24f35e1b516d23) (ScriptedImporter) -> (artifact id: '063dad55cef4aaddc34e6d6b5b70e1df') in 0.0316691 seconds
Number of updated asset objects reloaded before import = 0Number of asset objects unloaded after import = 1

========================================================================
Received Import Request.
  Time since last request: 0.000018 seconds.
  path: Assets/LUTE/ThirdPartyAssets/LeanTween/Examples/Scenes/PathSplinesSettings.lighting
  artifactKey: Guid(56fd047dbd50b1b458d849452e6698e2) Importer(2089858483,0ecaa5967403d082aa24f35e1b516d23)
Start importing Assets/LUTE/ThirdPartyAssets/LeanTween/Examples/Scenes/PathSplinesSettings.lighting using Guid(56fd047dbd50b1b458d849452e6698e2) Importer(2089858483,0ecaa5967403d082aa24f35e1b516d23) (ScriptedImporter) -> (artifact id: 'f14828873574c7f81c07d583bbf724b4') in 0.0356311 seconds
Number of updated asset objects reloaded before import = 0Number of asset objects unloaded after import = 1

========================================================================
Received Import Request.
  Time since last request: 0.000018 seconds.
  path: Assets/LUTE/ThirdPartyAssets/LeanTween/Examples/Scenes/GeneralUISpaceSettings.lighting
  artifactKey: Guid(3d163efe5358b49dabdfa387538d1030) Importer(2089858483,0ecaa5967403d082aa24f35e1b516d23)
Start importing Assets/LUTE/ThirdPartyAssets/LeanTween/Examples/Scenes/GeneralUISpaceSettings.lighting using Guid(3d163efe5358b49dabdfa387538d1030) Importer(2089858483,0ecaa5967403d082aa24f35e1b516d23) (ScriptedImporter) -> (artifact id: 'a454fb2adbd8451de2f98b039732d50c') in 0.0358591 seconds
Number of updated asset objects reloaded before import = 0Number of asset objects unloaded after import = 1

========================================================================
Received Import Request.
  Time since last request: 0.000078 seconds.
  path: Assets/LUTE/ThirdPartyAssets/LeanTween/Examples/Scenes/PathBezier2dSettings.lighting
  artifactKey: Guid(7de2ab8d4484c044296df17962c46d46) Importer(2089858483,0ecaa5967403d082aa24f35e1b516d23)
Start importing Assets/LUTE/ThirdPartyAssets/LeanTween/Examples/Scenes/PathBezier2dSettings.lighting using Guid(7de2ab8d4484c044296df17962c46d46) Importer(2089858483,0ecaa5967403d082aa24f35e1b516d23) (ScriptedImporter) -> (artifact id: 'a707ff7e4e6fda42d89657138d8155b8') in 0.0359901 seconds
Number of updated asset objects reloaded before import = 0Number of asset objects unloaded after import = 1

========================================================================
Received Import Request.
  Time since last request: 0.000017 seconds.
  path: Assets/LUTE/ThirdPartyAssets/LeanTween/Examples/Textures/HorizontalGradient.png
  artifactKey: Guid(dfc991177984b4d3db605db9d3001f68) Importer(2089858483,0ecaa5967403d082aa24f35e1b516d23)
Start importing Assets/LUTE/ThirdPartyAssets/LeanTween/Examples/Textures/HorizontalGradient.png using Guid(dfc991177984b4d3db605db9d3001f68) Importer(2089858483,0ecaa5967403d082aa24f35e1b516d23) (ScriptedImporter) -> (artifact id: 'b20e1b78c06472aa0ad328306cc4662b') in 0.1065315 seconds
Number of updated asset objects reloaded before import = 0Number of asset objects unloaded after import = 1

========================================================================
Received Import Request.
  Time since last request: 0.000126 seconds.
  path: Assets/LUTE/ThirdPartyAssets/InventoryEngine/MMTools/MMSaveLoad/MMPersistentBase.cs
  artifactKey: Guid(161799775c19ed44495de8edf8935aa2) Importer(2089858483,0ecaa5967403d082aa24f35e1b516d23)
Start importing Assets/LUTE/ThirdPartyAssets/InventoryEngine/MMTools/MMSaveLoad/MMPersistentBase.cs using Guid(161799775c19ed44495de8edf8935aa2) Importer(2089858483,0ecaa5967403d082aa24f35e1b516d23) (ScriptedImporter) -> (artifact id: '0182510fac35026986c010ef3a874fc2') in 0.0219964 seconds
Number of updated asset objects reloaded before import = 0Number of asset objects unloaded after import = 0

========================================================================
Received Import Request.
  Time since last request: 0.000056 seconds.
  path: Assets/LUTE/ThirdPartyAssets/LeanTween/Examples/Prefabs/AvatarAlpha.prefab
  artifactKey: Guid(6f033a1cc164a48d99c0ccbd9425d153) Importer(2089858483,0ecaa5967403d082aa24f35e1b516d23)
Start importing Assets/LUTE/ThirdPartyAssets/LeanTween/Examples/Prefabs/AvatarAlpha.prefab using Guid(6f033a1cc164a48d99c0ccbd9425d153) Importer(2089858483,0ecaa5967403d082aa24f35e1b516d23) (ScriptedImporter) -> (artifact id: '5fce8e08d4459768d25aa57fb1a56568') in 0.0444497 seconds
Number of updated asset objects reloaded before import = 0Number of asset objects unloaded after import = 242

========================================================================
Received Import Request.
  Time since last request: 0.000023 seconds.
  path: Assets/LUTE/ThirdPartyAssets/LeanTween/Examples/Scripts/GeneralBasics2d.cs
  artifactKey: Guid(9b39dd70d168b4cbea9a7b8561d9accc) Importer(2089858483,0ecaa5967403d082aa24f35e1b516d23)
Start importing Assets/LUTE/ThirdPartyAssets/LeanTween/Examples/Scripts/GeneralBasics2d.cs using Guid(9b39dd70d168b4cbea9a7b8561d9accc) Importer(2089858483,0ecaa5967403d082aa24f35e1b516d23) (ScriptedImporter) -> (artifact id: 'd0c4ef57d628f6c513f1f257e2c3d662') in 0.0201193 seconds
Number of updated asset objects reloaded before import = 0Number of asset objects unloaded after import = 0

========================================================================
Received Import Request.
  Time since last request: 0.000063 seconds.
  path: Assets/LUTE/ThirdPartyAssets/LeanTween/Documentation/assets/index.html
  artifactKey: Guid(395ceea41819e494b8fe14c2e7b05a00) Importer(2089858483,0ecaa5967403d082aa24f35e1b516d23)
Start importing Assets/LUTE/ThirdPartyAssets/LeanTween/Documentation/assets/index.html using Guid(395ceea41819e494b8fe14c2e7b05a00) Importer(2089858483,0ecaa5967403d082aa24f35e1b516d23) (ScriptedImporter) -> (artifact id: 'aad327ef435e24b53006f2142cdbfa2a') in 0.0150855 seconds
Number of updated asset objects reloaded before import = 0Number of asset objects unloaded after import = 1

========================================================================
Received Import Request.
  Time since last request: 0.000019 seconds.
  path: Assets/LUTE/ThirdPartyAssets/LeanTween/Examples/Models/LeanTween.prefab
  artifactKey: Guid(f6cb897ad03b148b0b891659e4337604) Importer(2089858483,0ecaa5967403d082aa24f35e1b516d23)
Start importing Assets/LUTE/ThirdPartyAssets/LeanTween/Examples/Models/LeanTween.prefab using Guid(f6cb897ad03b148b0b891659e4337604) Importer(2089858483,0ecaa5967403d082aa24f35e1b516d23) (ScriptedImporter) -> (artifact id: '715f3f353afaad3dd9482e49aaa14a5b') in 0.0275319 seconds
Number of updated asset objects reloaded before import = 0Number of asset objects unloaded after import = 14

========================================================================
Received Import Request.
  Time since last request: 0.000018 seconds.
  path: Assets/LUTE/ThirdPartyAssets/LeanTween/Examples/Material/Futuro_ButtonBack.psd
  artifactKey: Guid(b3abce7efa3854a4cb1dd6b47f553027) Importer(2089858483,0ecaa5967403d082aa24f35e1b516d23)
Start importing Assets/LUTE/ThirdPartyAssets/LeanTween/Examples/Material/Futuro_ButtonBack.psd using Guid(b3abce7efa3854a4cb1dd6b47f553027) Importer(2089858483,0ecaa5967403d082aa24f35e1b516d23) (ScriptedImporter) -> (artifact id: '879a78a9839dc2bc1052b0aef166a8a4') in 0.0393202 seconds
Number of updated asset objects reloaded before import = 0Number of asset objects unloaded after import = 3

========================================================================
Received Import Request.
  Time since last request: 0.000022 seconds.
  path: Assets/LUTE/ThirdPartyAssets/InventoryEngine/Scripts/Items/BaseItem.cs
  artifactKey: Guid(9fac9bd89dcafc049b19f543ccf8fd57) Importer(2089858483,0ecaa5967403d082aa24f35e1b516d23)
Start importing Assets/LUTE/ThirdPartyAssets/InventoryEngine/Scripts/Items/BaseItem.cs using Guid(9fac9bd89dcafc049b19f543ccf8fd57) Importer(2089858483,0ecaa5967403d082aa24f35e1b516d23) (ScriptedImporter) -> (artifact id: '4072329208d2e688980b3c5cf5133861') in 0.0195056 seconds
Number of updated asset objects reloaded before import = 0Number of asset objects unloaded after import = 0

========================================================================
Received Import Request.
  Time since last request: 0.000082 seconds.
  path: Assets/LUTE/ThirdPartyAssets/InventoryEngine/Scripts/GUI/InventoryDetails.cs
  artifactKey: Guid(4350bf2b71c28aa4287088b021d7b576) Importer(2089858483,0ecaa5967403d082aa24f35e1b516d23)
Start importing Assets/LUTE/ThirdPartyAssets/InventoryEngine/Scripts/GUI/InventoryDetails.cs using Guid(4350bf2b71c28aa4287088b021d7b576) Importer(2089858483,0ecaa5967403d082aa24f35e1b516d23) (ScriptedImporter) -> (artifact id: '3cff4a58b2f47aae856c0ce407158577') in 0.0184741 seconds
Number of updated asset objects reloaded before import = 0Number of asset objects unloaded after import = 0

========================================================================
Received Import Request.
  Time since last request: 0.000069 seconds.
  path: Assets/LUTE/ThirdPartyAssets/LeanTween/Examples/Material/DirectionalArrowMaterial.mat
  artifactKey: Guid(79809b4fc57ad41b982c1dd5ceb812b2) Importer(2089858483,0ecaa5967403d082aa24f35e1b516d23)
Start importing Assets/LUTE/ThirdPartyAssets/LeanTween/Examples/Material/DirectionalArrowMaterial.mat using Guid(79809b4fc57ad41b982c1dd5ceb812b2) Importer(2089858483,0ecaa5967403d082aa24f35e1b516d23) (ScriptedImporter) -> (artifact id: '2566a0fc782ec1c415590370062531bb') in 0.0300208 seconds
Number of updated asset objects reloaded before import = 0Number of asset objects unloaded after import = 1

========================================================================
Received Import Request.
  Time since last request: 0.000020 seconds.
  path: Assets/LUTE/ThirdPartyAssets/LeanTween/Examples/Models/AdvancedExamplesText.fbx
  artifactKey: Guid(47a7c1f40f5df413fbc8bf1c01c011a2) Importer(2089858483,0ecaa5967403d082aa24f35e1b516d23)
Start importing Assets/LUTE/ThirdPartyAssets/LeanTween/Examples/Models/AdvancedExamplesText.fbx using Guid(47a7c1f40f5df413fbc8bf1c01c011a2) Importer(2089858483,0ecaa5967403d082aa24f35e1b516d23) (ScriptedImporter) -> (artifact id: 'b7a51acb4dcb77bde33219fa62932890') in 0.0963228 seconds
Number of updated asset objects reloaded before import = 0Number of asset objects unloaded after import = 24

========================================================================
Received Import Request.
  Time since last request: 0.000186 seconds.
  path: Assets/LUTE/ThirdPartyAssets/InventoryEngine/Sounds/DefaultSounds/OpenWav.wav
  artifactKey: Guid(1132a859617ff3f4e891fc697e674bfa) Importer(2089858483,0ecaa5967403d082aa24f35e1b516d23)
Start importing Assets/LUTE/ThirdPartyAssets/InventoryEngine/Sounds/DefaultSounds/OpenWav.wav using Guid(1132a859617ff3f4e891fc697e674bfa) Importer(2089858483,0ecaa5967403d082aa24f35e1b516d23) (ScriptedImporter) -> (artifact id: 'f4796dfa449e5714526fe6d504d4cab8') in 0.0621356 seconds
Number of updated asset objects reloaded before import = 0Number of asset objects unloaded after import = 1

========================================================================
Received Import Request.
  Time since last request: 0.000024 seconds.
  path: Assets/LUTE/ThirdPartyAssets/LeanTween/Examples/Material/Graph.mat
  artifactKey: Guid(a8a5e544bfa0d416892e87b12e93911b) Importer(2089858483,0ecaa5967403d082aa24f35e1b516d23)
Start importing Assets/LUTE/ThirdPartyAssets/LeanTween/Examples/Material/Graph.mat using Guid(a8a5e544bfa0d416892e87b12e93911b) Importer(2089858483,0ecaa5967403d082aa24f35e1b516d23) (ScriptedImporter) -> (artifact id: 'd3c7bb68cff6c78b0318017744b78240') in 0.0558874 seconds
Number of updated asset objects reloaded before import = 0Number of asset objects unloaded after import = 1

========================================================================
Received Import Request.
  Time since last request: 0.413958 seconds.
  path: Assets/LUTE/ThirdPartyAssets/TextMesh Pro/Examples & Extras/Scenes/03 - Line Justification.unity
  artifactKey: Guid(21a509e1d3cd49978623fa564adb6f02) Importer(2089858483,0ecaa5967403d082aa24f35e1b516d23)
Start importing Assets/LUTE/ThirdPartyAssets/TextMesh Pro/Examples & Extras/Scenes/03 - Line Justification.unity using Guid(21a509e1d3cd49978623fa564adb6f02) Importer(2089858483,0ecaa5967403d082aa24f35e1b516d23) (ScriptedImporter) -> (artifact id: 'cf51b1a96da4c3e0106dcfb09be4d124') in 0.0144252 seconds
Number of updated asset objects reloaded before import = 0Number of asset objects unloaded after import = 1

========================================================================
Received Import Request.
  Time since last request: 0.000019 seconds.
  path: Assets/LUTE_Starter Scenes/Mapbox/Examples/5_Playground/Scripts/ReverseGeocoderExample.cs
  artifactKey: Guid(d99f8e76925b24aaeaa5f9e5e23f3085) Importer(2089858483,0ecaa5967403d082aa24f35e1b516d23)
Start importing Assets/LUTE_Starter Scenes/Mapbox/Examples/5_Playground/Scripts/ReverseGeocoderExample.cs using Guid(d99f8e76925b24aaeaa5f9e5e23f3085) Importer(2089858483,0ecaa5967403d082aa24f35e1b516d23) (ScriptedImporter) -> (artifact id: '120e74cf485026d11e41626bcb220073') in 0.0181929 seconds
Number of updated asset objects reloaded before import = 0Number of asset objects unloaded after import = 0

========================================================================
Received Import Request.
  Time since last request: 0.000031 seconds.
  path: Assets/LUTE_Starter Scenes/Mapbox/Examples/3_POIPlacement/Modifiers/ServicePoiLabelModifier.asset
  artifactKey: Guid(bdbde0a2dd0ce4ec89c8cfe967a1f456) Importer(2089858483,0ecaa5967403d082aa24f35e1b516d23)
Start importing Assets/LUTE_Starter Scenes/Mapbox/Examples/3_POIPlacement/Modifiers/ServicePoiLabelModifier.asset using Guid(bdbde0a2dd0ce4ec89c8cfe967a1f456) Importer(2089858483,0ecaa5967403d082aa24f35e1b516d23) (ScriptedImporter) -> (artifact id: 'fe46e6f8677acfafa28912a6cf2305e0') in 0.0568536 seconds
Number of updated asset objects reloaded before import = 0Number of asset objects unloaded after import = 1

========================================================================
Received Import Request.
  Time since last request: 0.000021 seconds.
  path: Assets/LUTE_Starter Scenes/Mapbox/Examples/Resources/maki/bicycle-share-15.png
  artifactKey: Guid(0a300f3c30c4f734abb83f28a7dc10e9) Importer(2089858483,0ecaa5967403d082aa24f35e1b516d23)
Start importing Assets/LUTE_Starter Scenes/Mapbox/Examples/Resources/maki/bicycle-share-15.png using Guid(0a300f3c30c4f734abb83f28a7dc10e9) Importer(2089858483,0ecaa5967403d082aa24f35e1b516d23) (ScriptedImporter) -> (artifact id: '7feb3daf07d4edf200f9e7d4c4f06540') in 0.0532981 seconds
Number of updated asset objects reloaded before import = 0Number of asset objects unloaded after import = 3

========================================================================
Received Import Request.
  Time since last request: 0.000023 seconds.
  path: Assets/LUTE_Starter Scenes/Mapbox/Examples/1_DataExplorer/Modules/ExplorerFeatureBehaviourModifier.asset
  artifactKey: Guid(e0ad070e8f7f94a4b930600939d21f90) Importer(2089858483,0ecaa5967403d082aa24f35e1b516d23)
Start importing Assets/LUTE_Starter Scenes/Mapbox/Examples/1_DataExplorer/Modules/ExplorerFeatureBehaviourModifier.asset using Guid(e0ad070e8f7f94a4b930600939d21f90) Importer(2089858483,0ecaa5967403d082aa24f35e1b516d23) (ScriptedImporter) -> (artifact id: '85250f8ffcd6934ebcb7da6385c93911') in 0.0321305 seconds
Number of updated asset objects reloaded before import = 0Number of asset objects unloaded after import = 1

========================================================================
Received Import Request.
  Time since last request: 0.000028 seconds.
  path: Assets/LUTE_Starter Scenes/Mapbox/Examples/4_ReplaceFeatures/Scripts/BlinkLight.cs
  artifactKey: Guid(42a992266d3e1416a9b8a41a17635f42) Importer(2089858483,0ecaa5967403d082aa24f35e1b516d23)
Start importing Assets/LUTE_Starter Scenes/Mapbox/Examples/4_ReplaceFeatures/Scripts/BlinkLight.cs using Guid(42a992266d3e1416a9b8a41a17635f42) Importer(2089858483,0ecaa5967403d082aa24f35e1b516d23) (ScriptedImporter) -> (artifact id: '6d5446cc5a57615a4e7fe2af67c9e95d') in 0.0169251 seconds
Number of updated asset objects reloaded before import = 0Number of asset objects unloaded after import = 0

========================================================================
Received Import Request.
  Time since last request: 0.000063 seconds.
  path: Assets/LUTE_Starter Scenes/Mapbox/Core/Plugins/Android/support-media-compat-25.1.0.aar
  artifactKey: Guid(e5800669c4138443ab05c67805c05d5a) Importer(2089858483,0ecaa5967403d082aa24f35e1b516d23)
Start importing Assets/LUTE_Starter Scenes/Mapbox/Core/Plugins/Android/support-media-compat-25.1.0.aar using Guid(e5800669c4138443ab05c67805c05d5a) Importer(2089858483,0ecaa5967403d082aa24f35e1b516d23) (ScriptedImporter) -> (artifact id: 'a9c732eeff08c70fd4c3f2a242265677') in 0.0283251 seconds
Number of updated asset objects reloaded before import = 0Number of asset objects unloaded after import = 0

========================================================================
Received Import Request.
  Time since last request: 0.000054 seconds.
  path: Assets/LUTE_Starter Scenes/Mapbox/Examples/3_POIPlacement/Resources/OutdoorPoiLabelPrefab.prefab
  artifactKey: Guid(b0e54a880e97f4c5ead7dcc1c0918e05) Importer(2089858483,0ecaa5967403d082aa24f35e1b516d23)
Start importing Assets/LUTE_Starter Scenes/Mapbox/Examples/3_POIPlacement/Resources/OutdoorPoiLabelPrefab.prefab using Guid(b0e54a880e97f4c5ead7dcc1c0918e05) Importer(2089858483,0ecaa5967403d082aa24f35e1b516d23) (ScriptedImporter) -> (artifact id: '56bebd3cb206d5687e3c03f444ba013c') in 0.0666737 seconds
Number of updated asset objects reloaded before import = 0Number of asset objects unloaded after import = 25

========================================================================
Received Import Request.
  Time since last request: 0.000025 seconds.
  path: Assets/LUTE/ThirdPartyAssets/TextMesh Pro/Examples & Extras/Scripts/EnvMapAnimator.cs
  artifactKey: Guid(a4b6f99e8bc54541bbd149b014ff441c) Importer(2089858483,0ecaa5967403d082aa24f35e1b516d23)
Start importing Assets/LUTE/ThirdPartyAssets/TextMesh Pro/Examples & Extras/Scripts/EnvMapAnimator.cs using Guid(a4b6f99e8bc54541bbd149b014ff441c) Importer(2089858483,0ecaa5967403d082aa24f35e1b516d23) (ScriptedImporter) -> (artifact id: 'ad2aa80544b331fc71f6c6a8881b860f') in 0.0252876 seconds
Number of updated asset objects reloaded before import = 0Number of asset objects unloaded after import = 0

========================================================================
Received Import Request.
  Time since last request: 0.000121 seconds.
  path: Assets/LUTE/ThirdPartyAssets/TextMesh Pro/Examples & Extras/Textures/Gradient Vertical (Color).jpg
  artifactKey: Guid(03d0538de6e24c0f819bfc9ce084dfa9) Importer(2089858483,0ecaa5967403d082aa24f35e1b516d23)
Start importing Assets/LUTE/ThirdPartyAssets/TextMesh Pro/Examples & Extras/Textures/Gradient Vertical (Color).jpg using Guid(03d0538de6e24c0f819bfc9ce084dfa9) Importer(2089858483,0ecaa5967403d082aa24f35e1b516d23) (ScriptedImporter) -> (artifact id: 'eef5a924f3a0d08b69635f0b015a559a') in 0.0365971 seconds
Number of updated asset objects reloaded before import = 0Number of asset objects unloaded after import = 1

========================================================================
Received Import Request.
  Time since last request: 0.000020 seconds.
  path: Assets/LUTE/ThirdPartyAssets/TextMesh Pro/Examples & Extras/Textures/Sunny Days - Seamless.jpg
  artifactKey: Guid(17c350171f7a3ca479f830547c66d187) Importer(2089858483,0ecaa5967403d082aa24f35e1b516d23)
Start importing Assets/LUTE/ThirdPartyAssets/TextMesh Pro/Examples & Extras/Textures/Sunny Days - Seamless.jpg using Guid(17c350171f7a3ca479f830547c66d187) Importer(2089858483,0ecaa5967403d082aa24f35e1b516d23) (ScriptedImporter) -> (artifact id: '51b27c04a16c6c5475f93fb48df6a6d5') in 0.0382508 seconds
Number of updated asset objects reloaded before import = 0Number of asset objects unloaded after import = 1

========================================================================
Received Import Request.
  Time since last request: 0.000023 seconds.
  path: Assets/LUTE_Starter Scenes/Mapbox/Examples/6_ZoomableMap/Screenshots/ZoomableMap.png
  artifactKey: Guid(f1321adbaa6e24299bb58ab33ad3adf9) Importer(2089858483,0ecaa5967403d082aa24f35e1b516d23)
Start importing Assets/LUTE_Starter Scenes/Mapbox/Examples/6_ZoomableMap/Screenshots/ZoomableMap.png using Guid(f1321adbaa6e24299bb58ab33ad3adf9) Importer(2089858483,0ecaa5967403d082aa24f35e1b516d23) (ScriptedImporter) -> (artifact id: '2a2a3a07b863a8457e82f9e70f1bbd34') in 0.0292413 seconds
Number of updated asset objects reloaded before import = 0Number of asset objects unloaded after import = 3

========================================================================
Received Import Request.
  Time since last request: 0.000024 seconds.
  path: Assets/LUTE/ThirdPartyAssets/TextMesh Pro/Examples & Extras/Scenes/19 - Masking Texture & Soft Mask.unity
  artifactKey: Guid(9abcd5bd764646568a6ea70d00f9264c) Importer(2089858483,0ecaa5967403d082aa24f35e1b516d23)
Start importing Assets/LUTE/ThirdPartyAssets/TextMesh Pro/Examples & Extras/Scenes/19 - Masking Texture & Soft Mask.unity using Guid(9abcd5bd764646568a6ea70d00f9264c) Importer(2089858483,0ecaa5967403d082aa24f35e1b516d23) (ScriptedImporter) -> (artifact id: '565dde29ef77eb441a5e3e31f17fdf95') in 0.0173506 seconds
Number of updated asset objects reloaded before import = 0Number of asset objects unloaded after import = 1

========================================================================
Received Import Request.
  Time since last request: 0.000036 seconds.
  path: Assets/LUTE/ThirdPartyAssets/TextMesh Pro/Examples & Extras/Scripts/TMP_UiFrameRateCounter.cs
  artifactKey: Guid(24b0dc2d1d494adbbec1f4db26b4cf83) Importer(2089858483,0ecaa5967403d082aa24f35e1b516d23)
Start importing Assets/LUTE/ThirdPartyAssets/TextMesh Pro/Examples & Extras/Scripts/TMP_UiFrameRateCounter.cs using Guid(24b0dc2d1d494adbbec1f4db26b4cf83) Importer(2089858483,0ecaa5967403d082aa24f35e1b516d23) (ScriptedImporter) -> (artifact id: 'dd7afb6643fbc505859727a28652b3eb') in 0.0192055 seconds
Number of updated asset objects reloaded before import = 0Number of asset objects unloaded after import = 0

========================================================================
Received Import Request.
  Time since last request: 0.000026 seconds.
  path: Assets/LUTE_Starter Scenes/Mapbox/Examples/1_DataExplorer/Traffic/TrafficLoft.asset
  artifactKey: Guid(62d6f0f3c3cfa094096bb93eb5a17a16) Importer(2089858483,0ecaa5967403d082aa24f35e1b516d23)
Start importing Assets/LUTE_Starter Scenes/Mapbox/Examples/1_DataExplorer/Traffic/TrafficLoft.asset using Guid(62d6f0f3c3cfa094096bb93eb5a17a16) Importer(2089858483,0ecaa5967403d082aa24f35e1b516d23) (ScriptedImporter) -> (artifact id: '6f4c1c0ef7d8d6854efed2c583f94a12') in 0.0198098 seconds
Number of updated asset objects reloaded before import = 0Number of asset objects unloaded after import = 44

========================================================================
Received Import Request.
  Time since last request: 0.000026 seconds.
  path: Assets/LUTE_Starter Scenes/Mapbox/Examples/Resources/maki/gift-15.png
  artifactKey: Guid(c74f7947d1ae4e94687ce96d20f13911) Importer(2089858483,0ecaa5967403d082aa24f35e1b516d23)
Start importing Assets/LUTE_Starter Scenes/Mapbox/Examples/Resources/maki/gift-15.png using Guid(c74f7947d1ae4e94687ce96d20f13911) Importer(2089858483,0ecaa5967403d082aa24f35e1b516d23) (ScriptedImporter) -> (artifact id: 'b60229a93c1b530b7a4c4ba23d33b138') in 0.0413986 seconds
Number of updated asset objects reloaded before import = 0Number of asset objects unloaded after import = 3

========================================================================
Received Import Request.
  Time since last request: 0.000561 seconds.
  path: Assets/LUTE/ThirdPartyAssets/TextMesh Pro/Examples & Extras/Scripts/Benchmark04.cs
  artifactKey: Guid(dc20866c0d5e413ab7559440e15333ae) Importer(2089858483,0ecaa5967403d082aa24f35e1b516d23)
Start importing Assets/LUTE/ThirdPartyAssets/TextMesh Pro/Examples & Extras/Scripts/Benchmark04.cs using Guid(dc20866c0d5e413ab7559440e15333ae) Importer(2089858483,0ecaa5967403d082aa24f35e1b516d23) (ScriptedImporter) -> (artifact id: 'afabbd0985389c90b450ea6ff9b2822e') in 0.0206712 seconds
Number of updated asset objects reloaded before import = 0Number of asset objects unloaded after import = 0

========================================================================
Received Import Request.
  Time since last request: 0.000044 seconds.
  path: Assets/LUTE/ThirdPartyAssets/TextMesh Pro/Examples & Extras/Scripts/TMP_TextSelector_B.cs
  artifactKey: Guid(a05dcd8be7ec4ccbb35c26219884aa37) Importer(2089858483,0ecaa5967403d082aa24f35e1b516d23)
Start importing Assets/LUTE/ThirdPartyAssets/TextMesh Pro/Examples & Extras/Scripts/TMP_TextSelector_B.cs using Guid(a05dcd8be7ec4ccbb35c26219884aa37) Importer(2089858483,0ecaa5967403d082aa24f35e1b516d23) (ScriptedImporter) -> (artifact id: '384a9db3758f5ab790039cd4fa6c2f52') in 0.0183599 seconds
Number of updated asset objects reloaded before import = 0Number of asset objects unloaded after import = 0

========================================================================
Received Import Request.
  Time since last request: 0.000306 seconds.
  path: Assets/LUTE_Starter Scenes/Mapbox/Examples/5_Playground/Materials/UserHeadingMat.mat
  artifactKey: Guid(9cd87e4a7579b3c4e85d198cf4d7f65f) Importer(2089858483,0ecaa5967403d082aa24f35e1b516d23)
Start importing Assets/LUTE_Starter Scenes/Mapbox/Examples/5_Playground/Materials/UserHeadingMat.mat using Guid(9cd87e4a7579b3c4e85d198cf4d7f65f) Importer(2089858483,0ecaa5967403d082aa24f35e1b516d23) (ScriptedImporter) -> (artifact id: '3ab34f53a023de47b2b9b5fbaeacfec0') in 0.0334373 seconds
Number of updated asset objects reloaded before import = 0Number of asset objects unloaded after import = 1

========================================================================
Received Import Request.
  Time since last request: 0.000018 seconds.
  path: Assets/LUTE_Starter Scenes/Mapbox/Examples/2_AstronautGame/ScreenShots/AstronautGame.png
  artifactKey: Guid(260f5f572e80f479bbfb37b17a01ae03) Importer(2089858483,0ecaa5967403d082aa24f35e1b516d23)
Start importing Assets/LUTE_Starter Scenes/Mapbox/Examples/2_AstronautGame/ScreenShots/AstronautGame.png using Guid(260f5f572e80f479bbfb37b17a01ae03) Importer(2089858483,0ecaa5967403d082aa24f35e1b516d23) (ScriptedImporter) -> (artifact id: '8763b80e415ebc61115ad9f41af49fd3') in 0.033069 seconds
Number of updated asset objects reloaded before import = 0Number of asset objects unloaded after import = 3

========================================================================
Received Import Request.
  Time since last request: 0.000026 seconds.
  path: Assets/LUTE_Starter Scenes/Mapbox/Core/mapbox-sdk-cs/MapMatching/MatchObject.cs
  artifactKey: Guid(d6d1f89031e0a60479b516a76cf1a96a) Importer(2089858483,0ecaa5967403d082aa24f35e1b516d23)
Start importing Assets/LUTE_Starter Scenes/Mapbox/Core/mapbox-sdk-cs/MapMatching/MatchObject.cs using Guid(d6d1f89031e0a60479b516a76cf1a96a) Importer(2089858483,0ecaa5967403d082aa24f35e1b516d23) (ScriptedImporter) -> (artifact id: '4e5dc876ee649f32114b979e9adba5a6') in 0.0153562 seconds
Number of updated asset objects reloaded before import = 0Number of asset objects unloaded after import = 0

========================================================================
Received Import Request.
  Time since last request: 0.000097 seconds.
  path: Assets/LUTE_Starter Scenes/Mapbox/Examples/Resources/maki/ice-cream-15.png
  artifactKey: Guid(7018b389b1fe77845a86a4b4f862ff48) Importer(2089858483,0ecaa5967403d082aa24f35e1b516d23)
Start importing Assets/LUTE_Starter Scenes/Mapbox/Examples/Resources/maki/ice-cream-15.png using Guid(7018b389b1fe77845a86a4b4f862ff48) Importer(2089858483,0ecaa5967403d082aa24f35e1b516d23) (ScriptedImporter) -> (artifact id: '294bfa88ba0d7efb8ca74499e288b4ee') in 0.0409259 seconds
Number of updated asset objects reloaded before import = 0Number of asset objects unloaded after import = 3

========================================================================
Received Import Request.
  Time since last request: 0.000022 seconds.
  path: Assets/LUTE/ThirdPartyAssets/TextMesh Pro/Resources/Fonts & Materials/LiberationSans SDF - Fallback.asset
  artifactKey: Guid(2e498d1c8094910479dc3e1b768306a4) Importer(2089858483,0ecaa5967403d082aa24f35e1b516d23)
Start importing Assets/LUTE/ThirdPartyAssets/TextMesh Pro/Resources/Fonts & Materials/LiberationSans SDF - Fallback.asset using Guid(2e498d1c8094910479dc3e1b768306a4) Importer(2089858483,0ecaa5967403d082aa24f35e1b516d23) (ScriptedImporter) -> (artifact id: '88facbda644f9eac1d44b8eb5d505828') in 0.0703624 seconds
Number of updated asset objects reloaded before import = 0Number of asset objects unloaded after import = 5

========================================================================
Received Import Request.
  Time since last request: 0.000021 seconds.
  path: Assets/LUTE_Starter Scenes/Mapbox/Examples/3_POIPlacement/Modifiers/NightlifePoiLabelModifier.asset
  artifactKey: Guid(0a171c045131a40e9bffc2832091a08d) Importer(2089858483,0ecaa5967403d082aa24f35e1b516d23)
Start importing Assets/LUTE_Starter Scenes/Mapbox/Examples/3_POIPlacement/Modifiers/NightlifePoiLabelModifier.asset using Guid(0a171c045131a40e9bffc2832091a08d) Importer(2089858483,0ecaa5967403d082aa24f35e1b516d23) (ScriptedImporter) -> (artifact id: '9726ea474121e528e7e949ddd629c6e1') in 0.0410769 seconds
Number of updated asset objects reloaded before import = 0Number of asset objects unloaded after import = 1

========================================================================
Received Import Request.
  Time since last request: 0.000019 seconds.
  path: Assets/LUTE/ThirdPartyAssets/TextMesh Pro/Examples & Extras/Scripts/VertexShakeA.cs
  artifactKey: Guid(f7cfa58e417a46ea8889989684c2522e) Importer(2089858483,0ecaa5967403d082aa24f35e1b516d23)
Start importing Assets/LUTE/ThirdPartyAssets/TextMesh Pro/Examples & Extras/Scripts/VertexShakeA.cs using Guid(f7cfa58e417a46ea8889989684c2522e) Importer(2089858483,0ecaa5967403d082aa24f35e1b516d23) (ScriptedImporter) -> (artifact id: '75fddce3c881ea7bdb683a8b59ea4cb8') in 0.0152957 seconds
Number of updated asset objects reloaded before import = 0Number of asset objects unloaded after import = 0

========================================================================
Received Import Request.
  Time since last request: 0.000057 seconds.
  path: Assets/LUTE_Starter Scenes/Mapbox/Examples/Resources/maki/gaming-15.png
  artifactKey: Guid(9c2229b19c45b1049a76c61a71fe8d10) Importer(2089858483,0ecaa5967403d082aa24f35e1b516d23)
Start importing Assets/LUTE_Starter Scenes/Mapbox/Examples/Resources/maki/gaming-15.png using Guid(9c2229b19c45b1049a76c61a71fe8d10) Importer(2089858483,0ecaa5967403d082aa24f35e1b516d23) (ScriptedImporter) -> (artifact id: '349abc2ecaa77124666cc41f00be4fd6') in 0.0413382 seconds
Number of updated asset objects reloaded before import = 0Number of asset objects unloaded after import = 3

========================================================================
Received Import Request.
  Time since last request: 0.000028 seconds.
  path: Assets/LUTE_Starter Scenes/Mapbox/Examples/Resources/maki/car-15.png
  artifactKey: Guid(6b42d9d154bbf8043960ed1d7bc122e8) Importer(2089858483,0ecaa5967403d082aa24f35e1b516d23)
Start importing Assets/LUTE_Starter Scenes/Mapbox/Examples/Resources/maki/car-15.png using Guid(6b42d9d154bbf8043960ed1d7bc122e8) Importer(2089858483,0ecaa5967403d082aa24f35e1b516d23) (ScriptedImporter) -> (artifact id: '4398f550de65d1ed11a20062a921f0fe') in 0.039694 seconds
Number of updated asset objects reloaded before import = 0Number of asset objects unloaded after import = 3

========================================================================
Received Import Request.
  Time since last request: 0.000028 seconds.
  path: Assets/LUTE_Starter Scenes/Mapbox/Examples/5_Playground/Scenes/RasterTile.unity
  artifactKey: Guid(893d0b4deb5544335b798dafd12ff9a7) Importer(2089858483,0ecaa5967403d082aa24f35e1b516d23)
Start importing Assets/LUTE_Starter Scenes/Mapbox/Examples/5_Playground/Scenes/RasterTile.unity using Guid(893d0b4deb5544335b798dafd12ff9a7) Importer(2089858483,0ecaa5967403d082aa24f35e1b516d23) (ScriptedImporter) -> (artifact id: '52959e12fc681b819dcd95cbe6edbb7f') in 0.0147487 seconds
Number of updated asset objects reloaded before import = 0Number of asset objects unloaded after import = 1

========================================================================
Received Import Request.
  Time since last request: 0.000021 seconds.
  path: Assets/LUTE/ThirdPartyAssets/TextMesh Pro/Examples & Extras/Scripts/TMP_TextEventCheck.cs
  artifactKey: Guid(d736ce056cf444ca96e424f4d9c42b76) Importer(2089858483,0ecaa5967403d082aa24f35e1b516d23)
Start importing Assets/LUTE/ThirdPartyAssets/TextMesh Pro/Examples & Extras/Scripts/TMP_TextEventCheck.cs using Guid(d736ce056cf444ca96e424f4d9c42b76) Importer(2089858483,0ecaa5967403d082aa24f35e1b516d23) (ScriptedImporter) -> (artifact id: 'bdcad2ccc2ff1a261273a10c28d0588d') in 0.0213128 seconds
Number of updated asset objects reloaded before import = 0Number of asset objects unloaded after import = 0

========================================================================
Received Import Request.
  Time since last request: 0.000105 seconds.
  path: Assets/LUTE_Starter Scenes/Mapbox/Examples/4_ReplaceFeatures/Models/Building.fbx
  artifactKey: Guid(2141b6d18b38b426a9b2f49077af7bc1) Importer(2089858483,0ecaa5967403d082aa24f35e1b516d23)
Start importing Assets/LUTE_Starter Scenes/Mapbox/Examples/4_ReplaceFeatures/Models/Building.fbx using Guid(2141b6d18b38b426a9b2f49077af7bc1) Importer(2089858483,0ecaa5967403d082aa24f35e1b516d23) (ScriptedImporter) -> (artifact id: '0442b2e9557676e255d84aa931820ee3') in 0.0342579 seconds
Number of updated asset objects reloaded before import = 0Number of asset objects unloaded after import = 9

========================================================================
Received Import Request.
  Time since last request: 0.000016 seconds.
  path: Assets/LUTE/ThirdPartyAssets/TextMesh Pro/Examples & Extras/Scripts/Benchmark02.cs
  artifactKey: Guid(e8538afcddc14efbb5d9e94b7ae50197) Importer(2089858483,0ecaa5967403d082aa24f35e1b516d23)
Start importing Assets/LUTE/ThirdPartyAssets/TextMesh Pro/Examples & Extras/Scripts/Benchmark02.cs using Guid(e8538afcddc14efbb5d9e94b7ae50197) Importer(2089858483,0ecaa5967403d082aa24f35e1b516d23) (ScriptedImporter) -> (artifact id: 'e24eded323587071d6e712ae8da5e301') in 0.0223593 seconds
Number of updated asset objects reloaded before import = 0Number of asset objects unloaded after import = 0

========================================================================
Received Import Request.
  Time since last request: 0.000046 seconds.
  path: Assets/LUTE_Starter Scenes/Mapbox/Examples/5_Playground/Scenes/Directions.unity
  artifactKey: Guid(b650aa71f57a846dc83ef01c3c1755ad) Importer(2089858483,0ecaa5967403d082aa24f35e1b516d23)
Start importing Assets/LUTE_Starter Scenes/Mapbox/Examples/5_Playground/Scenes/Directions.unity using Guid(b650aa71f57a846dc83ef01c3c1755ad) Importer(2089858483,0ecaa5967403d082aa24f35e1b516d23) (ScriptedImporter) -> (artifact id: 'e9d076ff574803de3de3464840afea72') in 0.018275 seconds
Number of updated asset objects reloaded before import = 0Number of asset objects unloaded after import = 1

========================================================================
Received Import Request.
  Time since last request: 0.000157 seconds.
  path: Assets/LUTE/ThirdPartyAssets/TextMesh Pro/Examples & Extras/Scripts/ObjectSpin.cs
  artifactKey: Guid(4f19c7f94c794c5097d8bd11e39c750d) Importer(2089858483,0ecaa5967403d082aa24f35e1b516d23)
Start importing Assets/LUTE/ThirdPartyAssets/TextMesh Pro/Examples & Extras/Scripts/ObjectSpin.cs using Guid(4f19c7f94c794c5097d8bd11e39c750d) Importer(2089858483,0ecaa5967403d082aa24f35e1b516d23) (ScriptedImporter) -> (artifact id: 'a1d4e380dac870a2ba3433d8b835c6d0') in 0.018747 seconds
Number of updated asset objects reloaded before import = 0Number of asset objects unloaded after import = 0

========================================================================
Received Import Request.
  Time since last request: 0.000070 seconds.
  path: Assets/LUTE_Starter Scenes/Mapbox/Examples/3_POIPlacement/Resources/poi-icon-transportation.png
  artifactKey: Guid(fec5572521f52453397f564f556c168e) Importer(2089858483,0ecaa5967403d082aa24f35e1b516d23)
Start importing Assets/LUTE_Starter Scenes/Mapbox/Examples/3_POIPlacement/Resources/poi-icon-transportation.png using Guid(fec5572521f52453397f564f556c168e) Importer(2089858483,0ecaa5967403d082aa24f35e1b516d23) (ScriptedImporter) -> (artifact id: 'fa5c1547ee5614d1fab57adfceeae932') in 0.0488939 seconds
Number of updated asset objects reloaded before import = 0Number of asset objects unloaded after import = 3

========================================================================
Received Import Request.
  Time since last request: 0.000027 seconds.
  path: Assets/LUTE/ThirdPartyAssets/TextMesh Pro/Examples & Extras/Textures/Wipe Pattern - Radial Double.psd
  artifactKey: Guid(7631f4eff8f74ed38eb3eb9db17134e1) Importer(2089858483,0ecaa5967403d082aa24f35e1b516d23)
Start importing Assets/LUTE/ThirdPartyAssets/TextMesh Pro/Examples & Extras/Textures/Wipe Pattern - Radial Double.psd using Guid(7631f4eff8f74ed38eb3eb9db17134e1) Importer(2089858483,0ecaa5967403d082aa24f35e1b516d23) (ScriptedImporter) -> (artifact id: '3c9294a1f127171aedfabc02d399327c') in 0.0403367 seconds
Number of updated asset objects reloaded before import = 0Number of asset objects unloaded after import = 1

========================================================================
Received Import Request.
  Time since last request: 0.000035 seconds.
  path: Assets/LUTE_Starter Scenes/Mapbox/Examples/Resources/maki/grocery-15.png
  artifactKey: Guid(90ee64b82e4a49e4e8d7da44d0f90f70) Importer(2089858483,0ecaa5967403d082aa24f35e1b516d23)
Start importing Assets/LUTE_Starter Scenes/Mapbox/Examples/Resources/maki/grocery-15.png using Guid(90ee64b82e4a49e4e8d7da44d0f90f70) Importer(2089858483,0ecaa5967403d082aa24f35e1b516d23) (ScriptedImporter) -> (artifact id: 'c181f83949372a8800c1668c62ad230f') in 0.0401493 seconds
Number of updated asset objects reloaded before import = 0Number of asset objects unloaded after import = 3

========================================================================
Received Import Request.
  Time since last request: 0.000017 seconds.
  path: Assets/LUTE_Starter Scenes/Mapbox/Examples/1_DataExplorer/Traffic/LowTrafficMaterial.asset
  artifactKey: Guid(9bbd80c71d8a3c64389371070b58d88f) Importer(2089858483,0ecaa5967403d082aa24f35e1b516d23)
Start importing Assets/LUTE_Starter Scenes/Mapbox/Examples/1_DataExplorer/Traffic/LowTrafficMaterial.asset using Guid(9bbd80c71d8a3c64389371070b58d88f) Importer(2089858483,0ecaa5967403d082aa24f35e1b516d23) (ScriptedImporter) -> (artifact id: '74f3a387fd54822c13a2f913b6aeb9b8') in 0.0238836 seconds
Number of updated asset objects reloaded before import = 0Number of asset objects unloaded after import = 2

========================================================================
Received Import Request.
  Time since last request: 0.000022 seconds.
  path: Assets/LUTE/ThirdPartyAssets/XR/UserSimulationSettings/Resources/XRSimulationPreferences.asset
  artifactKey: Guid(ae86d6278772aa34980c17783978106e) Importer(2089858483,0ecaa5967403d082aa24f35e1b516d23)
Start importing Assets/LUTE/ThirdPartyAssets/XR/UserSimulationSettings/Resources/XRSimulationPreferences.asset using Guid(ae86d6278772aa34980c17783978106e) Importer(2089858483,0ecaa5967403d082aa24f35e1b516d23) (ScriptedImporter) -> (artifact id: 'a58eabe958a6172eefe80026ad0f7dd4') in 0.0352964 seconds
Number of updated asset objects reloaded before import = 0Number of asset objects unloaded after import = 96

========================================================================
Received Import Request.
  Time since last request: 0.000029 seconds.
  path: Assets/LUTE_Starter Scenes/Mapbox/Examples/7_Globe/Scripts/SpawnOnGlobeExample.cs
  artifactKey: Guid(c9407d2a4576149b18a84d9addc9c8a4) Importer(2089858483,0ecaa5967403d082aa24f35e1b516d23)
Start importing Assets/LUTE_Starter Scenes/Mapbox/Examples/7_Globe/Scripts/SpawnOnGlobeExample.cs using Guid(c9407d2a4576149b18a84d9addc9c8a4) Importer(2089858483,0ecaa5967403d082aa24f35e1b516d23) (ScriptedImporter) -> (artifact id: '22a31991a2be651c1526e99849f6e6f6') in 0.0146413 seconds
Number of updated asset objects reloaded before import = 0Number of asset objects unloaded after import = 0

========================================================================
Received Import Request.
  Time since last request: 0.000047 seconds.
  path: Assets/LUTE/ThirdPartyAssets/TextMesh Pro/Examples & Extras/Scenes/12 - Link Example.unity
  artifactKey: Guid(9747140c28254be2adc582210dfb89b8) Importer(2089858483,0ecaa5967403d082aa24f35e1b516d23)
Start importing Assets/LUTE/ThirdPartyAssets/TextMesh Pro/Examples & Extras/Scenes/12 - Link Example.unity using Guid(9747140c28254be2adc582210dfb89b8) Importer(2089858483,0ecaa5967403d082aa24f35e1b516d23) (ScriptedImporter) -> (artifact id: '8565d8566d27c4c7a456b1959351b6b8') in 0.015999 seconds
Number of updated asset objects reloaded before import = 0Number of asset objects unloaded after import = 1

========================================================================
Received Import Request.
  Time since last request: 0.000029 seconds.
  path: Assets/LUTE/ThirdPartyAssets/TextMesh Pro/Examples & Extras/Scripts/VertexJitter.cs
  artifactKey: Guid(2ed57967c52645d390a89dcf8f61ba73) Importer(2089858483,0ecaa5967403d082aa24f35e1b516d23)
Start importing Assets/LUTE/ThirdPartyAssets/TextMesh Pro/Examples & Extras/Scripts/VertexJitter.cs using Guid(2ed57967c52645d390a89dcf8f61ba73) Importer(2089858483,0ecaa5967403d082aa24f35e1b516d23) (ScriptedImporter) -> (artifact id: '3b07ec24e7d365b4e43f1ae22c6fab69') in 0.0235241 seconds
Number of updated asset objects reloaded before import = 0Number of asset objects unloaded after import = 0

========================================================================
Received Import Request.
  Time since last request: 0.000329 seconds.
  path: Assets/LUTE/ThirdPartyAssets/TextMesh Pro/Examples & Extras/Scenes/20 - Input Field with Scrollbar.unity
  artifactKey: Guid(337f92480dd24675aae9e79210fb1ad9) Importer(2089858483,0ecaa5967403d082aa24f35e1b516d23)
Start importing Assets/LUTE/ThirdPartyAssets/TextMesh Pro/Examples & Extras/Scenes/20 - Input Field with Scrollbar.unity using Guid(337f92480dd24675aae9e79210fb1ad9) Importer(2089858483,0ecaa5967403d082aa24f35e1b516d23) (ScriptedImporter) -> (artifact id: '7b96e08b32e7c30f77db489aece08c2d') in 0.0169834 seconds
Number of updated asset objects reloaded before import = 0Number of asset objects unloaded after import = 1

========================================================================
Received Import Request.
  Time since last request: 0.000024 seconds.
  path: Assets/LUTE_Starter Scenes/Mapbox/Examples/Resources/maki/buddhism-15.png
  artifactKey: Guid(64547378883ea334f9e656e15e450a61) Importer(2089858483,0ecaa5967403d082aa24f35e1b516d23)
Start importing Assets/LUTE_Starter Scenes/Mapbox/Examples/Resources/maki/buddhism-15.png using Guid(64547378883ea334f9e656e15e450a61) Importer(2089858483,0ecaa5967403d082aa24f35e1b516d23) (ScriptedImporter) -> (artifact id: '76a3705ec9e17d4bb77be1203fd2303b') in 0.0427674 seconds
Number of updated asset objects reloaded before import = 0Number of asset objects unloaded after import = 3

========================================================================
Received Import Request.
  Time since last request: 0.000022 seconds.
  path: Assets/LUTE_Starter Scenes/Mapbox/Unity/Location/UnityLocationWrappers/MapboxLocationInfoUnityWrapper.cs
  artifactKey: Guid(d766be27edd431a4d8085a38f6ffe6c9) Importer(2089858483,0ecaa5967403d082aa24f35e1b516d23)
Start importing Assets/LUTE_Starter Scenes/Mapbox/Unity/Location/UnityLocationWrappers/MapboxLocationInfoUnityWrapper.cs using Guid(d766be27edd431a4d8085a38f6ffe6c9) Importer(2089858483,0ecaa5967403d082aa24f35e1b516d23) (ScriptedImporter) -> (artifact id: '6b492bd759906be6116b8fcf16fbf1e1') in 0.0193203 seconds
Number of updated asset objects reloaded before import = 0Number of asset objects unloaded after import = 0

========================================================================
Received Import Request.
  Time since last request: 0.000042 seconds.
  path: Assets/LUTE_Starter Scenes/Mapbox/Unity/Location/AngleSmoothing/IAngleSmoothing.cs
  artifactKey: Guid(0e44baa04db660e4a953a1c006235c94) Importer(2089858483,0ecaa5967403d082aa24f35e1b516d23)
Start importing Assets/LUTE_Starter Scenes/Mapbox/Unity/Location/AngleSmoothing/IAngleSmoothing.cs using Guid(0e44baa04db660e4a953a1c006235c94) Importer(2089858483,0ecaa5967403d082aa24f35e1b516d23) (ScriptedImporter) -> (artifact id: '0d411513e0907721b96e34505f8dfb9d') in 0.0212216 seconds
Number of updated asset objects reloaded before import = 0Number of asset objects unloaded after import = 0

========================================================================
Received Import Request.
  Time since last request: 0.000021 seconds.
  path: Assets/LUTE_Starter Scenes/Mapbox/Resources/HeroStructures/Prefabs/TransamericaPyramid.prefab
  artifactKey: Guid(6310371eff51a7344b94c2d1bd6659ee) Importer(2089858483,0ecaa5967403d082aa24f35e1b516d23)
Start importing Assets/LUTE_Starter Scenes/Mapbox/Resources/HeroStructures/Prefabs/TransamericaPyramid.prefab using Guid(6310371eff51a7344b94c2d1bd6659ee) Importer(2089858483,0ecaa5967403d082aa24f35e1b516d23) (ScriptedImporter) -> (artifact id: 'f48717c71080b3c31f90aafb0cf047b2') in 0.0264243 seconds
Number of updated asset objects reloaded before import = 0Number of asset objects unloaded after import = 7

========================================================================
Received Import Request.
  Time since last request: 0.000020 seconds.
  path: Assets/LUTE_Starter Scenes/Scenes/Games/BasicGame/Resources/CentralAvebury.asset
  artifactKey: Guid(8743af6938ce3024db25f786d280fd4f) Importer(2089858483,0ecaa5967403d082aa24f35e1b516d23)
Start importing Assets/LUTE_Starter Scenes/Scenes/Games/BasicGame/Resources/CentralAvebury.asset using Guid(8743af6938ce3024db25f786d280fd4f) Importer(2089858483,0ecaa5967403d082aa24f35e1b516d23) (ScriptedImporter) -> (artifact id: '89af61b32909889ed67dfee25dbd7101') in 0.0492438 seconds
Number of updated asset objects reloaded before import = 0Number of asset objects unloaded after import = 4

========================================================================
Received Import Request.
  Time since last request: 0.000745 seconds.
  path: Assets/LUTE_Starter Scenes/Scenes/Games/AR/Events/EventAsset.cs
  artifactKey: Guid(0a3d13ceb7832ba4d9fbbf7587702959) Importer(2089858483,0ecaa5967403d082aa24f35e1b516d23)
Start importing Assets/LUTE_Starter Scenes/Scenes/Games/AR/Events/EventAsset.cs using Guid(0a3d13ceb7832ba4d9fbbf7587702959) Importer(2089858483,0ecaa5967403d082aa24f35e1b516d23) (ScriptedImporter) -> (artifact id: 'b3e6f630705e44a9ea3c4081da022cab') in 0.0184755 seconds
Number of updated asset objects reloaded before import = 0Number of asset objects unloaded after import = 0

========================================================================
Received Import Request.
  Time since last request: 0.000655 seconds.
  path: Assets/LUTE_Starter Scenes/Sprites/CharacterHeads/Animals/Round without details (outline)/parrot.png
  artifactKey: Guid(b30ff398c8a60cd43b6b1cc0cf7672c6) Importer(2089858483,0ecaa5967403d082aa24f35e1b516d23)
Start importing Assets/LUTE_Starter Scenes/Sprites/CharacterHeads/Animals/Round without details (outline)/parrot.png using Guid(b30ff398c8a60cd43b6b1cc0cf7672c6) Importer(2089858483,0ecaa5967403d082aa24f35e1b516d23) (ScriptedImporter) -> (artifact id: '906844c7120558a9b185fc14de9333b1') in 0.0318292 seconds
Number of updated asset objects reloaded before import = 0Number of asset objects unloaded after import = 3

========================================================================
Received Import Request.
  Time since last request: 0.000022 seconds.
  path: Assets/LUTE_Starter Scenes/Mapbox/Unity/Editor/PropertyDrawers/MapExtentOptionsDrawer.cs
  artifactKey: Guid(61582b113819848348a7a1a629916371) Importer(2089858483,0ecaa5967403d082aa24f35e1b516d23)
Start importing Assets/LUTE_Starter Scenes/Mapbox/Unity/Editor/PropertyDrawers/MapExtentOptionsDrawer.cs using Guid(61582b113819848348a7a1a629916371) Importer(2089858483,0ecaa5967403d082aa24f35e1b516d23) (ScriptedImporter) -> (artifact id: 'daa25af63c456561e8a00eadbe9b492e') in 0.0193061 seconds
Number of updated asset objects reloaded before import = 0Number of asset objects unloaded after import = 0

========================================================================
Received Import Request.
  Time since last request: 0.000060 seconds.
  path: Assets/LUTE_Starter Scenes/Mapbox/Examples/Resources/maki/shelter-15.png
  artifactKey: Guid(607390fa910fade45aa98f83f6e34951) Importer(2089858483,0ecaa5967403d082aa24f35e1b516d23)
Start importing Assets/LUTE_Starter Scenes/Mapbox/Examples/Resources/maki/shelter-15.png using Guid(607390fa910fade45aa98f83f6e34951) Importer(2089858483,0ecaa5967403d082aa24f35e1b516d23) (ScriptedImporter) -> (artifact id: '0cd76867820c747e4daacff2307c01a7') in 0.0448597 seconds
Number of updated asset objects reloaded before import = 0Number of asset objects unloaded after import = 3

========================================================================
Received Import Request.
  Time since last request: 0.000030 seconds.
  path: Assets/LUTE_Starter Scenes/Mapbox/Unity/Editor/PropertyDrawers/UnityLayerOptionsDrawer.cs
  artifactKey: Guid(bdef06805a8a74efdac863d35cbc5ea3) Importer(2089858483,0ecaa5967403d082aa24f35e1b516d23)
Start importing Assets/LUTE_Starter Scenes/Mapbox/Unity/Editor/PropertyDrawers/UnityLayerOptionsDrawer.cs using Guid(bdef06805a8a74efdac863d35cbc5ea3) Importer(2089858483,0ecaa5967403d082aa24f35e1b516d23) (ScriptedImporter) -> (artifact id: '8d99b04d5e72b485e156db70542afc45') in 0.2103699 seconds
Number of updated asset objects reloaded before import = 0Number of asset objects unloaded after import = 0

========================================================================
Received Import Request.
  Time since last request: 0.000136 seconds.
  path: Assets/LUTE_Starter Scenes/Mapbox/Unity/Map/TileProviders/TileErrorHandler.cs
  artifactKey: Guid(76a256726e16d4966a3f30b97a17e1d5) Importer(2089858483,0ecaa5967403d082aa24f35e1b516d23)
Start importing Assets/LUTE_Starter Scenes/Mapbox/Unity/Map/TileProviders/TileErrorHandler.cs using Guid(76a256726e16d4966a3f30b97a17e1d5) Importer(2089858483,0ecaa5967403d082aa24f35e1b516d23) (ScriptedImporter) -> (artifact id: '9443b1da0cdad9c2c4ff58c6a36b2b74') in 0.0163716 seconds
Number of updated asset objects reloaded before import = 0Number of asset objects unloaded after import = 0

========================================================================
Received Import Request.
  Time since last request: 0.000152 seconds.
  path: Assets/LUTE_Starter Scenes/Mapbox/Unity/MeshGeneration/Modifiers/MeshGenerationBase.cs
  artifactKey: Guid(b5a0bb09f203344eab30606cb0f57438) Importer(2089858483,0ecaa5967403d082aa24f35e1b516d23)
Start importing Assets/LUTE_Starter Scenes/Mapbox/Unity/MeshGeneration/Modifiers/MeshGenerationBase.cs using Guid(b5a0bb09f203344eab30606cb0f57438) Importer(2089858483,0ecaa5967403d082aa24f35e1b516d23) (ScriptedImporter) -> (artifact id: '777082e1e62d4977c25e9f75729be969') in 0.0510972 seconds
Number of updated asset objects reloaded before import = 0Number of asset objects unloaded after import = 0

========================================================================
Received Import Request.
  Time since last request: 0.000077 seconds.
  path: Assets/LUTE_Starter Scenes/Mapbox/Examples/Resources/maki/shop-15.png
  artifactKey: Guid(591053151e5690843a9abd44ebf79681) Importer(2089858483,0ecaa5967403d082aa24f35e1b516d23)
Start importing Assets/LUTE_Starter Scenes/Mapbox/Examples/Resources/maki/shop-15.png using Guid(591053151e5690843a9abd44ebf79681) Importer(2089858483,0ecaa5967403d082aa24f35e1b516d23) (ScriptedImporter) -> (artifact id: '62988e779ff55ca81ea8a5b528eeed79') in 0.0502444 seconds
Number of updated asset objects reloaded before import = 0Number of asset objects unloaded after import = 3

========================================================================
Received Import Request.
  Time since last request: 0.000024 seconds.
  path: Assets/LUTE_Starter Scenes/Scenes/Games/AR/Scripts/TrackedImageInfoManager.cs
  artifactKey: Guid(292a6ee50eeae3d44a6098a6240c01e0) Importer(2089858483,0ecaa5967403d082aa24f35e1b516d23)
Start importing Assets/LUTE_Starter Scenes/Scenes/Games/AR/Scripts/TrackedImageInfoManager.cs using Guid(292a6ee50eeae3d44a6098a6240c01e0) Importer(2089858483,0ecaa5967403d082aa24f35e1b516d23) (ScriptedImporter) -> (artifact id: '34a94e6a80bdf9159b322895145d8206') in 0.0200876 seconds
Number of updated asset objects reloaded before import = 0Number of asset objects unloaded after import = 0

========================================================================
Received Import Request.
  Time since last request: 0.000047 seconds.
  path: Assets/LUTE_Starter Scenes/Mapbox/Examples/Resources/maki/rail-metro-15.png
  artifactKey: Guid(0028198a8e0c3f64889683cdc2419868) Importer(2089858483,0ecaa5967403d082aa24f35e1b516d23)
Start importing Assets/LUTE_Starter Scenes/Mapbox/Examples/Resources/maki/rail-metro-15.png using Guid(0028198a8e0c3f64889683cdc2419868) Importer(2089858483,0ecaa5967403d082aa24f35e1b516d23) (ScriptedImporter) -> (artifact id: '463a07cfe4f29574ee764f8b7c4f2988') in 0.0517975 seconds
Number of updated asset objects reloaded before import = 0Number of asset objects unloaded after import = 3

========================================================================
Received Import Request.
  Time since last request: 0.000021 seconds.
  path: Assets/LUTE_Starter Scenes/Mapbox/Unity/Map/TileProviders/QuadTreeMapVisualizer.cs
  artifactKey: Guid(1dfd965733118434481fedf30fa380c1) Importer(2089858483,0ecaa5967403d082aa24f35e1b516d23)
Start importing Assets/LUTE_Starter Scenes/Mapbox/Unity/Map/TileProviders/QuadTreeMapVisualizer.cs using Guid(1dfd965733118434481fedf30fa380c1) Importer(2089858483,0ecaa5967403d082aa24f35e1b516d23) (ScriptedImporter) -> (artifact id: '9b7c151383ef1d04158bcbaf4ec2ea12') in 0.022251 seconds
Number of updated asset objects reloaded before import = 0Number of asset objects unloaded after import = 0

========================================================================
Received Import Request.
  Time since last request: 0.000089 seconds.
  path: Assets/LUTE_Starter Scenes/Sprites/CharacterHeads/Animals/Round without details (outline)/slice10_10.png
  artifactKey: Guid(409b206fc5bab1148be784f3236d1913) Importer(2089858483,0ecaa5967403d082aa24f35e1b516d23)
Start importing Assets/LUTE_Starter Scenes/Sprites/CharacterHeads/Animals/Round without details (outline)/slice10_10.png using Guid(409b206fc5bab1148be784f3236d1913) Importer(2089858483,0ecaa5967403d082aa24f35e1b516d23) (ScriptedImporter) -> (artifact id: '6e2455784cd5c2065ee18d604dc86631') in 0.0431079 seconds
Number of updated asset objects reloaded before import = 0Number of asset objects unloaded after import = 3

========================================================================
Received Import Request.
  Time since last request: 0.000028 seconds.
  path: Assets/LUTE_Starter Scenes/Scenes/Games/AR/Prefabs/AR Plane Debug Visualizer.prefab
  artifactKey: Guid(775c03dad315ae24bb8ad5a084207e21) Importer(2089858483,0ecaa5967403d082aa24f35e1b516d23)
Start importing Assets/LUTE_Starter Scenes/Scenes/Games/AR/Prefabs/AR Plane Debug Visualizer.prefab using Guid(775c03dad315ae24bb8ad5a084207e21) Importer(2089858483,0ecaa5967403d082aa24f35e1b516d23) (ScriptedImporter) -> (artifact id: 'f826aeeadb60b331640a219b63c1308f') in 0.0788989 seconds
Number of updated asset objects reloaded before import = 0Number of asset objects unloaded after import = 18

========================================================================
Received Import Request.
  Time since last request: 0.000018 seconds.
  path: Assets/LUTE_Starter Scenes/Sprites/CharacterHeads/Animals/Square/monkey.png
  artifactKey: Guid(c329ec9dc0859d04c8ace4fa6c251e18) Importer(2089858483,0ecaa5967403d082aa24f35e1b516d23)
Start importing Assets/LUTE_Starter Scenes/Sprites/CharacterHeads/Animals/Square/monkey.png using Guid(c329ec9dc0859d04c8ace4fa6c251e18) Importer(2089858483,0ecaa5967403d082aa24f35e1b516d23) (ScriptedImporter) -> (artifact id: '573bfab8daf1a53d912ac70010de39e8') in 0.055348 seconds
Number of updated asset objects reloaded before import = 0Number of asset objects unloaded after import = 3

========================================================================
Received Import Request.
  Time since last request: 0.000020 seconds.
  path: Assets/LUTE_Starter Scenes/Mapbox/Unity/Map/Interfaces/IUnifiedMap.cs
  artifactKey: Guid(be115c5fdb26480791b43d27c2bc1bfb) Importer(2089858483,0ecaa5967403d082aa24f35e1b516d23)
Start importing Assets/LUTE_Starter Scenes/Mapbox/Unity/Map/Interfaces/IUnifiedMap.cs using Guid(be115c5fdb26480791b43d27c2bc1bfb) Importer(2089858483,0ecaa5967403d082aa24f35e1b516d23) (ScriptedImporter) -> (artifact id: 'dc08b5a036ee2a9ae5cbcbecb4913275') in 0.0175825 seconds
Number of updated asset objects reloaded before import = 0Number of asset objects unloaded after import = 0

========================================================================
Received Import Request.
  Time since last request: 0.000086 seconds.
  path: Assets/LUTE_Starter Scenes/Sprites/CharacterHeads/Animals/Round/Thumbs.db
  artifactKey: Guid(04beb70c6799a6c4fbe3de719f06c7c0) Importer(2089858483,0ecaa5967403d082aa24f35e1b516d23)
Start importing Assets/LUTE_Starter Scenes/Sprites/CharacterHeads/Animals/Round/Thumbs.db using Guid(04beb70c6799a6c4fbe3de719f06c7c0) Importer(2089858483,0ecaa5967403d082aa24f35e1b516d23) (ScriptedImporter) -> (artifact id: '6f0fc9107684fa791b2b82ddbcd20636') in 0.0254381 seconds
Number of updated asset objects reloaded before import = 0Number of asset objects unloaded after import = 1

========================================================================
Received Import Request.
  Time since last request: 0.000095 seconds.
  path: Assets/LUTE_Starter Scenes/Mapbox/Unity/MeshGeneration/Modifiers/MeshModifier.cs
  artifactKey: Guid(d61d35af106e04d44b5fc8b635f4dc55) Importer(2089858483,0ecaa5967403d082aa24f35e1b516d23)
Start importing Assets/LUTE_Starter Scenes/Mapbox/Unity/MeshGeneration/Modifiers/MeshModifier.cs using Guid(d61d35af106e04d44b5fc8b635f4dc55) Importer(2089858483,0ecaa5967403d082aa24f35e1b516d23) (ScriptedImporter) -> (artifact id: '920fe1fd978d95554b801ec58282de08') in 0.0250272 seconds
Number of updated asset objects reloaded before import = 0Number of asset objects unloaded after import = 0

========================================================================
Received Import Request.
  Time since last request: 0.000090 seconds.
  path: Assets/LUTE_Starter Scenes/Mapbox/Resources/HeroStructures/Prefabs/ChryslerBuilding.prefab
  artifactKey: Guid(aedce91c327268742b81a28f40485857) Importer(2089858483,0ecaa5967403d082aa24f35e1b516d23)
Start importing Assets/LUTE_Starter Scenes/Mapbox/Resources/HeroStructures/Prefabs/ChryslerBuilding.prefab using Guid(aedce91c327268742b81a28f40485857) Importer(2089858483,0ecaa5967403d082aa24f35e1b516d23) (ScriptedImporter) -> (artifact id: '0bc05299f1dbd687575dbc4518c65318') in 0.0266143 seconds
Number of updated asset objects reloaded before import = 0Number of asset objects unloaded after import = 7

========================================================================
Received Import Request.
  Time since last request: 0.000018 seconds.
  path: Assets/LUTE_Starter Scenes/Mapbox/Unity/Editor/PropertyDrawers/LayerSourceOptionsDrawer.cs
  artifactKey: Guid(66a87ffd5023a4fbe889f65e3fdcb4ac) Importer(2089858483,0ecaa5967403d082aa24f35e1b516d23)
Start importing Assets/LUTE_Starter Scenes/Mapbox/Unity/Editor/PropertyDrawers/LayerSourceOptionsDrawer.cs using Guid(66a87ffd5023a4fbe889f65e3fdcb4ac) Importer(2089858483,0ecaa5967403d082aa24f35e1b516d23) (ScriptedImporter) -> (artifact id: 'b60040a05a69dd7352995cae4822e4de') in 0.0181083 seconds
Number of updated asset objects reloaded before import = 0Number of asset objects unloaded after import = 0

========================================================================
Received Import Request.
  Time since last request: 0.000035 seconds.
  path: Assets/LUTE_Starter Scenes/Sprites/CharacterHeads/Animals/Square/giraffe.png
  artifactKey: Guid(7dd7153404973224c8a41b62eecc7a34) Importer(2089858483,0ecaa5967403d082aa24f35e1b516d23)
Start importing Assets/LUTE_Starter Scenes/Sprites/CharacterHeads/Animals/Square/giraffe.png using Guid(7dd7153404973224c8a41b62eecc7a34) Importer(2089858483,0ecaa5967403d082aa24f35e1b516d23) (ScriptedImporter) -> (artifact id: '37c8255afbbf32da54b9df8fd279b466') in 0.0442456 seconds
Number of updated asset objects reloaded before import = 0Number of asset objects unloaded after import = 3

========================================================================
Received Import Request.
  Time since last request: 0.000018 seconds.
  path: Assets/LUTE_Starter Scenes/Mapbox/Examples/Resources/maki/religious-christian-15.png
  artifactKey: Guid(266fe43f7f5f132458eb084a820fa017) Importer(2089858483,0ecaa5967403d082aa24f35e1b516d23)
Start importing Assets/LUTE_Starter Scenes/Mapbox/Examples/Resources/maki/religious-christian-15.png using Guid(266fe43f7f5f132458eb084a820fa017) Importer(2089858483,0ecaa5967403d082aa24f35e1b516d23) (ScriptedImporter) -> (artifact id: 'e7698cc5eade28e703da775ece963dd8') in 0.0366516 seconds
Number of updated asset objects reloaded before import = 0Number of asset objects unloaded after import = 3

========================================================================
Received Import Request.
  Time since last request: 0.000020 seconds.
  path: Assets/LUTE_Starter Scenes/Mapbox/Unity/Location/ExampleGpsTraces/LocationProviderAndroidNative.txt
  artifactKey: Guid(817c5a40f553e4555a5a5ace19d292bb) Importer(2089858483,0ecaa5967403d082aa24f35e1b516d23)
Start importing Assets/LUTE_Starter Scenes/Mapbox/Unity/Location/ExampleGpsTraces/LocationProviderAndroidNative.txt using Guid(817c5a40f553e4555a5a5ace19d292bb) Importer(2089858483,0ecaa5967403d082aa24f35e1b516d23) (ScriptedImporter) -> (artifact id: 'c8b63c1d524483cd80ccedf9b55577f2') in 0.027981 seconds
Number of updated asset objects reloaded before import = 0Number of asset objects unloaded after import = 1

========================================================================
Received Import Request.
  Time since last request: 0.000028 seconds.
  path: Assets/LUTE_Starter Scenes/Mapbox/Resources/HeroStructures/Meshes/OneWorldTradeCenter.fbx
  artifactKey: Guid(891973e6c0cc14d778d0090973a4ac11) Importer(2089858483,0ecaa5967403d082aa24f35e1b516d23)
Start importing Assets/LUTE_Starter Scenes/Mapbox/Resources/HeroStructures/Meshes/OneWorldTradeCenter.fbx using Guid(891973e6c0cc14d778d0090973a4ac11) Importer(2089858483,0ecaa5967403d082aa24f35e1b516d23) (ScriptedImporter) -> (artifact id: 'ea676866c2156b83bebab218a59f67a5') in 0.0561795 seconds
Number of updated asset objects reloaded before import = 0Number of asset objects unloaded after import = 10

========================================================================
Received Import Request.
  Time since last request: 0.000029 seconds.
  path: Assets/LUTE/ThirdPartyAssets/LeanTween/Examples/Models/Materials/LineMaterial.mat
  artifactKey: Guid(cf41397dc908943a38769b3d61f3877a) Importer(2089858483,0ecaa5967403d082aa24f35e1b516d23)
Start importing Assets/LUTE/ThirdPartyAssets/LeanTween/Examples/Models/Materials/LineMaterial.mat using Guid(cf41397dc908943a38769b3d61f3877a) Importer(2089858483,0ecaa5967403d082aa24f35e1b516d23) (ScriptedImporter) -> (artifact id: '6fb3c59b631739d249992d65ee60d741') in 0.3367659 seconds
Number of updated asset objects reloaded before import = 0Number of asset objects unloaded after import = 1

========================================================================
Received Import Request.
  Time since last request: 0.000020 seconds.
  path: Assets/LUTE/ThirdPartyAssets/InventoryEngine/MMTools/MMAudio/MMSoundManager/MMSoundManagerAudioPool.cs
  artifactKey: Guid(6ca15a4a57ce0a947835411d7c771538) Importer(2089858483,0ecaa5967403d082aa24f35e1b516d23)
Start importing Assets/LUTE/ThirdPartyAssets/InventoryEngine/MMTools/MMAudio/MMSoundManager/MMSoundManagerAudioPool.cs using Guid(6ca15a4a57ce0a947835411d7c771538) Importer(2089858483,0ecaa5967403d082aa24f35e1b516d23) (ScriptedImporter) -> (artifact id: '564f0e3f80cd65f93783d634a0f08cc3') in 0.1671373 seconds
Number of updated asset objects reloaded before import = 0Number of asset objects unloaded after import = 0

========================================================================
Received Import Request.
  Time since last request: 0.000087 seconds.
  path: Assets/LUTE_Starter Scenes/Sprites/CharacterHeads/Animals/Square without details (outline)/monkey.png
  artifactKey: Guid(84e45cd8c9d64d14f86de85acd39e645) Importer(2089858483,0ecaa5967403d082aa24f35e1b516d23)
Start importing Assets/LUTE_Starter Scenes/Sprites/CharacterHeads/Animals/Square without details (outline)/monkey.png using Guid(84e45cd8c9d64d14f86de85acd39e645) Importer(2089858483,0ecaa5967403d082aa24f35e1b516d23) (ScriptedImporter) -> (artifact id: 'e0879c7f43863f56867c29687d7ed021') in 0.3485089 seconds
Number of updated asset objects reloaded before import = 0Number of asset objects unloaded after import = 3

========================================================================
Received Import Request.
  Time since last request: 0.000017 seconds.
  path: Assets/LUTE/ThirdPartyAssets/InventoryEngine/MMTools/MMProcedural/MMGridGenerators/MMGridGeneratorRandomWalkGround.cs
  artifactKey: Guid(21e69a8c38f55e84ea754b184697f036) Importer(2089858483,0ecaa5967403d082aa24f35e1b516d23)
Start importing Assets/LUTE/ThirdPartyAssets/InventoryEngine/MMTools/MMProcedural/MMGridGenerators/MMGridGeneratorRandomWalkGround.cs using Guid(21e69a8c38f55e84ea754b184697f036) Importer(2089858483,0ecaa5967403d082aa24f35e1b516d23) (ScriptedImporter) -> (artifact id: '1e89d4360390ce72c96d54e976ad90b8') in 0.0182314 seconds
Number of updated asset objects reloaded before import = 0Number of asset objects unloaded after import = 0

========================================================================
Received Import Request.
  Time since last request: 0.000044 seconds.
  path: Assets/LUTE_Starter Scenes/Sprites/CharacterHeads/Animals/Square without details (outline)/snake.png
  artifactKey: Guid(8c9ba050ed26c7c4d90414d2ef20c095) Importer(2089858483,0ecaa5967403d082aa24f35e1b516d23)
Start importing Assets/LUTE_Starter Scenes/Sprites/CharacterHeads/Animals/Square without details (outline)/snake.png using Guid(8c9ba050ed26c7c4d90414d2ef20c095) Importer(2089858483,0ecaa5967403d082aa24f35e1b516d23) (ScriptedImporter) -> (artifact id: 'e04168007285d833160028a2f3e5b29f') in 0.0620858 seconds
Number of updated asset objects reloaded before import = 0Number of asset objects unloaded after import = 3

========================================================================
Received Import Request.
  Time since last request: 0.000018 seconds.
  path: Assets/LUTE/ThirdPartyAssets/TextMesh Pro/Examples & Extras/Resources/Fonts & Materials/Roboto-Bold SDF.asset
  artifactKey: Guid(5302535af1044152a457ed104f1f4b91) Importer(2089858483,0ecaa5967403d082aa24f35e1b516d23)
Start importing Assets/LUTE/ThirdPartyAssets/TextMesh Pro/Examples & Extras/Resources/Fonts & Materials/Roboto-Bold SDF.asset using Guid(5302535af1044152a457ed104f1f4b91) Importer(2089858483,0ecaa5967403d082aa24f35e1b516d23) (ScriptedImporter) -> (artifact id: '9a93aea94c74b53c910d6cf30f4b890f') in 0.0640965 seconds
Number of updated asset objects reloaded before import = 0Number of asset objects unloaded after import = 5

========================================================================
Received Import Request.
  Time since last request: 0.000024 seconds.
  path: Assets/LUTE_Starter Scenes/Mapbox/Examples/1_DataExplorer/Modules/LabelLayers/ExplorerWaterLabelLayer.asset
  artifactKey: Guid(7473d2473339e4e4e8d4a62589360332) Importer(2089858483,0ecaa5967403d082aa24f35e1b516d23)
Start importing Assets/LUTE_Starter Scenes/Mapbox/Examples/1_DataExplorer/Modules/LabelLayers/ExplorerWaterLabelLayer.asset using Guid(7473d2473339e4e4e8d4a62589360332) Importer(2089858483,0ecaa5967403d082aa24f35e1b516d23) (ScriptedImporter) -> (artifact id: '84777fd80da1bb2f8a07e36168ab713a') in 0.0309321 seconds
Number of updated asset objects reloaded before import = 0Number of asset objects unloaded after import = 1

========================================================================
Received Import Request.
  Time since last request: 0.000020 seconds.
  path: Assets/LUTE_Starter Scenes/Sprites/CharacterHeads/Animals/Square (outline)/panda.png
  artifactKey: Guid(14094e80ce08465498c1219cf77d2d3b) Importer(2089858483,0ecaa5967403d082aa24f35e1b516d23)
Start importing Assets/LUTE_Starter Scenes/Sprites/CharacterHeads/Animals/Square (outline)/panda.png using Guid(14094e80ce08465498c1219cf77d2d3b) Importer(2089858483,0ecaa5967403d082aa24f35e1b516d23) (ScriptedImporter) -> (artifact id: '9230214bf722751d82482d7ccbdee992') in 0.0476462 seconds
Number of updated asset objects reloaded before import = 0Number of asset objects unloaded after import = 3

========================================================================
Received Import Request.
  Time since last request: 0.000016 seconds.
  path: Assets/LUTE_Starter Scenes/Sprites/CharacterHeads/Animals/Square without details (outline)/giraffe.png
  artifactKey: Guid(8774080e6f15de9488df31dd9fc3eafb) Importer(2089858483,0ecaa5967403d082aa24f35e1b516d23)
Start importing Assets/LUTE_Starter Scenes/Sprites/CharacterHeads/Animals/Square without details (outline)/giraffe.png using Guid(8774080e6f15de9488df31dd9fc3eafb) Importer(2089858483,0ecaa5967403d082aa24f35e1b516d23) (ScriptedImporter) -> (artifact id: '8f5280a57040642ccf105332122b9790') in 0.0533968 seconds
Number of updated asset objects reloaded before import = 0Number of asset objects unloaded after import = 3

========================================================================
Received Import Request.
  Time since last request: 0.000028 seconds.
  path: Assets/LUTE_Starter Scenes/Mapbox/Core/mapbox-sdk-cs/Geocoding/Response/Feature.cs
  artifactKey: Guid(f0645486f47864cd390751dd94d0302f) Importer(2089858483,0ecaa5967403d082aa24f35e1b516d23)
Start importing Assets/LUTE_Starter Scenes/Mapbox/Core/mapbox-sdk-cs/Geocoding/Response/Feature.cs using Guid(f0645486f47864cd390751dd94d0302f) Importer(2089858483,0ecaa5967403d082aa24f35e1b516d23) (ScriptedImporter) -> (artifact id: 'd900abfc1c76e8937d5319f1669ca667') in 0.0185713 seconds
Number of updated asset objects reloaded before import = 0Number of asset objects unloaded after import = 0

========================================================================
Received Import Request.
  Time since last request: 0.000082 seconds.
  path: Assets/LUTE_Starter Scenes/Mapbox/Core/Plugins/iOS/MapboxMobileEvents/libMapboxMobileEventsStatic.a
  artifactKey: Guid(902cd5fd1c6e74a17a41d7527de5b07b) Importer(2089858483,0ecaa5967403d082aa24f35e1b516d23)
Start importing Assets/LUTE_Starter Scenes/Mapbox/Core/Plugins/iOS/MapboxMobileEvents/libMapboxMobileEventsStatic.a using Guid(902cd5fd1c6e74a17a41d7527de5b07b) Importer(2089858483,0ecaa5967403d082aa24f35e1b516d23) (ScriptedImporter) -> (artifact id: '8303f2c8ce35977f60ef2e7411c4635b') in 0.0252209 seconds
Number of updated asset objects reloaded before import = 0Number of asset objects unloaded after import = 0

========================================================================
Received Import Request.
  Time since last request: 0.000048 seconds.
  path: Assets/LUTE/ThirdPartyAssets/BogGames/Bog_Achievements/Scripts/Core/BogAchievementsData.cs
  artifactKey: Guid(b0e9828fcf0fdc441ae7962fc72722c2) Importer(2089858483,0ecaa5967403d082aa24f35e1b516d23)
Start importing Assets/LUTE/ThirdPartyAssets/BogGames/Bog_Achievements/Scripts/Core/BogAchievementsData.cs using Guid(b0e9828fcf0fdc441ae7962fc72722c2) Importer(2089858483,0ecaa5967403d082aa24f35e1b516d23) (ScriptedImporter) -> (artifact id: 'c8398c776edb8ecf22c0efb03664799d') in 0.0242344 seconds
Number of updated asset objects reloaded before import = 0Number of asset objects unloaded after import = 0

========================================================================
Received Import Request.
  Time since last request: 0.000118 seconds.
  path: Assets/LUTE/ThirdPartyAssets/LeanTween/Examples/Models/Materials/SimpleAvatarMat.mat
  artifactKey: Guid(5732f0a6e68964f3eb5c3ebb94242055) Importer(2089858483,0ecaa5967403d082aa24f35e1b516d23)
Start importing Assets/LUTE/ThirdPartyAssets/LeanTween/Examples/Models/Materials/SimpleAvatarMat.mat using Guid(5732f0a6e68964f3eb5c3ebb94242055) Importer(2089858483,0ecaa5967403d082aa24f35e1b516d23) (ScriptedImporter) -> (artifact id: 'baf7ab022be211e0f324fa8f02667b45') in 0.0496488 seconds
Number of updated asset objects reloaded before import = 0Number of asset objects unloaded after import = 1

========================================================================
Received Import Request.
  Time since last request: 0.000156 seconds.
  path: Assets/LUTE/ThirdPartyAssets/TextMesh Pro/Examples & Extras/Resources/Color Gradient Presets/Yellow to Orange - Vertical.asset
  artifactKey: Guid(69a525efa7e6472eab268f6ea605f06e) Importer(2089858483,0ecaa5967403d082aa24f35e1b516d23)
Start importing Assets/LUTE/ThirdPartyAssets/TextMesh Pro/Examples & Extras/Resources/Color Gradient Presets/Yellow to Orange - Vertical.asset using Guid(69a525efa7e6472eab268f6ea605f06e) Importer(2089858483,0ecaa5967403d082aa24f35e1b516d23) (ScriptedImporter) -> (artifact id: 'e9699685a460c6ab90aa60bf9764d334') in 0.1594162 seconds
Number of updated asset objects reloaded before import = 0Number of asset objects unloaded after import = 1

========================================================================
Received Import Request.
  Time since last request: 0.000025 seconds.
  path: Assets/LUTE/ThirdPartyAssets/BogGames/Bog_Achievements/Scripts/Editor/BogAchievementListEditor.cs
  artifactKey: Guid(8b6b264394d51744cab2c25390b716f7) Importer(2089858483,0ecaa5967403d082aa24f35e1b516d23)
Start importing Assets/LUTE/ThirdPartyAssets/BogGames/Bog_Achievements/Scripts/Editor/BogAchievementListEditor.cs using Guid(8b6b264394d51744cab2c25390b716f7) Importer(2089858483,0ecaa5967403d082aa24f35e1b516d23) (ScriptedImporter) -> (artifact id: 'a9f739d5b2288d5cab0a38613336bada') in 0.0168598 seconds
Number of updated asset objects reloaded before import = 0Number of asset objects unloaded after import = 0

========================================================================
Received Import Request.
  Time since last request: 0.000101 seconds.
  path: Assets/LUTE/ThirdPartyAssets/LeanTween/Examples/Models/Materials/SubTitleText.mat
  artifactKey: Guid(33b82a22301d648c5afa1a682a259e5d) Importer(2089858483,0ecaa5967403d082aa24f35e1b516d23)
Start importing Assets/LUTE/ThirdPartyAssets/LeanTween/Examples/Models/Materials/SubTitleText.mat using Guid(33b82a22301d648c5afa1a682a259e5d) Importer(2089858483,0ecaa5967403d082aa24f35e1b516d23) (ScriptedImporter) -> (artifact id: '2dfd7e56cd25ea05f7a3173e3db0cf83') in 0.0282497 seconds
Number of updated asset objects reloaded before import = 0Number of asset objects unloaded after import = 1

========================================================================
Received Import Request.
  Time since last request: 0.000135 seconds.
  path: Assets/LUTE/ThirdPartyAssets/LeanTween/Examples/Models/Materials/SimpleAvatarAlphaBlue.mat
  artifactKey: Guid(39a7c2c726d36466a82bb11886f760e1) Importer(2089858483,0ecaa5967403d082aa24f35e1b516d23)
Start importing Assets/LUTE/ThirdPartyAssets/LeanTween/Examples/Models/Materials/SimpleAvatarAlphaBlue.mat using Guid(39a7c2c726d36466a82bb11886f760e1) Importer(2089858483,0ecaa5967403d082aa24f35e1b516d23) (ScriptedImporter) -> (artifact id: 'ff362bd34a720b679e1244523905447e') in 0.0244553 seconds
Number of updated asset objects reloaded before import = 0Number of asset objects unloaded after import = 1

========================================================================
Received Import Request.
  Time since last request: 0.000037 seconds.
  path: Assets/LUTE_Starter Scenes/Mapbox/Examples/1_DataExplorer/Modules/LabelLayers/ExplorerStateLabelLayer.asset
  artifactKey: Guid(f454769f806c35f46ac833b29ad68d7d) Importer(2089858483,0ecaa5967403d082aa24f35e1b516d23)
Start importing Assets/LUTE_Starter Scenes/Mapbox/Examples/1_DataExplorer/Modules/LabelLayers/ExplorerStateLabelLayer.asset using Guid(f454769f806c35f46ac833b29ad68d7d) Importer(2089858483,0ecaa5967403d082aa24f35e1b516d23) (ScriptedImporter) -> (artifact id: '6b6d0978c08e7fd350c9691a68a6e2e2') in 0.0330184 seconds
Number of updated asset objects reloaded before import = 0Number of asset objects unloaded after import = 1

========================================================================
Received Import Request.
  Time since last request: 0.000019 seconds.
  path: Assets/LUTE/ThirdPartyAssets/BogGames/Bog_Tools/Bog_Attributes/Editor/GenericListPropertyEditor.cs
  artifactKey: Guid(81a1b73fec9aea74da07244a580218f1) Importer(2089858483,0ecaa5967403d082aa24f35e1b516d23)
Start importing Assets/LUTE/ThirdPartyAssets/BogGames/Bog_Tools/Bog_Attributes/Editor/GenericListPropertyEditor.cs using Guid(81a1b73fec9aea74da07244a580218f1) Importer(2089858483,0ecaa5967403d082aa24f35e1b516d23) (ScriptedImporter) -> (artifact id: 'ea02cdc355be81f4eca56684e05a9ef7') in 0.0224712 seconds
Number of updated asset objects reloaded before import = 0Number of asset objects unloaded after import = 0

========================================================================
Received Import Request.
  Time since last request: 0.000043 seconds.
  path: Assets/LUTE_Starter Scenes/Mapbox/Examples/1_DataExplorer/Modules/BuildingLayer/ExplorerFlatTopHeightModifier.asset
  artifactKey: Guid(01daf891a4a08fc4d8bcefefb45330ff) Importer(2089858483,0ecaa5967403d082aa24f35e1b516d23)
Start importing Assets/LUTE_Starter Scenes/Mapbox/Examples/1_DataExplorer/Modules/BuildingLayer/ExplorerFlatTopHeightModifier.asset using Guid(01daf891a4a08fc4d8bcefefb45330ff) Importer(2089858483,0ecaa5967403d082aa24f35e1b516d23) (ScriptedImporter) -> (artifact id: '61404ac3dd17ce02bc7a8b07ffbaca25') in 0.0315514 seconds
Number of updated asset objects reloaded before import = 0Number of asset objects unloaded after import = 1

========================================================================
Received Import Request.
  Time since last request: 0.000021 seconds.
  path: Assets/LUTE_Starter Scenes/Mapbox/Examples/Resources/maki/veterinary-15.png
  artifactKey: Guid(a8bea32fe84c3c94eb3de19a3a15057a) Importer(2089858483,0ecaa5967403d082aa24f35e1b516d23)
Start importing Assets/LUTE_Starter Scenes/Mapbox/Examples/Resources/maki/veterinary-15.png using Guid(a8bea32fe84c3c94eb3de19a3a15057a) Importer(2089858483,0ecaa5967403d082aa24f35e1b516d23) (ScriptedImporter) -> (artifact id: '6f3f2c109818d06a01ed1a62bcdfc7b4') in 0.0417111 seconds
Number of updated asset objects reloaded before import = 0Number of asset objects unloaded after import = 3

========================================================================
Received Import Request.
  Time since last request: 0.000212 seconds.
  path: Assets/LUTE_Starter Scenes/Scenes/Games/AR/Scripts/XRManager.cs
  artifactKey: Guid(6f5b27cd32d488f4cbff6ed426529203) Importer(2089858483,0ecaa5967403d082aa24f35e1b516d23)
Start importing Assets/LUTE_Starter Scenes/Scenes/Games/AR/Scripts/XRManager.cs using Guid(6f5b27cd32d488f4cbff6ed426529203) Importer(2089858483,0ecaa5967403d082aa24f35e1b516d23) (ScriptedImporter) -> (artifact id: 'f6ddfa63daad041fc8bac34ec4713e46') in 0.015822 seconds
Number of updated asset objects reloaded before import = 0Number of asset objects unloaded after import = 0

========================================================================
Received Import Request.
  Time since last request: 0.000023 seconds.
  path: Assets/LUTE_Starter Scenes/Mapbox/Resources/HeroStructures/Modifiers/ReplaceGlobalHeroStructuresModifier.asset
  artifactKey: Guid(9cc65532303e9448e8ecbe284fc7f035) Importer(2089858483,0ecaa5967403d082aa24f35e1b516d23)
Start importing Assets/LUTE_Starter Scenes/Mapbox/Resources/HeroStructures/Modifiers/ReplaceGlobalHeroStructuresModifier.asset using Guid(9cc65532303e9448e8ecbe284fc7f035) Importer(2089858483,0ecaa5967403d082aa24f35e1b516d23) (ScriptedImporter) -> (artifact id: 'fe3b0f378d0b43401689074575f669e2') in 0.1558666 seconds
Number of updated asset objects reloaded before import = 0Number of asset objects unloaded after import = 44

========================================================================
Received Import Request.
  Time since last request: 0.000037 seconds.
  path: Assets/LUTE_Starter Scenes/Sprites/CharacterHeads/Animals/Square without details/penguin.png
  artifactKey: Guid(ffd28d174824fa94c92f4b483a9d1ff9) Importer(2089858483,0ecaa5967403d082aa24f35e1b516d23)
Start importing Assets/LUTE_Starter Scenes/Sprites/CharacterHeads/Animals/Square without details/penguin.png using Guid(ffd28d174824fa94c92f4b483a9d1ff9) Importer(2089858483,0ecaa5967403d082aa24f35e1b516d23) (ScriptedImporter) -> (artifact id: 'fee795e99fc6fd2baf77b565df43399c') in 0.0410694 seconds
Number of updated asset objects reloaded before import = 0Number of asset objects unloaded after import = 3

========================================================================
Received Import Request.
  Time since last request: 0.000017 seconds.
  path: Assets/LUTE_Starter Scenes/Mapbox/Unity/MeshGeneration/Factories/MapImageFactory.cs
  artifactKey: Guid(2b10536479dade041b6db9893fdf723a) Importer(2089858483,0ecaa5967403d082aa24f35e1b516d23)
Start importing Assets/LUTE_Starter Scenes/Mapbox/Unity/MeshGeneration/Factories/MapImageFactory.cs using Guid(2b10536479dade041b6db9893fdf723a) Importer(2089858483,0ecaa5967403d082aa24f35e1b516d23) (ScriptedImporter) -> (artifact id: '3db77a95132b34ea763a148c0f5eeff3') in 0.0338499 seconds
Number of updated asset objects reloaded before import = 0Number of asset objects unloaded after import = 0

========================================================================
Received Import Request.
  Time since last request: 0.000022 seconds.
  path: Assets/LUTE_Starter Scenes/Mapbox/Examples/2_AstronautGame/AstronautGame/Astronaut/Astro@walk.fbx
  artifactKey: Guid(fc9c407526569a040aff73ce885504c1) Importer(2089858483,0ecaa5967403d082aa24f35e1b516d23)
Start importing Assets/LUTE_Starter Scenes/Mapbox/Examples/2_AstronautGame/AstronautGame/Astronaut/Astro@walk.fbx using Guid(fc9c407526569a040aff73ce885504c1) Importer(2089858483,0ecaa5967403d082aa24f35e1b516d23) (ScriptedImporter) -> (artifact id: '93ee1b11890d5e62612281e5c0215e11') in 0.1114993 seconds
Number of updated asset objects reloaded before import = 0Number of asset objects unloaded after import = 57

========================================================================
Received Import Request.
  Time since last request: 0.000051 seconds.
  path: Assets/LUTE_Starter Scenes/Mapbox/Examples/2_AstronautGame/AstronautGame/Astronaut/Astro@idle.fbx
  artifactKey: Guid(60910c35c31b61e429ee83165006de91) Importer(2089858483,0ecaa5967403d082aa24f35e1b516d23)
Start importing Assets/LUTE_Starter Scenes/Mapbox/Examples/2_AstronautGame/AstronautGame/Astronaut/Astro@idle.fbx using Guid(60910c35c31b61e429ee83165006de91) Importer(2089858483,0ecaa5967403d082aa24f35e1b516d23) (ScriptedImporter) -> (artifact id: 'd5e6f37b8d201f5d9a2a90c6b2c12b60') in 0.0565208 seconds
Number of updated asset objects reloaded before import = 0Number of asset objects unloaded after import = 57

========================================================================
Received Import Request.
  Time since last request: 0.000022 seconds.
  path: Assets/LUTE_Starter Scenes/Mapbox/Examples/2_AstronautGame/AstronautGame/Astronaut/CharacterMovement.cs
  artifactKey: Guid(5798356d101127847ac0719a2d1ab574) Importer(2089858483,0ecaa5967403d082aa24f35e1b516d23)
Start importing Assets/LUTE_Starter Scenes/Mapbox/Examples/2_AstronautGame/AstronautGame/Astronaut/CharacterMovement.cs using Guid(5798356d101127847ac0719a2d1ab574) Importer(2089858483,0ecaa5967403d082aa24f35e1b516d23) (ScriptedImporter) -> (artifact id: 'be4bc05d88b0b8a13a27b29b47194945') in 0.0389395 seconds
Number of updated asset objects reloaded before import = 0Number of asset objects unloaded after import = 0

========================================================================
Received Import Request.
  Time since last request: 0.000140 seconds.
  path: Assets/LUTE_Starter Scenes/Mapbox/Examples/8_VoxelMap/Prefabs/Voxels/Bush.prefab
  artifactKey: Guid(6bab41b00b822431298c5d57404b84ce) Importer(2089858483,0ecaa5967403d082aa24f35e1b516d23)
Start importing Assets/LUTE_Starter Scenes/Mapbox/Examples/8_VoxelMap/Prefabs/Voxels/Bush.prefab using Guid(6bab41b00b822431298c5d57404b84ce) Importer(2089858483,0ecaa5967403d082aa24f35e1b516d23) (ScriptedImporter) -> (artifact id: '73450d7a91316c49596df6108d38a2cf') in 0.0176439 seconds
Number of updated asset objects reloaded before import = 0Number of asset objects unloaded after import = 10

========================================================================
Received Import Request.
  Time since last request: 0.000023 seconds.
  path: Assets/LUTE_Starter Scenes/Mapbox/Examples/2_AstronautGame/AstronautGame/Astronaut/MapboxAstronaut_albedo.tif
  artifactKey: Guid(2bc2b101a9422c74682327ba26483e9a) Importer(2089858483,0ecaa5967403d082aa24f35e1b516d23)
Start importing Assets/LUTE_Starter Scenes/Mapbox/Examples/2_AstronautGame/AstronautGame/Astronaut/MapboxAstronaut_albedo.tif using Guid(2bc2b101a9422c74682327ba26483e9a) Importer(2089858483,0ecaa5967403d082aa24f35e1b516d23) (ScriptedImporter) -> (artifact id: '4c6fc3cce2888233a2dc54bfbe987bf4') in 0.0910027 seconds
Number of updated asset objects reloaded before import = 0Number of asset objects unloaded after import = 1

========================================================================
Received Import Request.
  Time since last request: 0.000044 seconds.
  path: Assets/LUTE_Starter Scenes/Mapbox/Examples/2_AstronautGame/AstronautGame/Astronaut/AstronautAnimationController.controller
  artifactKey: Guid(9604f897cddd77b40953b99469abcdbd) Importer(2089858483,0ecaa5967403d082aa24f35e1b516d23)
Start importing Assets/LUTE_Starter Scenes/Mapbox/Examples/2_AstronautGame/AstronautGame/Astronaut/AstronautAnimationController.controller using Guid(9604f897cddd77b40953b99469abcdbd) Importer(2089858483,0ecaa5967403d082aa24f35e1b516d23) (ScriptedImporter) -> (artifact id: 'c1aa09f467dcd637bed1cfe36727befb') in 0.0336585 seconds
Number of updated asset objects reloaded before import = 0Number of asset objects unloaded after import = 8

========================================================================
Received Import Request.
  Time since last request: 0.000038 seconds.
  path: Assets/LUTE_Starter Scenes/Mapbox/Examples/2_AstronautGame/AstronautGame/Road/RoadSlice.prefab
  artifactKey: Guid(a89fda20d92b63e46ab2900a8e978041) Importer(2089858483,0ecaa5967403d082aa24f35e1b516d23)
Start importing Assets/LUTE_Starter Scenes/Mapbox/Examples/2_AstronautGame/AstronautGame/Road/RoadSlice.prefab using Guid(a89fda20d92b63e46ab2900a8e978041) Importer(2089858483,0ecaa5967403d082aa24f35e1b516d23) (ScriptedImporter) -> (artifact id: '26e818cf5c206e6b1e714c382dd705ce') in 0.0193584 seconds
Number of updated asset objects reloaded before import = 0Number of asset objects unloaded after import = 39

========================================================================
Received Import Request.
  Time since last request: 0.000077 seconds.
  path: Assets/LUTE_Starter Scenes/Mapbox/Examples/8_VoxelMap/Prefabs/Voxels/Grass.prefab
  artifactKey: Guid(be188b8431533497f81342f748507523) Importer(2089858483,0ecaa5967403d082aa24f35e1b516d23)
Start importing Assets/LUTE_Starter Scenes/Mapbox/Examples/8_VoxelMap/Prefabs/Voxels/Grass.prefab using Guid(be188b8431533497f81342f748507523) Importer(2089858483,0ecaa5967403d082aa24f35e1b516d23) (ScriptedImporter) -> (artifact id: '90e984a22c6a4beda65a91927e61bd58') in 0.0161415 seconds
Number of updated asset objects reloaded before import = 0Number of asset objects unloaded after import = 10

========================================================================
Received Import Request.
  Time since last request: 0.000021 seconds.
  path: Assets/LUTE_Starter Scenes/Mapbox/Unity/MeshGeneration/Factories/TerrainStrategies/ElevationBasedTerrainStrategy.cs
  artifactKey: Guid(0629e9d95db9602439cbd191b7c35260) Importer(2089858483,0ecaa5967403d082aa24f35e1b516d23)
Start importing Assets/LUTE_Starter Scenes/Mapbox/Unity/MeshGeneration/Factories/TerrainStrategies/ElevationBasedTerrainStrategy.cs using Guid(0629e9d95db9602439cbd191b7c35260) Importer(2089858483,0ecaa5967403d082aa24f35e1b516d23) (ScriptedImporter) -> (artifact id: '88e512b936f12d3d319df3f331ced6ac') in 0.0260988 seconds
Number of updated asset objects reloaded before import = 0Number of asset objects unloaded after import = 0

========================================================================
Received Import Request.
  Time since last request: 0.000046 seconds.
  path: Assets/LUTE_Starter Scenes/Mapbox/Examples/2_AstronautGame/AstronautGame/Building/CharacterBuildingShader.shader
  artifactKey: Guid(b1ff8392b8844df42be7268d6a58fd62) Importer(2089858483,0ecaa5967403d082aa24f35e1b516d23)
Start importing Assets/LUTE_Starter Scenes/Mapbox/Examples/2_AstronautGame/AstronautGame/Building/CharacterBuildingShader.shader using Guid(b1ff8392b8844df42be7268d6a58fd62) Importer(2089858483,0ecaa5967403d082aa24f35e1b516d23) (ScriptedImporter) -> (artifact id: '202be28e10dd87d2e31508e7924b82a7') in 0.0256617 seconds
Number of updated asset objects reloaded before import = 0Number of asset objects unloaded after import = 1

========================================================================
Received Import Request.
  Time since last request: 0.000032 seconds.
  path: Assets/LUTE_Starter Scenes/Mapbox/Unity/MeshGeneration/Modifiers/GameObjectModifiers/TextureModifier.cs
  artifactKey: Guid(7d86f7dc89b3e33408563e4ada9d1c74) Importer(2089858483,0ecaa5967403d082aa24f35e1b516d23)
Start importing Assets/LUTE_Starter Scenes/Mapbox/Unity/MeshGeneration/Modifiers/GameObjectModifiers/TextureModifier.cs using Guid(7d86f7dc89b3e33408563e4ada9d1c74) Importer(2089858483,0ecaa5967403d082aa24f35e1b516d23) (ScriptedImporter) -> (artifact id: '68e8c33d38f0ba5ebd283589cc57d027') in 0.0206314 seconds
Number of updated asset objects reloaded before import = 0Number of asset objects unloaded after import = 0

========================================================================
Received Import Request.
  Time since last request: 0.001423 seconds.
  path: Assets/LUTE_Starter Scenes/Mapbox/Unity/MeshGeneration/Factories/TerrainStrategies/FlatSphereTerrainStrategy.cs
  artifactKey: Guid(830e93932f0e72840a1f6d588dce1a4a) Importer(2089858483,0ecaa5967403d082aa24f35e1b516d23)
Start importing Assets/LUTE_Starter Scenes/Mapbox/Unity/MeshGeneration/Factories/TerrainStrategies/FlatSphereTerrainStrategy.cs using Guid(830e93932f0e72840a1f6d588dce1a4a) Importer(2089858483,0ecaa5967403d082aa24f35e1b516d23) (ScriptedImporter) -> (artifact id: 'a0194fefed2f40af68df10b367d9f3aa') in 0.0206019 seconds
Number of updated asset objects reloaded before import = 0Number of asset objects unloaded after import = 0

========================================================================
Received Import Request.
  Time since last request: 0.000076 seconds.
  path: Assets/LUTE_Starter Scenes/Mapbox/Examples/2_AstronautGame/AstronautGame/Road/traffic3.png
  artifactKey: Guid(750692085947f114487a02326d8401e0) Importer(2089858483,0ecaa5967403d082aa24f35e1b516d23)
Start importing Assets/LUTE_Starter Scenes/Mapbox/Examples/2_AstronautGame/AstronautGame/Road/traffic3.png using Guid(750692085947f114487a02326d8401e0) Importer(2089858483,0ecaa5967403d082aa24f35e1b516d23) (ScriptedImporter) -> (artifact id: 'd55180d6f4a4188c3aee9e3303932772') in 0.0494186 seconds
Number of updated asset objects reloaded before import = 0Number of asset objects unloaded after import = 1

========================================================================
Received Import Request.
  Time since last request: 0.000071 seconds.
  path: Assets/LUTE_Starter Scenes/Mapbox/Examples/2_AstronautGame/AstronautGame/Road/RoadMaterial.mat
  artifactKey: Guid(5ac0ac96d738c0845b30185d2838f299) Importer(2089858483,0ecaa5967403d082aa24f35e1b516d23)
Start importing Assets/LUTE_Starter Scenes/Mapbox/Examples/2_AstronautGame/AstronautGame/Road/RoadMaterial.mat using Guid(5ac0ac96d738c0845b30185d2838f299) Importer(2089858483,0ecaa5967403d082aa24f35e1b516d23) (ScriptedImporter) -> (artifact id: 'e59e20ba1b813ec1f0737acbfab5eeb5') in 0.116278 seconds
Number of updated asset objects reloaded before import = 0Number of asset objects unloaded after import = 3

========================================================================
Received Import Request.
  Time since last request: 0.000021 seconds.
  path: Assets/LUTE_Starter Scenes/Scenes/Games/AR/Textures/AppIcon_AR_TEST.png
  artifactKey: Guid(6729419ee1000cc43a589cdf6625172e) Importer(2089858483,0ecaa5967403d082aa24f35e1b516d23)
Start importing Assets/LUTE_Starter Scenes/Scenes/Games/AR/Textures/AppIcon_AR_TEST.png using Guid(6729419ee1000cc43a589cdf6625172e) Importer(2089858483,0ecaa5967403d082aa24f35e1b516d23) (ScriptedImporter) -> (artifact id: '1eebc3f6be710afb8c239887f8dcc1f5') in 0.0406711 seconds
Number of updated asset objects reloaded before import = 0Number of asset objects unloaded after import = 3

========================================================================
Received Import Request.
  Time since last request: 0.000030 seconds.
  path: Assets/LUTE_Starter Scenes/Mapbox/Core/mapbox-sdk-cs/Platform/Cache/SQLiteCache/SQLiteCache.cs
  artifactKey: Guid(8aeee08edfa6c46648cf1dc623b72a1e) Importer(2089858483,0ecaa5967403d082aa24f35e1b516d23)
Start importing Assets/LUTE_Starter Scenes/Mapbox/Core/mapbox-sdk-cs/Platform/Cache/SQLiteCache/SQLiteCache.cs using Guid(8aeee08edfa6c46648cf1dc623b72a1e) Importer(2089858483,0ecaa5967403d082aa24f35e1b516d23) (ScriptedImporter) -> (artifact id: '13d2b08624e726375969ebeb54bd96d1') in 0.0194843 seconds
Number of updated asset objects reloaded before import = 0Number of asset objects unloaded after import = 0

========================================================================
Received Import Request.
  Time since last request: 0.000031 seconds.
  path: Assets/LUTE_Starter Scenes/Mapbox/Examples/1_DataExplorer/Modules/TrafficLayer/HeavyTraffic/ExplorerHeavyTrafficMaterial.asset
  artifactKey: Guid(17b68cad6e3601a4c8af860636751268) Importer(2089858483,0ecaa5967403d082aa24f35e1b516d23)
Start importing Assets/LUTE_Starter Scenes/Mapbox/Examples/1_DataExplorer/Modules/TrafficLayer/HeavyTraffic/ExplorerHeavyTrafficMaterial.asset using Guid(17b68cad6e3601a4c8af860636751268) Importer(2089858483,0ecaa5967403d082aa24f35e1b516d23) (ScriptedImporter) -> (artifact id: 'c6eaa1497c7f9b8c9741c9843545f2ca') in 0.0321081 seconds
Number of updated asset objects reloaded before import = 0Number of asset objects unloaded after import = 1

========================================================================
Received Import Request.
  Time since last request: 0.000024 seconds.
  path: Assets/LUTE_Starter Scenes/Mapbox/Core/mapbox-sdk-cs/Platform/Cache/SQLiteCache/Tilesets.cs
  artifactKey: Guid(bb0cc61c516c1984f8ab3ac0ce3c3e64) Importer(2089858483,0ecaa5967403d082aa24f35e1b516d23)
Start importing Assets/LUTE_Starter Scenes/Mapbox/Core/mapbox-sdk-cs/Platform/Cache/SQLiteCache/Tilesets.cs using Guid(bb0cc61c516c1984f8ab3ac0ce3c3e64) Importer(2089858483,0ecaa5967403d082aa24f35e1b516d23) (ScriptedImporter) -> (artifact id: '6173198ffdb22d5c1126ae692017b5d1') in 0.0216397 seconds
Number of updated asset objects reloaded before import = 0Number of asset objects unloaded after import = 0

========================================================================
Received Import Request.
  Time since last request: 0.000073 seconds.
  path: Assets/LUTE_Starter Scenes/Mapbox/Resources/MapboxStyles/Styles/MapboxSampleStyles/Fantasy/FantasyIcon.png
  artifactKey: Guid(e05ca07235f774564ac030037ceadf8c) Importer(2089858483,0ecaa5967403d082aa24f35e1b516d23)
Start importing Assets/LUTE_Starter Scenes/Mapbox/Resources/MapboxStyles/Styles/MapboxSampleStyles/Fantasy/FantasyIcon.png using Guid(e05ca07235f774564ac030037ceadf8c) Importer(2089858483,0ecaa5967403d082aa24f35e1b516d23) (ScriptedImporter) -> (artifact id: 'c604aa913319a6422b9689dab38c9165') in 0.0514836 seconds
Number of updated asset objects reloaded before import = 0Number of asset objects unloaded after import = 1

========================================================================
Received Import Request.
  Time since last request: 0.000024 seconds.
  path: Assets/LUTE_Starter Scenes/Mapbox/Examples/1_DataExplorer/Modules/TrafficLayer/LowTraffic/LowTrafficMaterial.mat
  artifactKey: Guid(aaa94592a6eb9c8418d32b37b10f288d) Importer(2089858483,0ecaa5967403d082aa24f35e1b516d23)
Start importing Assets/LUTE_Starter Scenes/Mapbox/Examples/1_DataExplorer/Modules/TrafficLayer/LowTraffic/LowTrafficMaterial.mat using Guid(aaa94592a6eb9c8418d32b37b10f288d) Importer(2089858483,0ecaa5967403d082aa24f35e1b516d23) (ScriptedImporter) -> (artifact id: '2b416f9a866876ed37ab09d73ba4a8b6') in 0.0399751 seconds
Number of updated asset objects reloaded before import = 0Number of asset objects unloaded after import = 1

========================================================================
Received Import Request.
  Time since last request: 0.000026 seconds.
  path: Assets/LUTE_Starter Scenes/Mapbox/Core/mapbox-sdk-cs/Tests/UnitTests/Editor/MapboxUnitTests_TileResource.cs
  artifactKey: Guid(a7052b373a72748da8c09b8288e433fc) Importer(2089858483,0ecaa5967403d082aa24f35e1b516d23)
Start importing Assets/LUTE_Starter Scenes/Mapbox/Core/mapbox-sdk-cs/Tests/UnitTests/Editor/MapboxUnitTests_TileResource.cs using Guid(a7052b373a72748da8c09b8288e433fc) Importer(2089858483,0ecaa5967403d082aa24f35e1b516d23) (ScriptedImporter) -> (artifact id: '96402e6dd75c80d2b75083ddcbe3ddec') in 0.0222755 seconds
Number of updated asset objects reloaded before import = 0Number of asset objects unloaded after import = 0

========================================================================
Received Import Request.
  Time since last request: 0.000056 seconds.
  path: Assets/LUTE_Starter Scenes/Scenes/Games/DesignerCreated/Testing/AlbertoDemo/AveburyGame_Alby.unity
  artifactKey: Guid(053dd183d0c272c4faa85f4dd11df878) Importer(2089858483,0ecaa5967403d082aa24f35e1b516d23)
Start importing Assets/LUTE_Starter Scenes/Scenes/Games/DesignerCreated/Testing/AlbertoDemo/AveburyGame_Alby.unity using Guid(053dd183d0c272c4faa85f4dd11df878) Importer(2089858483,0ecaa5967403d082aa24f35e1b516d23) (ScriptedImporter) -> (artifact id: '163c14dce1859c758852d73eefb1b790') in 0.3777658 seconds
Number of updated asset objects reloaded before import = 0Number of asset objects unloaded after import = 1

========================================================================
Received Import Request.
  Time since last request: 0.000038 seconds.
  path: Assets/LUTE_Starter Scenes/Mapbox/Examples/1_DataExplorer/Modules/TrafficLayer/SevereTraffic/ExplorerSevereTrafficMaterial.asset
  artifactKey: Guid(cd82d41d9097fef4fb5dafaebde20bfa) Importer(2089858483,0ecaa5967403d082aa24f35e1b516d23)
Start importing Assets/LUTE_Starter Scenes/Mapbox/Examples/1_DataExplorer/Modules/TrafficLayer/SevereTraffic/ExplorerSevereTrafficMaterial.asset using Guid(cd82d41d9097fef4fb5dafaebde20bfa) Importer(2089858483,0ecaa5967403d082aa24f35e1b516d23) (ScriptedImporter) -> (artifact id: 'de305ea8c91792c8ae978d1e3b694254') in 0.0479817 seconds
Number of updated asset objects reloaded before import = 0Number of asset objects unloaded after import = 4

========================================================================
Received Import Request.
  Time since last request: 0.000033 seconds.
  path: Assets/LUTE_Starter Scenes/Scenes/Games/DesignerCreated/Testing/AlbertoDemo/Prefabs/Banks_back.mat
  artifactKey: Guid(06023578610028c458af60d9bee48931) Importer(2089858483,0ecaa5967403d082aa24f35e1b516d23)
Start importing Assets/LUTE_Starter Scenes/Scenes/Games/DesignerCreated/Testing/AlbertoDemo/Prefabs/Banks_back.mat using Guid(06023578610028c458af60d9bee48931) Importer(2089858483,0ecaa5967403d082aa24f35e1b516d23) (ScriptedImporter) -> (artifact id: 'c5c915dd3ee86f3d0c864e7b5ac5671d') in 0.0578264 seconds
Number of updated asset objects reloaded before import = 0Number of asset objects unloaded after import = 2

========================================================================
Received Import Request.
  Time since last request: 0.000020 seconds.
  path: Assets/LUTE_Starter Scenes/Mapbox/Examples/1_DataExplorer/Modules/TrafficLayer/LowTraffic/ExplorerLowTraffic.asset
  artifactKey: Guid(2173c757ed80653408357eeafb90b8b4) Importer(2089858483,0ecaa5967403d082aa24f35e1b516d23)
Start importing Assets/LUTE_Starter Scenes/Mapbox/Examples/1_DataExplorer/Modules/TrafficLayer/LowTraffic/ExplorerLowTraffic.asset using Guid(2173c757ed80653408357eeafb90b8b4) Importer(2089858483,0ecaa5967403d082aa24f35e1b516d23) (ScriptedImporter) -> (artifact id: '5215a5466737c214af5c24414d20444d') in 0.059747 seconds
Number of updated asset objects reloaded before import = 0Number of asset objects unloaded after import = 4

========================================================================
Received Import Request.
  Time since last request: 0.000023 seconds.
  path: Assets/LUTE_Starter Scenes/Scenes/Games/DesignerCreated/Testing/Stickers/Scripts/StickerManager.cs
  artifactKey: Guid(8f136f68a52f9e24786cb1d6615e4253) Importer(2089858483,0ecaa5967403d082aa24f35e1b516d23)
Start importing Assets/LUTE_Starter Scenes/Scenes/Games/DesignerCreated/Testing/Stickers/Scripts/StickerManager.cs using Guid(8f136f68a52f9e24786cb1d6615e4253) Importer(2089858483,0ecaa5967403d082aa24f35e1b516d23) (ScriptedImporter) -> (artifact id: '588e66b7b85c194296b6e34349973d08') in 0.0248753 seconds
Number of updated asset objects reloaded before import = 0Number of asset objects unloaded after import = 0

========================================================================
Received Import Request.
  Time since last request: 0.000086 seconds.
  path: Assets/LUTE/ThirdPartyAssets/XR/Samples/XR Interaction Toolkit/3.0.7/AR Starter Assets/Scripts/ARInteractorSpawnTrigger.cs
  artifactKey: Guid(35df92a24f2d2de4489a9e598132cedc) Importer(2089858483,0ecaa5967403d082aa24f35e1b516d23)
Start importing Assets/LUTE/ThirdPartyAssets/XR/Samples/XR Interaction Toolkit/3.0.7/AR Starter Assets/Scripts/ARInteractorSpawnTrigger.cs using Guid(35df92a24f2d2de4489a9e598132cedc) Importer(2089858483,0ecaa5967403d082aa24f35e1b516d23) (ScriptedImporter) -> (artifact id: '7a0925fb89e346c1271007b8f6aa1b6f') in 0.0325804 seconds
Number of updated asset objects reloaded before import = 0Number of asset objects unloaded after import = 0

========================================================================
Received Import Request.
  Time since last request: 0.000271 seconds.
  path: Assets/LUTE_Starter Scenes/Scenes/Games/DesignerCreated/Testing/AlbertoDemo/Scripts/HistoryInventoryItem.cs
  artifactKey: Guid(dc128575df606c741889484c61bf33b2) Importer(2089858483,0ecaa5967403d082aa24f35e1b516d23)
Start importing Assets/LUTE_Starter Scenes/Scenes/Games/DesignerCreated/Testing/AlbertoDemo/Scripts/HistoryInventoryItem.cs using Guid(dc128575df606c741889484c61bf33b2) Importer(2089858483,0ecaa5967403d082aa24f35e1b516d23) (ScriptedImporter) -> (artifact id: '4294a97b2da4ac7689c24208135f878c') in 0.0278945 seconds
Number of updated asset objects reloaded before import = 0Number of asset objects unloaded after import = 0

========================================================================
Received Import Request.
  Time since last request: 0.000109 seconds.
  path: Assets/LUTE_Starter Scenes/Scenes/Games/DesignerCreated/Testing/Stickers/Scripts/StickerMenu.cs
  artifactKey: Guid(20184c4e77fe5d044b394fe8db596f33) Importer(2089858483,0ecaa5967403d082aa24f35e1b516d23)
Start importing Assets/LUTE_Starter Scenes/Scenes/Games/DesignerCreated/Testing/Stickers/Scripts/StickerMenu.cs using Guid(20184c4e77fe5d044b394fe8db596f33) Importer(2089858483,0ecaa5967403d082aa24f35e1b516d23) (ScriptedImporter) -> (artifact id: 'e55fedb59ab2eda5ca39939dc2c3c779') in 0.0206291 seconds
Number of updated asset objects reloaded before import = 0Number of asset objects unloaded after import = 0

========================================================================
Received Import Request.
  Time since last request: 0.000041 seconds.
  path: Assets/LUTE/ThirdPartyAssets/XR/Samples/XR Interaction Toolkit/3.0.7/AR Starter Assets/Editor/ARStarterAssets.Editor.asmdef
  artifactKey: Guid(81e756a21b3040f409b20a09c888ef3d) Importer(2089858483,0ecaa5967403d082aa24f35e1b516d23)
Start importing Assets/LUTE/ThirdPartyAssets/XR/Samples/XR Interaction Toolkit/3.0.7/AR Starter Assets/Editor/ARStarterAssets.Editor.asmdef using Guid(81e756a21b3040f409b20a09c888ef3d) Importer(2089858483,0ecaa5967403d082aa24f35e1b516d23) (ScriptedImporter) -> (artifact id: 'c391882ce895f55a31ec7d11bb4d59ab') in 0.0333416 seconds
Number of updated asset objects reloaded before import = 0Number of asset objects unloaded after import = 1

========================================================================
Received Import Request.
  Time since last request: 0.000039 seconds.
  path: Assets/LUTE/ThirdPartyAssets/XR/Samples/XR Interaction Toolkit/3.0.7/AR Starter Assets/Prefabs/AR Feathered Plane.prefab
  artifactKey: Guid(312cdcf6cda956d4f97e657ac067d8ee) Importer(2089858483,0ecaa5967403d082aa24f35e1b516d23)
Start importing Assets/LUTE/ThirdPartyAssets/XR/Samples/XR Interaction Toolkit/3.0.7/AR Starter Assets/Prefabs/AR Feathered Plane.prefab using Guid(312cdcf6cda956d4f97e657ac067d8ee) Importer(2089858483,0ecaa5967403d082aa24f35e1b516d23) (ScriptedImporter) -> (artifact id: '6d9e8608a997259e18f0ec6393b7b4c2') in 0.0430371 seconds
Number of updated asset objects reloaded before import = 0Number of asset objects unloaded after import = 10

========================================================================
Received Import Request.
  Time since last request: 0.000019 seconds.
  path: Assets/LUTE_Starter Scenes/Scenes/Games/DesignerCreated/Testing/AlbertoDemo/Prefabs/model_Barberstone.fbx
  artifactKey: Guid(8198adb29cc3d224491e2b3ced038b4b) Importer(2089858483,0ecaa5967403d082aa24f35e1b516d23)
Start importing Assets/LUTE_Starter Scenes/Scenes/Games/DesignerCreated/Testing/AlbertoDemo/Prefabs/model_Barberstone.fbx using Guid(8198adb29cc3d224491e2b3ced038b4b) Importer(2089858483,0ecaa5967403d082aa24f35e1b516d23) (ScriptedImporter) -> (artifact id: '18becb0acdecf0dcb2adbedb538987f4') in 0.0738105 seconds
Number of updated asset objects reloaded before import = 0Number of asset objects unloaded after import = 11

========================================================================
Received Import Request.
  Time since last request: 0.000024 seconds.
  path: Assets/LUTE_Starter Scenes/Scenes/Games/DesignerCreated/Testing/AlbertoDemo/Prefabs/diff_barberstone_back.jpg
  artifactKey: Guid(dfc7ebc716c851d4eaaa38ff3b918a44) Importer(2089858483,0ecaa5967403d082aa24f35e1b516d23)
Start importing Assets/LUTE_Starter Scenes/Scenes/Games/DesignerCreated/Testing/AlbertoDemo/Prefabs/diff_barberstone_back.jpg using Guid(dfc7ebc716c851d4eaaa38ff3b918a44) Importer(2089858483,0ecaa5967403d082aa24f35e1b516d23) (ScriptedImporter) -> (artifact id: '80eddfba7db654494162e1e84e5efb10') in 0.0374445 seconds
Number of updated asset objects reloaded before import = 0Number of asset objects unloaded after import = 3

========================================================================
Received Import Request.
  Time since last request: 0.000025 seconds.
  path: Assets/LUTE_Starter Scenes/Mapbox/Resources/MapboxStyles/Styles/MapboxSampleStyles/Simple/SimpleWarmIcon.png
  artifactKey: Guid(116cb03dcbf31428aa0639bb8f980e8c) Importer(2089858483,0ecaa5967403d082aa24f35e1b516d23)
Start importing Assets/LUTE_Starter Scenes/Mapbox/Resources/MapboxStyles/Styles/MapboxSampleStyles/Simple/SimpleWarmIcon.png using Guid(116cb03dcbf31428aa0639bb8f980e8c) Importer(2089858483,0ecaa5967403d082aa24f35e1b516d23) (ScriptedImporter) -> (artifact id: 'e0778c139b10409bfcf720044d7171bd') in 0.0380384 seconds
Number of updated asset objects reloaded before import = 0Number of asset objects unloaded after import = 1

========================================================================
Received Import Request.
  Time since last request: 0.000239 seconds.
  path: Assets/LUTE/ThirdPartyAssets/XR/Samples/XR Interaction Toolkit/3.0.7/AR Starter Assets/Scripts/ARFeatheredPlaneMeshVisualizer.cs
  artifactKey: Guid(a9f055cf210ecdb4c88d6b97463394d3) Importer(2089858483,0ecaa5967403d082aa24f35e1b516d23)
Start importing Assets/LUTE/ThirdPartyAssets/XR/Samples/XR Interaction Toolkit/3.0.7/AR Starter Assets/Scripts/ARFeatheredPlaneMeshVisualizer.cs using Guid(a9f055cf210ecdb4c88d6b97463394d3) Importer(2089858483,0ecaa5967403d082aa24f35e1b516d23) (ScriptedImporter) -> (artifact id: '49d2b0602140fa77511c905010478d9e') in 0.0190587 seconds
Number of updated asset objects reloaded before import = 0Number of asset objects unloaded after import = 0

========================================================================
Received Import Request.
  Time since last request: 0.000084 seconds.
  path: Assets/LUTE_Starter Scenes/Mapbox/Core/Plugins/Mapbox/vector-tile-cs/portable-net45+uap10/Mapbox.VectorTile.ExtensionMethods.dll
  artifactKey: Guid(aa8511f503d809c42a273bde2c2f2021) Importer(2089858483,0ecaa5967403d082aa24f35e1b516d23)
Start importing Assets/LUTE_Starter Scenes/Mapbox/Core/Plugins/Mapbox/vector-tile-cs/portable-net45+uap10/Mapbox.VectorTile.ExtensionMethods.dll using Guid(aa8511f503d809c42a273bde2c2f2021) Importer(2089858483,0ecaa5967403d082aa24f35e1b516d23) (ScriptedImporter) -> (artifact id: 'f9b19bb29ca5fe76acfb0a52044464e7') in 0.0203229 seconds
Number of updated asset objects reloaded before import = 0Number of asset objects unloaded after import = 0

========================================================================
Received Import Request.
  Time since last request: 0.000086 seconds.
  path: Assets/LUTE_Starter Scenes/Mapbox/Core/mapbox-sdk-cs/Tests/UnitTests/Editor/MapboxUnitTests_TileCover.cs
  artifactKey: Guid(5990cb1e4cf9440e1ab76a610a3364fc) Importer(2089858483,0ecaa5967403d082aa24f35e1b516d23)
Start importing Assets/LUTE_Starter Scenes/Mapbox/Core/mapbox-sdk-cs/Tests/UnitTests/Editor/MapboxUnitTests_TileCover.cs using Guid(5990cb1e4cf9440e1ab76a610a3364fc) Importer(2089858483,0ecaa5967403d082aa24f35e1b516d23) (ScriptedImporter) -> (artifact id: '43b5e82b37f1a1cf711a0504f6f6232f') in 0.0200242 seconds
Number of updated asset objects reloaded before import = 0Number of asset objects unloaded after import = 0

========================================================================
Received Import Request.
  Time since last request: 0.000071 seconds.
  path: Assets/LUTE_Starter Scenes/Scenes/Games/DesignerCreated/Testing/AlbertoDemo/Scripts/ObjectSpinner.cs
  artifactKey: Guid(fa8b390f3c4aefc449a402000dca6e22) Importer(2089858483,0ecaa5967403d082aa24f35e1b516d23)
Start importing Assets/LUTE_Starter Scenes/Scenes/Games/DesignerCreated/Testing/AlbertoDemo/Scripts/ObjectSpinner.cs using Guid(fa8b390f3c4aefc449a402000dca6e22) Importer(2089858483,0ecaa5967403d082aa24f35e1b516d23) (ScriptedImporter) -> (artifact id: '27cbae203e847674dd5dd9504e23571d') in 0.0193816 seconds
Number of updated asset objects reloaded before import = 0Number of asset objects unloaded after import = 0

========================================================================
Received Import Request.
  Time since last request: 0.000045 seconds.
  path: Assets/LUTE_Starter Scenes/Mapbox/Core/mapbox-sdk-cs/Tests/UnitTests/Editor/MapboxUnitTests_GeoCoordinate.cs
  artifactKey: Guid(9ce0cc51863054b17aed4f4fdfb8a2d3) Importer(2089858483,0ecaa5967403d082aa24f35e1b516d23)
Start importing Assets/LUTE_Starter Scenes/Mapbox/Core/mapbox-sdk-cs/Tests/UnitTests/Editor/MapboxUnitTests_GeoCoordinate.cs using Guid(9ce0cc51863054b17aed4f4fdfb8a2d3) Importer(2089858483,0ecaa5967403d082aa24f35e1b516d23) (ScriptedImporter) -> (artifact id: 'dfd138c324201cdf629da28807a19b21') in 0.0195586 seconds
Number of updated asset objects reloaded before import = 0Number of asset objects unloaded after import = 0

========================================================================
Received Import Request.
  Time since last request: 0.000037 seconds.
  path: Assets/LUTE_Starter Scenes/Scenes/Games/DesignerCreated/Testing/AlbertoDemo/Prefabs/TempleAvebury_Front.mat
  artifactKey: Guid(55e7ce3562720fa4a97ffba073df2c4b) Importer(2089858483,0ecaa5967403d082aa24f35e1b516d23)
Start importing Assets/LUTE_Starter Scenes/Scenes/Games/DesignerCreated/Testing/AlbertoDemo/Prefabs/TempleAvebury_Front.mat using Guid(55e7ce3562720fa4a97ffba073df2c4b) Importer(2089858483,0ecaa5967403d082aa24f35e1b516d23) (ScriptedImporter) -> (artifact id: '37abdc35085dbcba330d3df60a5c733d') in 0.0300569 seconds
Number of updated asset objects reloaded before import = 0Number of asset objects unloaded after import = 2

========================================================================
Received Import Request.
  Time since last request: 0.000025 seconds.
  path: Assets/LUTE_Starter Scenes/Mapbox/Core/mapbox-sdk-cs/Platform/SQLite/SQLite.cs
  artifactKey: Guid(aee17b4969829456097c55d1bc42f57b) Importer(2089858483,0ecaa5967403d082aa24f35e1b516d23)
Start importing Assets/LUTE_Starter Scenes/Mapbox/Core/mapbox-sdk-cs/Platform/SQLite/SQLite.cs using Guid(aee17b4969829456097c55d1bc42f57b) Importer(2089858483,0ecaa5967403d082aa24f35e1b516d23) (ScriptedImporter) -> (artifact id: '5f7b9b1ef833935a4756622a1f40b689') in 0.015986 seconds
Number of updated asset objects reloaded before import = 0Number of asset objects unloaded after import = 0

========================================================================
Received Import Request.
  Time since last request: 0.000041 seconds.
  path: Assets/LUTE_Starter Scenes/Scenes/Games/AR/Materials/Unlit_FeatheredPlaneShader.mat
  artifactKey: Guid(e4de2fa2efaa31843830928018dffcdb) Importer(2089858483,0ecaa5967403d082aa24f35e1b516d23)
Start importing Assets/LUTE_Starter Scenes/Scenes/Games/AR/Materials/Unlit_FeatheredPlaneShader.mat using Guid(e4de2fa2efaa31843830928018dffcdb) Importer(2089858483,0ecaa5967403d082aa24f35e1b516d23) (ScriptedImporter) -> (artifact id: '18ad87279ef1fa746d81341877e21b22') in 0.0343996 seconds
Number of updated asset objects reloaded before import = 0Number of asset objects unloaded after import = 2

========================================================================
Received Import Request.
  Time since last request: 0.000018 seconds.
  path: Assets/LUTE_Starter Scenes/Scenes/Games/DesignerCreated/Testing/AlbertoDemo/Prefabs/Cove_front.mat
  artifactKey: Guid(04d655f9a726cf24b8c056d9cd7013ab) Importer(2089858483,0ecaa5967403d082aa24f35e1b516d23)
Start importing Assets/LUTE_Starter Scenes/Scenes/Games/DesignerCreated/Testing/AlbertoDemo/Prefabs/Cove_front.mat using Guid(04d655f9a726cf24b8c056d9cd7013ab) Importer(2089858483,0ecaa5967403d082aa24f35e1b516d23) (ScriptedImporter) -> (artifact id: 'd81ff19bd5e83a73405ed4a787abca89') in 0.036041 seconds
Number of updated asset objects reloaded before import = 0Number of asset objects unloaded after import = 2

========================================================================
Received Import Request.
  Time since last request: 0.000037 seconds.
  path: Assets/LUTE/ThirdPartyAssets/XR/Samples/XR Interaction Toolkit/3.0.7/Starter Assets/Scripts/ControllerAnimator.cs
  artifactKey: Guid(4ee986ed022fa5048b3ae26181182a7f) Importer(2089858483,0ecaa5967403d082aa24f35e1b516d23)
Start importing Assets/LUTE/ThirdPartyAssets/XR/Samples/XR Interaction Toolkit/3.0.7/Starter Assets/Scripts/ControllerAnimator.cs using Guid(4ee986ed022fa5048b3ae26181182a7f) Importer(2089858483,0ecaa5967403d082aa24f35e1b516d23) (ScriptedImporter) -> (artifact id: 'ffb314a2af3e022cb6f8f1adb8263986') in 0.0171548 seconds
Number of updated asset objects reloaded before import = 0Number of asset objects unloaded after import = 0

========================================================================
Received Import Request.
  Time since last request: 0.000068 seconds.
  path: Assets/LUTE_Starter Scenes/Scenes/Games/DesignerCreated/Testing/AlbertoDemo/Resources/Locations/LOCINFO3.asset
  artifactKey: Guid(780726421f0dbb845bd9b50054fd929e) Importer(2089858483,0ecaa5967403d082aa24f35e1b516d23)
Start importing Assets/LUTE_Starter Scenes/Scenes/Games/DesignerCreated/Testing/AlbertoDemo/Resources/Locations/LOCINFO3.asset using Guid(780726421f0dbb845bd9b50054fd929e) Importer(2089858483,0ecaa5967403d082aa24f35e1b516d23) (ScriptedImporter) -> (artifact id: '7f6f81f28f926b6cd4c00a53a059ea43') in 0.0331495 seconds
Number of updated asset objects reloaded before import = 0Number of asset objects unloaded after import = 4

========================================================================
Received Import Request.
  Time since last request: 0.000027 seconds.
  path: Assets/LUTE/ThirdPartyAssets/XR/Samples/XR Interaction Toolkit/3.0.7/Starter Assets/Materials/Interactable.mat
  artifactKey: Guid(8e78588d0525da9418f46cebc243ea64) Importer(2089858483,0ecaa5967403d082aa24f35e1b516d23)
Start importing Assets/LUTE/ThirdPartyAssets/XR/Samples/XR Interaction Toolkit/3.0.7/Starter Assets/Materials/Interactable.mat using Guid(8e78588d0525da9418f46cebc243ea64) Importer(2089858483,0ecaa5967403d082aa24f35e1b516d23) (ScriptedImporter) -> (artifact id: '40db27c16d2ff9b06300f8e271d1d6b9') in 0.0314224 seconds
Number of updated asset objects reloaded before import = 0Number of asset objects unloaded after import = 1

========================================================================
Received Import Request.
  Time since last request: 0.000022 seconds.
  path: Assets/LUTE/ThirdPartyAssets/XR/Samples/XR Interaction Toolkit/3.0.7/Starter Assets/Models/UniversalController.fbx
  artifactKey: Guid(2de73a9f7e8c49d49b0fc02c79410a88) Importer(2089858483,0ecaa5967403d082aa24f35e1b516d23)
Start importing Assets/LUTE/ThirdPartyAssets/XR/Samples/XR Interaction Toolkit/3.0.7/Starter Assets/Models/UniversalController.fbx using Guid(2de73a9f7e8c49d49b0fc02c79410a88) Importer(2089858483,0ecaa5967403d082aa24f35e1b516d23) (ScriptedImporter) -> (artifact id: 'ab0d0826c8a4344c189ab9a97c2b4cbe') in 0.0662921 seconds
Number of updated asset objects reloaded before import = 0Number of asset objects unloaded after import = 51

========================================================================
Received Import Request.
  Time since last request: 0.000019 seconds.
  path: Assets/LUTE/ThirdPartyAssets/XR/Samples/XR Interaction Toolkit/3.0.7/Starter Assets/Presets/XRI Default Snap Turn.preset
  artifactKey: Guid(e4095511b9a723247ba411ed492b098a) Importer(2089858483,0ecaa5967403d082aa24f35e1b516d23)
Start importing Assets/LUTE/ThirdPartyAssets/XR/Samples/XR Interaction Toolkit/3.0.7/Starter Assets/Presets/XRI Default Snap Turn.preset using Guid(e4095511b9a723247ba411ed492b098a) Importer(2089858483,0ecaa5967403d082aa24f35e1b516d23) (ScriptedImporter) -> (artifact id: '5ebc1a72b2f74db3a7c46c80e9c30cb7') in 0.2149743 seconds
Number of updated asset objects reloaded before import = 0Number of asset objects unloaded after import = 1

========================================================================
Received Import Request.
  Time since last request: 0.000017 seconds.
  path: Assets/LUTE_Starter Scenes/Scenes/Games/DesignerCreated/Testing/AlbertoDemo/Sprites/Portraits/portrait_clara.png
  artifactKey: Guid(a035b6a7a5fd0f84badccd8e27bf6c8d) Importer(2089858483,0ecaa5967403d082aa24f35e1b516d23)
Start importing Assets/LUTE_Starter Scenes/Scenes/Games/DesignerCreated/Testing/AlbertoDemo/Sprites/Portraits/portrait_clara.png using Guid(a035b6a7a5fd0f84badccd8e27bf6c8d) Importer(2089858483,0ecaa5967403d082aa24f35e1b516d23) (ScriptedImporter) -> (artifact id: 'bb43fef21ef60718a8d9140abd6b6893') in 0.076793 seconds
Number of updated asset objects reloaded before import = 0Number of asset objects unloaded after import = 3

========================================================================
Received Import Request.
  Time since last request: 0.000882 seconds.
  path: Assets/LUTE_Starter Scenes/Scenes/Games/DesignerCreated/Testing/AlbertoDemo/Sprites/Portraits/portrait_katrine.png
  artifactKey: Guid(7f3abbdcc524ec249ac8b70c47bc0c46) Importer(2089858483,0ecaa5967403d082aa24f35e1b516d23)
Start importing Assets/LUTE_Starter Scenes/Scenes/Games/DesignerCreated/Testing/AlbertoDemo/Sprites/Portraits/portrait_katrine.png using Guid(7f3abbdcc524ec249ac8b70c47bc0c46) Importer(2089858483,0ecaa5967403d082aa24f35e1b516d23) (ScriptedImporter) -> (artifact id: '7054ac82e2328551b13e66e4da2217c9') in 0.0864128 seconds
Number of updated asset objects reloaded before import = 0Number of asset objects unloaded after import = 3

========================================================================
Received Import Request.
  Time since last request: 0.000026 seconds.
  path: Assets/LUTE/ThirdPartyAssets/XR/Samples/XR Interaction Toolkit/3.0.7/Starter Assets/Textures/DefaultMaterial_AO.png
  artifactKey: Guid(f8da1212a6602a44c9dc8b1bc8865056) Importer(2089858483,0ecaa5967403d082aa24f35e1b516d23)
Start importing Assets/LUTE/ThirdPartyAssets/XR/Samples/XR Interaction Toolkit/3.0.7/Starter Assets/Textures/DefaultMaterial_AO.png using Guid(f8da1212a6602a44c9dc8b1bc8865056) Importer(2089858483,0ecaa5967403d082aa24f35e1b516d23) (ScriptedImporter) -> (artifact id: '97232fba62ab6293f5808dd7fbf94c00') in 0.106709 seconds
Number of updated asset objects reloaded before import = 0Number of asset objects unloaded after import = 1

========================================================================
Received Import Request.
  Time since last request: 0.000034 seconds.
  path: Assets/LUTE/ThirdPartyAssets/XR/Samples/XR Interaction Toolkit/3.0.7/Starter Assets/Materials/UI-NoZTest.mat
  artifactKey: Guid(6e8e68d1409c02c4095364000a354725) Importer(2089858483,0ecaa5967403d082aa24f35e1b516d23)
Start importing Assets/LUTE/ThirdPartyAssets/XR/Samples/XR Interaction Toolkit/3.0.7/Starter Assets/Materials/UI-NoZTest.mat using Guid(6e8e68d1409c02c4095364000a354725) Importer(2089858483,0ecaa5967403d082aa24f35e1b516d23) (ScriptedImporter) -> (artifact id: '8bb85ed3dc359fd338961fd3eb3b9cac') in 0.0362413 seconds
Number of updated asset objects reloaded before import = 0Number of asset objects unloaded after import = 1

========================================================================
Received Import Request.
  Time since last request: 0.000025 seconds.
  path: Assets/LUTE_Starter Scenes/Mapbox/Core/Plugins/iOS/MapboxMobileEvents/include/MapboxMobileEvents/MMETypes.h
  artifactKey: Guid(7743c930e90e943f4941ec6e3ad1a58f) Importer(2089858483,0ecaa5967403d082aa24f35e1b516d23)
Start importing Assets/LUTE_Starter Scenes/Mapbox/Core/Plugins/iOS/MapboxMobileEvents/include/MapboxMobileEvents/MMETypes.h using Guid(7743c930e90e943f4941ec6e3ad1a58f) Importer(2089858483,0ecaa5967403d082aa24f35e1b516d23) (ScriptedImporter) -> (artifact id: '7b512bd140ebc9c57730b0060b258b0a') in 0.0231981 seconds
Number of updated asset objects reloaded before import = 0Number of asset objects unloaded after import = 0

========================================================================
Received Import Request.
  Time since last request: 0.000075 seconds.
  path: Assets/LUTE/ThirdPartyAssets/XR/Samples/XR Interaction Toolkit/3.0.7/Starter Assets/Scripts/DynamicMoveProvider.cs
  artifactKey: Guid(1139c0941983e174ca76054a7cddbf0f) Importer(2089858483,0ecaa5967403d082aa24f35e1b516d23)
Start importing Assets/LUTE/ThirdPartyAssets/XR/Samples/XR Interaction Toolkit/3.0.7/Starter Assets/Scripts/DynamicMoveProvider.cs using Guid(1139c0941983e174ca76054a7cddbf0f) Importer(2089858483,0ecaa5967403d082aa24f35e1b516d23) (ScriptedImporter) -> (artifact id: 'b5e27097b49c5cb59ce7e692ad42bd45') in 0.0228679 seconds
Number of updated asset objects reloaded before import = 0Number of asset objects unloaded after import = 0

========================================================================
Received Import Request.
  Time since last request: 0.000036 seconds.
  path: Assets/LUTE/ThirdPartyAssets/XR/Samples/XR Interaction Toolkit/3.0.7/AR Starter Assets/ARDemoSceneAssets/Prefabs/Pyramid.prefab
  artifactKey: Guid(df350bf3650c7ed4aa3810cb25c9d2fb) Importer(2089858483,0ecaa5967403d082aa24f35e1b516d23)
Start importing Assets/LUTE/ThirdPartyAssets/XR/Samples/XR Interaction Toolkit/3.0.7/AR Starter Assets/ARDemoSceneAssets/Prefabs/Pyramid.prefab using Guid(df350bf3650c7ed4aa3810cb25c9d2fb) Importer(2089858483,0ecaa5967403d082aa24f35e1b516d23) (ScriptedImporter) -> (artifact id: 'cf98fa58dd334e2213c3720849a640f9') in 0.1219364 seconds
Number of updated asset objects reloaded before import = 0Number of asset objects unloaded after import = 16

========================================================================
Received Import Request.
  Time since last request: 0.000059 seconds.
  path: Assets/LUTE/ThirdPartyAssets/XR/Samples/XR Interaction Toolkit/3.0.7/AR Starter Assets/ARDemoSceneAssets/Models/Primitive_Cube_Debug.fbx
  artifactKey: Guid(f037f5ea1811048419e46fa64ac4a8f8) Importer(2089858483,0ecaa5967403d082aa24f35e1b516d23)
Start importing Assets/LUTE/ThirdPartyAssets/XR/Samples/XR Interaction Toolkit/3.0.7/AR Starter Assets/ARDemoSceneAssets/Models/Primitive_Cube_Debug.fbx using Guid(f037f5ea1811048419e46fa64ac4a8f8) Importer(2089858483,0ecaa5967403d082aa24f35e1b516d23) (ScriptedImporter) -> (artifact id: '15f0da8bf40a2edae4b8f5ec5df25615') in 0.0561597 seconds
Number of updated asset objects reloaded before import = 0Number of asset objects unloaded after import = 25

========================================================================
Received Import Request.
  Time since last request: 0.000032 seconds.
  path: Assets/LUTE/ThirdPartyAssets/XR/Samples/XR Interaction Toolkit/3.0.7/AR Starter Assets/ARDemoSceneAssets/Sprites/Button - Circular BG.png
  artifactKey: Guid(b4432b238d0ae92448cab66d0488f73f) Importer(2089858483,0ecaa5967403d082aa24f35e1b516d23)
Start importing Assets/LUTE/ThirdPartyAssets/XR/Samples/XR Interaction Toolkit/3.0.7/AR Starter Assets/ARDemoSceneAssets/Sprites/Button - Circular BG.png using Guid(b4432b238d0ae92448cab66d0488f73f) Importer(2089858483,0ecaa5967403d082aa24f35e1b516d23) (ScriptedImporter) -> (artifact id: 'aab853f00a0d068d0efc3c7fbcee99fa') in 0.0665394 seconds
Number of updated asset objects reloaded before import = 0Number of asset objects unloaded after import = 3

========================================================================
Received Import Request.
  Time since last request: 0.000038 seconds.
  path: Assets/LUTE_Starter Scenes/Mapbox/Core/Plugins/iOS/MapboxMobileEvents/include/MapboxMobileEvents/MMEEvent.h
  artifactKey: Guid(6c1879202f10e4c3da36b4eac7f010e1) Importer(2089858483,0ecaa5967403d082aa24f35e1b516d23)
Start importing Assets/LUTE_Starter Scenes/Mapbox/Core/Plugins/iOS/MapboxMobileEvents/include/MapboxMobileEvents/MMEEvent.h using Guid(6c1879202f10e4c3da36b4eac7f010e1) Importer(2089858483,0ecaa5967403d082aa24f35e1b516d23) (ScriptedImporter) -> (artifact id: 'af585c8ccde2029d4f262cabf5f3b49a') in 0.0477519 seconds
Number of updated asset objects reloaded before import = 0Number of asset objects unloaded after import = 0

========================================================================
Received Import Request.
  Time since last request: 0.000184 seconds.
  path: Assets/LUTE/ThirdPartyAssets/XR/Samples/XR Interaction Toolkit/3.0.7/AR Starter Assets/ARDemoSceneAssets/Sprites/Button - Rounded Square BG.png
  artifactKey: Guid(a77c3c1adc88b8e4cb0ece28e0b9a7f2) Importer(2089858483,0ecaa5967403d082aa24f35e1b516d23)
Start importing Assets/LUTE/ThirdPartyAssets/XR/Samples/XR Interaction Toolkit/3.0.7/AR Starter Assets/ARDemoSceneAssets/Sprites/Button - Rounded Square BG.png using Guid(a77c3c1adc88b8e4cb0ece28e0b9a7f2) Importer(2089858483,0ecaa5967403d082aa24f35e1b516d23) (ScriptedImporter) -> (artifact id: '09a8be5f58249d2f7af409e7316f693f') in 0.0577583 seconds
Number of updated asset objects reloaded before import = 0Number of asset objects unloaded after import = 3

========================================================================
Received Import Request.
  Time since last request: 0.000019 seconds.
  path: Assets/LUTE/ThirdPartyAssets/XR/Samples/XR Interaction Toolkit/3.0.7/AR Starter Assets/ARDemoSceneAssets/Models/Primitive_Pyramid.fbx
  artifactKey: Guid(bffe34344476a3f4bb7174e02aefc74a) Importer(2089858483,0ecaa5967403d082aa24f35e1b516d23)
Start importing Assets/LUTE/ThirdPartyAssets/XR/Samples/XR Interaction Toolkit/3.0.7/AR Starter Assets/ARDemoSceneAssets/Models/Primitive_Pyramid.fbx using Guid(bffe34344476a3f4bb7174e02aefc74a) Importer(2089858483,0ecaa5967403d082aa24f35e1b516d23) (ScriptedImporter) -> (artifact id: '30aa078c1825e9e0abd6c5232c64220f') in 0.0505928 seconds
Number of updated asset objects reloaded before import = 0Number of asset objects unloaded after import = 7

========================================================================
Received Import Request.
  Time since last request: 0.000024 seconds.
  path: Assets/LUTE_Starter Scenes/Scenes/Games/DesignerCreated/Testing/AlbertoDemo/Resources/Items/CoolHistory.asset
  artifactKey: Guid(808920a88382cc84ba0afdba9aff60d4) Importer(2089858483,0ecaa5967403d082aa24f35e1b516d23)
Start importing Assets/LUTE_Starter Scenes/Scenes/Games/DesignerCreated/Testing/AlbertoDemo/Resources/Items/CoolHistory.asset using Guid(808920a88382cc84ba0afdba9aff60d4) Importer(2089858483,0ecaa5967403d082aa24f35e1b516d23) (ScriptedImporter) -> (artifact id: 'c5e35b3016dda97ee95e63eeb4bcb977') in 0.1465774 seconds
Number of updated asset objects reloaded before import = 0Number of asset objects unloaded after import = 34

========================================================================
Received Import Request.
  Time since last request: 0.000024 seconds.
  path: Assets/LUTE/ThirdPartyAssets/XR/Samples/XR Interaction Toolkit/3.0.7/Starter Assets/DemoSceneAssets/Sprites/Circle_60x60 Outline 4.png
  artifactKey: Guid(17061f77a07ee5045a82586e31348926) Importer(2089858483,0ecaa5967403d082aa24f35e1b516d23)
Start importing Assets/LUTE/ThirdPartyAssets/XR/Samples/XR Interaction Toolkit/3.0.7/Starter Assets/DemoSceneAssets/Sprites/Circle_60x60 Outline 4.png using Guid(17061f77a07ee5045a82586e31348926) Importer(2089858483,0ecaa5967403d082aa24f35e1b516d23) (ScriptedImporter) -> (artifact id: '56343f8c4e55f904272ba1e9a17a3859') in 0.2748448 seconds
Number of updated asset objects reloaded before import = 0Number of asset objects unloaded after import = 3

========================================================================
Received Import Request.
  Time since last request: 0.000038 seconds.
  path: Assets/LUTE/ThirdPartyAssets/XR/Samples/XR Interaction Toolkit/3.0.7/Starter Assets/DemoSceneAssets/Prefabs/Gaze Interactables.prefab
  artifactKey: Guid(bc80b61b033967d458bc20f76280ea33) Importer(2089858483,0ecaa5967403d082aa24f35e1b516d23)
Start importing Assets/LUTE/ThirdPartyAssets/XR/Samples/XR Interaction Toolkit/3.0.7/Starter Assets/DemoSceneAssets/Prefabs/Gaze Interactables.prefab using Guid(bc80b61b033967d458bc20f76280ea33) Importer(2089858483,0ecaa5967403d082aa24f35e1b516d23) (ScriptedImporter) -> (artifact id: '2641977675b5b42878d746d340931740') in 0.0366026 seconds
Number of updated asset objects reloaded before import = 0Number of asset objects unloaded after import = 41

========================================================================
Received Import Request.
  Time since last request: 0.000025 seconds.
  path: Assets/LUTE/ThirdPartyAssets/XR/Samples/XR Interaction Toolkit/3.0.7/Starter Assets/DemoSceneAssets/Sprites/Asset.png
  artifactKey: Guid(2769339cb84f61145bf700c337ce4761) Importer(2089858483,0ecaa5967403d082aa24f35e1b516d23)
Start importing Assets/LUTE/ThirdPartyAssets/XR/Samples/XR Interaction Toolkit/3.0.7/Starter Assets/DemoSceneAssets/Sprites/Asset.png using Guid(2769339cb84f61145bf700c337ce4761) Importer(2089858483,0ecaa5967403d082aa24f35e1b516d23) (ScriptedImporter) -> (artifact id: '00dc710ac68be673c8611708cef46564') in 0.0432247 seconds
Number of updated asset objects reloaded before import = 0Number of asset objects unloaded after import = 3

========================================================================
Received Import Request.
  Time since last request: 0.000021 seconds.
  path: Assets/LUTE/ThirdPartyAssets/XR/Samples/XR Interaction Toolkit/3.0.7/Starter Assets/DemoSceneAssets/Sprites/Round Radius 4.png
  artifactKey: Guid(16e87571ba2e951479f33a91dc74153a) Importer(2089858483,0ecaa5967403d082aa24f35e1b516d23)
Start importing Assets/LUTE/ThirdPartyAssets/XR/Samples/XR Interaction Toolkit/3.0.7/Starter Assets/DemoSceneAssets/Sprites/Round Radius 4.png using Guid(16e87571ba2e951479f33a91dc74153a) Importer(2089858483,0ecaa5967403d082aa24f35e1b516d23) (ScriptedImporter) -> (artifact id: '03dc07508e76499734bf66792f56308c') in 0.0419533 seconds
Number of updated asset objects reloaded before import = 0Number of asset objects unloaded after import = 3

========================================================================
Received Import Request.
  Time since last request: 0.000024 seconds.
  path: Assets/LUTE/ThirdPartyAssets/XR/Samples/XR Interaction Toolkit/3.0.7/Starter Assets/Models/BlinkVisual.fbx
  artifactKey: Guid(f3ba07e0cd3296e4f832172526849c8a) Importer(2089858483,0ecaa5967403d082aa24f35e1b516d23)
Start importing Assets/LUTE/ThirdPartyAssets/XR/Samples/XR Interaction Toolkit/3.0.7/Starter Assets/Models/BlinkVisual.fbx using Guid(f3ba07e0cd3296e4f832172526849c8a) Importer(2089858483,0ecaa5967403d082aa24f35e1b516d23) (ScriptedImporter) -> (artifact id: 'ed00e1402fb9e7748056ca7da229080f') in 0.0420173 seconds
Number of updated asset objects reloaded before import = 0Number of asset objects unloaded after import = 7

========================================================================
Received Import Request.
  Time since last request: 0.000023 seconds.
  path: Assets/LUTE_Starter Scenes/Mapbox/Resources/MapboxStyles/Styles/MapboxSampleStyles/Realistic/Assets/Materials/RealisticTopMaterial.mat
  artifactKey: Guid(e510beb4b52b54f9eace1c065a96dd24) Importer(2089858483,0ecaa5967403d082aa24f35e1b516d23)
Start importing Assets/LUTE_Starter Scenes/Mapbox/Resources/MapboxStyles/Styles/MapboxSampleStyles/Realistic/Assets/Materials/RealisticTopMaterial.mat using Guid(e510beb4b52b54f9eace1c065a96dd24) Importer(2089858483,0ecaa5967403d082aa24f35e1b516d23) (ScriptedImporter) -> (artifact id: '5494c2e95fc2aa4a4a7c4bc4ab3c96e9') in 0.5324878 seconds
Number of updated asset objects reloaded before import = 0Number of asset objects unloaded after import = 4

========================================================================
Received Import Request.
  Time since last request: 0.000026 seconds.
  path: Assets/LUTE_Starter Scenes/Mapbox/Resources/MapboxStyles/Styles/MapboxSampleStyles/Simple/Assets/Textures/BuildingAtlasRoofs_base.png
  artifactKey: Guid(89d3c1f500b7e4b8bba0ce9b760e9134) Importer(2089858483,0ecaa5967403d082aa24f35e1b516d23)
Start importing Assets/LUTE_Starter Scenes/Mapbox/Resources/MapboxStyles/Styles/MapboxSampleStyles/Simple/Assets/Textures/BuildingAtlasRoofs_base.png using Guid(89d3c1f500b7e4b8bba0ce9b760e9134) Importer(2089858483,0ecaa5967403d082aa24f35e1b516d23) (ScriptedImporter) -> (artifact id: '8056931533133ba1c32a378b4938ccdf') in 0.1000569 seconds
Number of updated asset objects reloaded before import = 0Number of asset objects unloaded after import = 1

========================================================================
Received Import Request.
  Time since last request: 0.000059 seconds.
  path: Assets/LUTE_Starter Scenes/Mapbox/Resources/MapboxStyles/Styles/MapboxSampleStyles/Realistic/Assets/Textures/RealisticSideAlbedo.png
  artifactKey: Guid(0bcf5c7180b764937aa4cd980bd44e8b) Importer(2089858483,0ecaa5967403d082aa24f35e1b516d23)
Start importing Assets/LUTE_Starter Scenes/Mapbox/Resources/MapboxStyles/Styles/MapboxSampleStyles/Realistic/Assets/Textures/RealisticSideAlbedo.png using Guid(0bcf5c7180b764937aa4cd980bd44e8b) Importer(2089858483,0ecaa5967403d082aa24f35e1b516d23) (ScriptedImporter) -> (artifact id: '71b3431d3b007f741acc08edc39e1f2c') in 0.2106433 seconds
Number of updated asset objects reloaded before import = 0Number of asset objects unloaded after import = 1

========================================================================
Received Import Request.
  Time since last request: 0.000028 seconds.
  path: Assets/LUTE_Starter Scenes/Mapbox/Core/Plugins/iOS/MapboxMobileEvents/include/MapboxMobileEvents/MMEEventsManager.h
  artifactKey: Guid(3edca867bab9748d6be5abf6b6006229) Importer(2089858483,0ecaa5967403d082aa24f35e1b516d23)
Start importing Assets/LUTE_Starter Scenes/Mapbox/Core/Plugins/iOS/MapboxMobileEvents/include/MapboxMobileEvents/MMEEventsManager.h using Guid(3edca867bab9748d6be5abf6b6006229) Importer(2089858483,0ecaa5967403d082aa24f35e1b516d23) (ScriptedImporter) -> (artifact id: 'f0c4c62eba9bec696657dc9286eba3d6') in 0.0346179 seconds
Number of updated asset objects reloaded before import = 0Number of asset objects unloaded after import = 0

========================================================================
Received Import Request.
  Time since last request: 0.000021 seconds.
  path: Assets/LUTE_Starter Scenes/Scenes/Games/DesignerCreated/Testing/AlbertoDemo/Resources/Items/HistoryInventory_Cove.asset
  artifactKey: Guid(f7a35f67b70b86b409b56d7bddd51280) Importer(2089858483,0ecaa5967403d082aa24f35e1b516d23)
Start importing Assets/LUTE_Starter Scenes/Scenes/Games/DesignerCreated/Testing/AlbertoDemo/Resources/Items/HistoryInventory_Cove.asset using Guid(f7a35f67b70b86b409b56d7bddd51280) Importer(2089858483,0ecaa5967403d082aa24f35e1b516d23) (ScriptedImporter) -> (artifact id: '28a31fc48123afeb046ece9014220345') in 0.0576173 seconds
Number of updated asset objects reloaded before import = 0Number of asset objects unloaded after import = 20

========================================================================
Received Import Request.
  Time since last request: 0.001530 seconds.
  path: Assets/LUTE/ThirdPartyAssets/XR/Samples/XR Interaction Toolkit/3.0.7/Starter Assets/Models/Pinch_Pointer_LOD0.fbx
  artifactKey: Guid(e0f2e6410c0e1594ca44bdf04d50e8a6) Importer(2089858483,0ecaa5967403d082aa24f35e1b516d23)
Start importing Assets/LUTE/ThirdPartyAssets/XR/Samples/XR Interaction Toolkit/3.0.7/Starter Assets/Models/Pinch_Pointer_LOD0.fbx using Guid(e0f2e6410c0e1594ca44bdf04d50e8a6) Importer(2089858483,0ecaa5967403d082aa24f35e1b516d23) (ScriptedImporter) -> (artifact id: 'fd17bed0883ba62d15933c1d4482976c') in 0.0592797 seconds
Number of updated asset objects reloaded before import = 0Number of asset objects unloaded after import = 6

========================================================================
Received Import Request.
  Time since last request: 0.000022 seconds.
  path: Assets/LUTE_Starter Scenes/Scenes/Games/DesignerCreated/Testing/Stickers/Resources/Items/Apple.asset
  artifactKey: Guid(8a5bdfdcaccc574439ee74cc59b272c8) Importer(2089858483,0ecaa5967403d082aa24f35e1b516d23)
Start importing Assets/LUTE_Starter Scenes/Scenes/Games/DesignerCreated/Testing/Stickers/Resources/Items/Apple.asset using Guid(8a5bdfdcaccc574439ee74cc59b272c8) Importer(2089858483,0ecaa5967403d082aa24f35e1b516d23) (ScriptedImporter) -> (artifact id: '25158d522a99e8037be86baa8239165a') in 0.0604425 seconds
Number of updated asset objects reloaded before import = 0Number of asset objects unloaded after import = 3

========================================================================
Received Import Request.
  Time since last request: 0.000026 seconds.
  path: Assets/LUTE/ThirdPartyAssets/XR/Samples/XR Interaction Toolkit/3.0.7/Starter Assets/TunnelingVignette/TunnelingVignetteHemisphere.fbx
  artifactKey: Guid(bb1c6da9e9c26634483731e9920e9ace) Importer(2089858483,0ecaa5967403d082aa24f35e1b516d23)
Start importing Assets/LUTE/ThirdPartyAssets/XR/Samples/XR Interaction Toolkit/3.0.7/Starter Assets/TunnelingVignette/TunnelingVignetteHemisphere.fbx using Guid(bb1c6da9e9c26634483731e9920e9ace) Importer(2089858483,0ecaa5967403d082aa24f35e1b516d23) (ScriptedImporter) -> (artifact id: '7604cf15d2ba1de9dfbced988d2cb998') in 0.075179 seconds
Number of updated asset objects reloaded before import = 0Number of asset objects unloaded after import = 7

========================================================================
Received Import Request.
  Time since last request: 0.000024 seconds.
  path: Assets/LUTE_Starter Scenes/Scenes/Games/DesignerCreated/Testing/AlbertoDemo/Resources/Items/HistoryInventory_Obelisk.asset
  artifactKey: Guid(2e3cd10dece084b419ba43febe4a5273) Importer(2089858483,0ecaa5967403d082aa24f35e1b516d23)
Start importing Assets/LUTE_Starter Scenes/Scenes/Games/DesignerCreated/Testing/AlbertoDemo/Resources/Items/HistoryInventory_Obelisk.asset using Guid(2e3cd10dece084b419ba43febe4a5273) Importer(2089858483,0ecaa5967403d082aa24f35e1b516d23) (ScriptedImporter) -> (artifact id: '4acdfa72f02dac635546515d4c3bce05') in 0.1002985 seconds
Number of updated asset objects reloaded before import = 0Number of asset objects unloaded after import = 35

========================================================================
Received Import Request.
  Time since last request: 0.000029 seconds.
  path: Assets/LUTE/ThirdPartyAssets/XR/Samples/XR Interaction Toolkit/3.0.7/Starter Assets/DemoSceneAssets/Prefabs/Interactables/Blaser-Long.prefab
  artifactKey: Guid(21c30f366e95220489aa3154e8a86852) Importer(2089858483,0ecaa5967403d082aa24f35e1b516d23)
Start importing Assets/LUTE/ThirdPartyAssets/XR/Samples/XR Interaction Toolkit/3.0.7/Starter Assets/DemoSceneAssets/Prefabs/Interactables/Blaser-Long.prefab using Guid(21c30f366e95220489aa3154e8a86852) Importer(2089858483,0ecaa5967403d082aa24f35e1b516d23) (ScriptedImporter) -> (artifact id: 'e5b9b9a5e88b0e2aec0ba9e475f819d0') in 0.0560224 seconds
Number of updated asset objects reloaded before import = 0Number of asset objects unloaded after import = 25

========================================================================
Received Import Request.
  Time since last request: 0.000027 seconds.
  path: Assets/LUTE_Starter Scenes/Scenes/Games/DesignerCreated/Testing/AlbertoDemo/Sprites/Icons/UI/icon_achievements.png
  artifactKey: Guid(4f8bf5b672858b447801748c33406026) Importer(2089858483,0ecaa5967403d082aa24f35e1b516d23)
Start importing Assets/LUTE_Starter Scenes/Scenes/Games/DesignerCreated/Testing/AlbertoDemo/Sprites/Icons/UI/icon_achievements.png using Guid(4f8bf5b672858b447801748c33406026) Importer(2089858483,0ecaa5967403d082aa24f35e1b516d23) (ScriptedImporter) -> (artifact id: '84bd5015fccc63d2eb2ea86757acdd94') in 0.0491355 seconds
Number of updated asset objects reloaded before import = 0Number of asset objects unloaded after import = 3

========================================================================
Received Import Request.
  Time since last request: 0.000022 seconds.
  path: Assets/LUTE_Starter Scenes/Scenes/Games/DesignerCreated/Testing/AlbertoDemo/Sprites/Icons/Geotags/compass-100.png
  artifactKey: Guid(ca707c72a4a87974a97ac83b7fd624de) Importer(2089858483,0ecaa5967403d082aa24f35e1b516d23)
Start importing Assets/LUTE_Starter Scenes/Scenes/Games/DesignerCreated/Testing/AlbertoDemo/Sprites/Icons/Geotags/compass-100.png using Guid(ca707c72a4a87974a97ac83b7fd624de) Importer(2089858483,0ecaa5967403d082aa24f35e1b516d23) (ScriptedImporter) -> (artifact id: 'db1eb7e33d438cb280d8e92a39eefd2e') in 0.0640199 seconds
Number of updated asset objects reloaded before import = 0Number of asset objects unloaded after import = 3

========================================================================
Received Import Request.
  Time since last request: 0.000028 seconds.
  path: Assets/LUTE_Starter Scenes/Scenes/Games/DesignerCreated/Testing/AlbertoDemo/Sprites/Icons/UI/icon_map.png
  artifactKey: Guid(5bfab30af7233e94688428361b4ee076) Importer(2089858483,0ecaa5967403d082aa24f35e1b516d23)
Start importing Assets/LUTE_Starter Scenes/Scenes/Games/DesignerCreated/Testing/AlbertoDemo/Sprites/Icons/UI/icon_map.png using Guid(5bfab30af7233e94688428361b4ee076) Importer(2089858483,0ecaa5967403d082aa24f35e1b516d23) (ScriptedImporter) -> (artifact id: 'c06b440ebcb4e286419fd07c2b763ebf') in 0.0503594 seconds
Number of updated asset objects reloaded before import = 0Number of asset objects unloaded after import = 3

========================================================================
Received Import Request.
  Time since last request: 0.000029 seconds.
  path: Assets/LUTE_Starter Scenes/Scenes/Games/DesignerCreated/Testing/AlbertoDemo/Sprites/Icons/UI/icon_achievement_2.png
  artifactKey: Guid(d4d566f7f88ec614bb1c8b73ea773880) Importer(2089858483,0ecaa5967403d082aa24f35e1b516d23)
Start importing Assets/LUTE_Starter Scenes/Scenes/Games/DesignerCreated/Testing/AlbertoDemo/Sprites/Icons/UI/icon_achievement_2.png using Guid(d4d566f7f88ec614bb1c8b73ea773880) Importer(2089858483,0ecaa5967403d082aa24f35e1b516d23) (ScriptedImporter) -> (artifact id: '1c005c5c415732e7a612fc58db19f415') in 0.0557319 seconds
Number of updated asset objects reloaded before import = 0Number of asset objects unloaded after import = 3

========================================================================
Received Import Request.
  Time since last request: 0.000313 seconds.
  path: Assets/LUTE/ThirdPartyAssets/XR/Samples/XR Interaction Toolkit/3.0.7/Starter Assets/DemoSceneAssets/Prefabs/Interactables/Confetti.prefab
  artifactKey: Guid(f6cb21caa51752b4c8fbe1f22843e077) Importer(2089858483,0ecaa5967403d082aa24f35e1b516d23)
Start importing Assets/LUTE/ThirdPartyAssets/XR/Samples/XR Interaction Toolkit/3.0.7/Starter Assets/DemoSceneAssets/Prefabs/Interactables/Confetti.prefab using Guid(f6cb21caa51752b4c8fbe1f22843e077) Importer(2089858483,0ecaa5967403d082aa24f35e1b516d23) (ScriptedImporter) -> (artifact id: '07454ea89a074e04a98ee41bc8e83c43') in 0.3007338 seconds
Number of updated asset objects reloaded before import = 0Number of asset objects unloaded after import = 6

========================================================================
Received Import Request.
  Time since last request: 0.000028 seconds.
  path: Assets/LUTE/ThirdPartyAssets/XR/Samples/XR Interaction Toolkit/3.0.7/Starter Assets/DemoSceneAssets/Prefabs/UI/MinMaxSlider.prefab
  artifactKey: Guid(fb4f51a6c900f3a48b26d3d6f8e9fdcd) Importer(2089858483,0ecaa5967403d082aa24f35e1b516d23)
Start importing Assets/LUTE/ThirdPartyAssets/XR/Samples/XR Interaction Toolkit/3.0.7/Starter Assets/DemoSceneAssets/Prefabs/UI/MinMaxSlider.prefab using Guid(fb4f51a6c900f3a48b26d3d6f8e9fdcd) Importer(2089858483,0ecaa5967403d082aa24f35e1b516d23) (ScriptedImporter) -> (artifact id: 'da0939d16669d3b5c6c062e4023b9a9d') in 0.1011443 seconds
Number of updated asset objects reloaded before import = 0Number of asset objects unloaded after import = 24

========================================================================
Received Import Request.
  Time since last request: 0.000028 seconds.
  path: Assets/LUTE/ThirdPartyAssets/XR/Samples/XR Interaction Toolkit/3.0.7/Starter Assets/DemoSceneAssets/Prefabs/Teleport/Teleport Anchor.prefab
  artifactKey: Guid(df1e429f757bf414e8e1011649994162) Importer(2089858483,0ecaa5967403d082aa24f35e1b516d23)
Start importing Assets/LUTE/ThirdPartyAssets/XR/Samples/XR Interaction Toolkit/3.0.7/Starter Assets/DemoSceneAssets/Prefabs/Teleport/Teleport Anchor.prefab using Guid(df1e429f757bf414e8e1011649994162) Importer(2089858483,0ecaa5967403d082aa24f35e1b516d23) (ScriptedImporter) -> (artifact id: '219032e567f3222d15e25736ac490d7b') in 0.0930119 seconds
Number of updated asset objects reloaded before import = 0Number of asset objects unloaded after import = 12

========================================================================
Received Import Request.
  Time since last request: 0.001829 seconds.
  path: Assets/LUTE/ThirdPartyAssets/XR/Samples/XR Interaction Toolkit/3.0.7/Starter Assets/Scripts/XRPokeFollowAffordance.cs
  artifactKey: Guid(1e743ff825457f243a74a2c50e007345) Importer(2089858483,0ecaa5967403d082aa24f35e1b516d23)
Start importing Assets/LUTE/ThirdPartyAssets/XR/Samples/XR Interaction Toolkit/3.0.7/Starter Assets/Scripts/XRPokeFollowAffordance.cs using Guid(1e743ff825457f243a74a2c50e007345) Importer(2089858483,0ecaa5967403d082aa24f35e1b516d23) (ScriptedImporter) -> (artifact id: '28ee485b5824256fb9df491c6cefe902') in 0.0295168 seconds
Number of updated asset objects reloaded before import = 0Number of asset objects unloaded after import = 0

========================================================================
Received Import Request.
  Time since last request: 0.000038 seconds.
  path: Assets/LUTE_Starter Scenes/Scenes/Games/DesignerCreated/Testing/Stickers/Resources/Items/Hotdog.asset
  artifactKey: Guid(63311c5b26faa6540bd25739a45dbdf8) Importer(2089858483,0ecaa5967403d082aa24f35e1b516d23)
Start importing Assets/LUTE_Starter Scenes/Scenes/Games/DesignerCreated/Testing/Stickers/Resources/Items/Hotdog.asset using Guid(63311c5b26faa6540bd25739a45dbdf8) Importer(2089858483,0ecaa5967403d082aa24f35e1b516d23) (ScriptedImporter) -> (artifact id: '24d18e31d5345342ef6a38a8e1e9fe99') in 0.0709486 seconds
Number of updated asset objects reloaded before import = 0Number of asset objects unloaded after import = 3

========================================================================
Received Import Request.
  Time since last request: 0.000021 seconds.
  path: Assets/LUTE/ThirdPartyAssets/LeanTween/Examples/Models/Materials/Material.mat
  artifactKey: Guid(af31d53076fd745faa5f05dae96c15c3) Importer(2089858483,0ecaa5967403d082aa24f35e1b516d23)
Start importing Assets/LUTE/ThirdPartyAssets/LeanTween/Examples/Models/Materials/Material.mat using Guid(af31d53076fd745faa5f05dae96c15c3) Importer(2089858483,0ecaa5967403d082aa24f35e1b516d23) (ScriptedImporter) -> (artifact id: '5515456fb4015d9971637f064ee1a5a8') in 0.0613024 seconds
Number of updated asset objects reloaded before import = 0Number of asset objects unloaded after import = 1

========================================================================
Received Import Request.
  Time since last request: 0.000162 seconds.
  path: Assets/LUTE/ThirdPartyAssets/TextMesh Pro/Examples & Extras/Scenes/28 - HDRP Shader Example/Sky and Fog Volume Profile.asset
  artifactKey: Guid(83ba2e375bed45f48bce43e5a5f7c88a) Importer(2089858483,0ecaa5967403d082aa24f35e1b516d23)
Start importing Assets/LUTE/ThirdPartyAssets/TextMesh Pro/Examples & Extras/Scenes/28 - HDRP Shader Example/Sky and Fog Volume Profile.asset using Guid(83ba2e375bed45f48bce43e5a5f7c88a) Importer(2089858483,0ecaa5967403d082aa24f35e1b516d23) (ScriptedImporter) -> (artifact id: '692c4313e23fd14219b3bf57d1609931') in 0.0579972 seconds
Number of updated asset objects reloaded before import = 0Number of asset objects unloaded after import = 2

========================================================================
Received Import Request.
  Time since last request: 0.000025 seconds.
  path: Assets/LUTE_Starter Scenes/Mapbox/Resources/MapboxStyles/DefaultStyleAssets/Materials/DefaultTopMaterial.mat
  artifactKey: Guid(a1aa333e18c0640d7b428eecff9c4af7) Importer(2089858483,0ecaa5967403d082aa24f35e1b516d23)
Start importing Assets/LUTE_Starter Scenes/Mapbox/Resources/MapboxStyles/DefaultStyleAssets/Materials/DefaultTopMaterial.mat using Guid(a1aa333e18c0640d7b428eecff9c4af7) Importer(2089858483,0ecaa5967403d082aa24f35e1b516d23) (ScriptedImporter) -> (artifact id: '9cb9ffcfbfbbe2bdd6e4f49dc52b01f5') in 0.0681467 seconds
Number of updated asset objects reloaded before import = 0Number of asset objects unloaded after import = 2

========================================================================
Received Import Request.
  Time since last request: 0.000019 seconds.
  path: Assets/LUTE_Starter Scenes/Mapbox/Resources/MapboxStyles/Styles/MapboxSampleStyles/Simple/SimpleCityIcon.png
  artifactKey: Guid(ab72bb907cadc4143b9a4fde3bf8e91d) Importer(2089858483,0ecaa5967403d082aa24f35e1b516d23)
Start importing Assets/LUTE_Starter Scenes/Mapbox/Resources/MapboxStyles/Styles/MapboxSampleStyles/Simple/SimpleCityIcon.png using Guid(ab72bb907cadc4143b9a4fde3bf8e91d) Importer(2089858483,0ecaa5967403d082aa24f35e1b516d23) (ScriptedImporter) -> (artifact id: 'f12630531c1d39e1ef4a945f6ec198e9') in 0.0542041 seconds
Number of updated asset objects reloaded before import = 0Number of asset objects unloaded after import = 1

========================================================================
Received Import Request.
  Time since last request: 0.000062 seconds.
  path: Assets/LUTE_Starter Scenes/Mapbox/Unity/MeshGeneration/Modifiers/GameObjectModifiers/NoiseOffsetModifier.cs
  artifactKey: Guid(fa6f0c874a917480ab42ea3d79edf819) Importer(2089858483,0ecaa5967403d082aa24f35e1b516d23)
Start importing Assets/LUTE_Starter Scenes/Mapbox/Unity/MeshGeneration/Modifiers/GameObjectModifiers/NoiseOffsetModifier.cs using Guid(fa6f0c874a917480ab42ea3d79edf819) Importer(2089858483,0ecaa5967403d082aa24f35e1b516d23) (ScriptedImporter) -> (artifact id: 'cdfe3ad86f4d2d2190a3bf7e6ed0acee') in 0.028819 seconds
Number of updated asset objects reloaded before import = 0Number of asset objects unloaded after import = 0

========================================================================
Received Import Request.
  Time since last request: 0.000318 seconds.
  path: Assets/LUTE_Starter Scenes/Scenes/Games/DesignerCreated/Testing/AlbertoDemo/Scripts/BaseInfo.cs
  artifactKey: Guid(e584817ecd9d685498c58195ea23716c) Importer(2089858483,0ecaa5967403d082aa24f35e1b516d23)
Start importing Assets/LUTE_Starter Scenes/Scenes/Games/DesignerCreated/Testing/AlbertoDemo/Scripts/BaseInfo.cs using Guid(e584817ecd9d685498c58195ea23716c) Importer(2089858483,0ecaa5967403d082aa24f35e1b516d23) (ScriptedImporter) -> (artifact id: '99f0c0f37d58d23fa3e1409f5ac539bb') in 0.0266641 seconds
Number of updated asset objects reloaded before import = 0Number of asset objects unloaded after import = 0

========================================================================
Received Import Request.
  Time since last request: 0.000049 seconds.
  path: Assets/LUTE_Starter Scenes/Scenes/Games/DesignerCreated/Testing/AlbertoDemo/Prefabs/SpinningObject.prefab
  artifactKey: Guid(10064968011a81d40a72f5a3f53da87f) Importer(2089858483,0ecaa5967403d082aa24f35e1b516d23)
Start importing Assets/LUTE_Starter Scenes/Scenes/Games/DesignerCreated/Testing/AlbertoDemo/Prefabs/SpinningObject.prefab using Guid(10064968011a81d40a72f5a3f53da87f) Importer(2089858483,0ecaa5967403d082aa24f35e1b516d23) (ScriptedImporter) -> (artifact id: 'cd506cddbb86c9f5922a85324bdd5a82') in 0.0569622 seconds
Number of updated asset objects reloaded before import = 0Number of asset objects unloaded after import = 33

========================================================================
Received Import Request.
  Time since last request: 0.000032 seconds.
  path: Assets/LUTE_Starter Scenes/Mapbox/Examples/1_DataExplorer/Modules/TrafficLayer/SevereTraffic/ExplorerSevereTraffic.asset
  artifactKey: Guid(627313f21fc074f44afdcda9365a95d3) Importer(2089858483,0ecaa5967403d082aa24f35e1b516d23)
Start importing Assets/LUTE_Starter Scenes/Mapbox/Examples/1_DataExplorer/Modules/TrafficLayer/SevereTraffic/ExplorerSevereTraffic.asset using Guid(627313f21fc074f44afdcda9365a95d3) Importer(2089858483,0ecaa5967403d082aa24f35e1b516d23) (ScriptedImporter) -> (artifact id: 'ab78c87e4c0fbb5bab9fd0b93cd65d55') in 0.0392613 seconds
Number of updated asset objects reloaded before import = 0Number of asset objects unloaded after import = 7

========================================================================
Received Import Request.
  Time since last request: 0.000254 seconds.
  path: Assets/LUTE/ThirdPartyAssets/XR/Samples/XR Interaction Toolkit/3.0.7/Starter Assets/DemoSceneAssets/Settings/GazeTeleportAnchorFilter.asset
  artifactKey: Guid(155a946b63548f449b777e458b6b967f) Importer(2089858483,0ecaa5967403d082aa24f35e1b516d23)
Start importing Assets/LUTE/ThirdPartyAssets/XR/Samples/XR Interaction Toolkit/3.0.7/Starter Assets/DemoSceneAssets/Settings/GazeTeleportAnchorFilter.asset using Guid(155a946b63548f449b777e458b6b967f) Importer(2089858483,0ecaa5967403d082aa24f35e1b516d23) (ScriptedImporter) -> (artifact id: '51a3d6586876b020f01a7b5b4337476a') in 0.0426781 seconds
Number of updated asset objects reloaded before import = 0Number of asset objects unloaded after import = 1

========================================================================
Received Import Request.
  Time since last request: 0.001051 seconds.
  path: Assets/LUTE_Starter Scenes/Mapbox/Unity/Editor/PropertyDrawers/PointsOfInterestSubLayerPropertiesDrawer.cs
  artifactKey: Guid(20fb110d2102743939c89f5a3ab9c3a4) Importer(2089858483,0ecaa5967403d082aa24f35e1b516d23)
Start importing Assets/LUTE_Starter Scenes/Mapbox/Unity/Editor/PropertyDrawers/PointsOfInterestSubLayerPropertiesDrawer.cs using Guid(20fb110d2102743939c89f5a3ab9c3a4) Importer(2089858483,0ecaa5967403d082aa24f35e1b516d23) (ScriptedImporter) -> (artifact id: 'bea82eebea706be4c966be4fb8132162') in 0.0261547 seconds
Number of updated asset objects reloaded before import = 0Number of asset objects unloaded after import = 0

========================================================================
Received Import Request.
  Time since last request: 0.000097 seconds.
  path: Assets/LUTE_Starter Scenes/Mapbox/Unity/MeshGeneration/Filters/TypeFilter.cs
  artifactKey: Guid(cb49207f63da8544d9f0a3f790016544) Importer(2089858483,0ecaa5967403d082aa24f35e1b516d23)
Start importing Assets/LUTE_Starter Scenes/Mapbox/Unity/MeshGeneration/Filters/TypeFilter.cs using Guid(cb49207f63da8544d9f0a3f790016544) Importer(2089858483,0ecaa5967403d082aa24f35e1b516d23) (ScriptedImporter) -> (artifact id: 'e4ee1c59884567881ce0e98c512d24f7') in 0.0395371 seconds
Number of updated asset objects reloaded before import = 0Number of asset objects unloaded after import = 0

========================================================================
Received Import Request.
  Time since last request: 0.000028 seconds.
  path: Assets/LUTE/ThirdPartyAssets/TextMesh Pro/Examples & Extras/Resources/Color Gradient Presets/Dark to Light Green - Vertical.asset
  artifactKey: Guid(4c86a3366cd840348ebe8dc438570ee4) Importer(2089858483,0ecaa5967403d082aa24f35e1b516d23)
Start importing Assets/LUTE/ThirdPartyAssets/TextMesh Pro/Examples & Extras/Resources/Color Gradient Presets/Dark to Light Green - Vertical.asset using Guid(4c86a3366cd840348ebe8dc438570ee4) Importer(2089858483,0ecaa5967403d082aa24f35e1b516d23) (ScriptedImporter) -> (artifact id: 'c92e847320fd06cfa3976d6a26c8a0ac') in 0.0382539 seconds
Number of updated asset objects reloaded before import = 0Number of asset objects unloaded after import = 1

========================================================================
Received Import Request.
  Time since last request: 0.000035 seconds.
  path: Assets/LUTE_Starter Scenes/Mapbox/Examples/2_AstronautGame/AstronautGame/Astronaut/AstronautDirections.cs
  artifactKey: Guid(3590ab21d4bcb49ba8fd090c53a5fc51) Importer(2089858483,0ecaa5967403d082aa24f35e1b516d23)
Start importing Assets/LUTE_Starter Scenes/Mapbox/Examples/2_AstronautGame/AstronautGame/Astronaut/AstronautDirections.cs using Guid(3590ab21d4bcb49ba8fd090c53a5fc51) Importer(2089858483,0ecaa5967403d082aa24f35e1b516d23) (ScriptedImporter) -> (artifact id: 'cbca41681240637a157dbbbc4288a3b6') in 0.0258508 seconds
Number of updated asset objects reloaded before import = 0Number of asset objects unloaded after import = 0

========================================================================
Received Import Request.
  Time since last request: 0.000032 seconds.
  path: Assets/LUTE_Starter Scenes/Mapbox/Examples/1_DataExplorer/Modules/TrafficLayer/LowTraffic/ExplorerTrafficMaterial.asset
  artifactKey: Guid(ad1bb8e785d5dce4bb1ddc8443b261f6) Importer(2089858483,0ecaa5967403d082aa24f35e1b516d23)
Start importing Assets/LUTE_Starter Scenes/Mapbox/Examples/1_DataExplorer/Modules/TrafficLayer/LowTraffic/ExplorerTrafficMaterial.asset using Guid(ad1bb8e785d5dce4bb1ddc8443b261f6) Importer(2089858483,0ecaa5967403d082aa24f35e1b516d23) (ScriptedImporter) -> (artifact id: '3eabd420734b78fb11cffdd099af62ca') in 0.0215356 seconds
Number of updated asset objects reloaded before import = 0Number of asset objects unloaded after import = 1

========================================================================
Received Import Request.
  Time since last request: 0.000033 seconds.
  path: Assets/LUTE_Starter Scenes/Scenes/Games/DesignerCreated/Testing/AlbertoDemo/Resources/UI/img_locationpanel_cove.png
  artifactKey: Guid(9555d55c2985c7346a3ea486471d5058) Importer(2089858483,0ecaa5967403d082aa24f35e1b516d23)
Start importing Assets/LUTE_Starter Scenes/Scenes/Games/DesignerCreated/Testing/AlbertoDemo/Resources/UI/img_locationpanel_cove.png using Guid(9555d55c2985c7346a3ea486471d5058) Importer(2089858483,0ecaa5967403d082aa24f35e1b516d23) (ScriptedImporter) -> (artifact id: 'c3421d04274c1a66084c378e2b74bfc6') in 0.0491325 seconds
Number of updated asset objects reloaded before import = 0Number of asset objects unloaded after import = 3

========================================================================
Received Import Request.
  Time since last request: 0.000021 seconds.
  path: Assets/LUTE_Starter Scenes/Mapbox/Unity/MeshGeneration/Filters/HeightFilter.cs
  artifactKey: Guid(ae03e6a279b82f94a81883a2698db813) Importer(2089858483,0ecaa5967403d082aa24f35e1b516d23)
Start importing Assets/LUTE_Starter Scenes/Mapbox/Unity/MeshGeneration/Filters/HeightFilter.cs using Guid(ae03e6a279b82f94a81883a2698db813) Importer(2089858483,0ecaa5967403d082aa24f35e1b516d23) (ScriptedImporter) -> (artifact id: '0d386aba48a58f74933fb6f167d36a3c') in 0.0173675 seconds
Number of updated asset objects reloaded before import = 0Number of asset objects unloaded after import = 0

========================================================================
Received Import Request.
  Time since last request: 0.000027 seconds.
  path: Assets/LUTE_Starter Scenes/Mapbox/Examples/1_DataExplorer/Modules/TrafficLayer/LowTraffic/ExplorerTrafficLineMesh.asset
  artifactKey: Guid(0270530b896eb95459207818d222f106) Importer(2089858483,0ecaa5967403d082aa24f35e1b516d23)
Start importing Assets/LUTE_Starter Scenes/Mapbox/Examples/1_DataExplorer/Modules/TrafficLayer/LowTraffic/ExplorerTrafficLineMesh.asset using Guid(0270530b896eb95459207818d222f106) Importer(2089858483,0ecaa5967403d082aa24f35e1b516d23) (ScriptedImporter) -> (artifact id: '17d96da09d1a3af1f4a416aba26ff3d8') in 0.0238807 seconds
Number of updated asset objects reloaded before import = 0Number of asset objects unloaded after import = 1

========================================================================
Received Import Request.
  Time since last request: 0.000466 seconds.
  path: Assets/LUTE_Starter Scenes/Mapbox/Unity/MeshGeneration/Factories/TerrainFactoryBase.cs
  artifactKey: Guid(af9867f09d360f2409d9d08a0ff16906) Importer(2089858483,0ecaa5967403d082aa24f35e1b516d23)
Start importing Assets/LUTE_Starter Scenes/Mapbox/Unity/MeshGeneration/Factories/TerrainFactoryBase.cs using Guid(af9867f09d360f2409d9d08a0ff16906) Importer(2089858483,0ecaa5967403d082aa24f35e1b516d23) (ScriptedImporter) -> (artifact id: '7135bf1f08b852340ad9c758db40cd9e') in 0.0194114 seconds
Number of updated asset objects reloaded before import = 0Number of asset objects unloaded after import = 0

========================================================================
Received Import Request.
  Time since last request: 0.000051 seconds.
  path: Assets/LUTE/ThirdPartyAssets/XR/Samples/XR Interaction Toolkit/3.0.7/Starter Assets/Prefabs/Interactors/Poke Interactor.prefab
  artifactKey: Guid(d02b26c5d79ebaf4088dfd2e40dc82bc) Importer(2089858483,0ecaa5967403d082aa24f35e1b516d23)
Start importing Assets/LUTE/ThirdPartyAssets/XR/Samples/XR Interaction Toolkit/3.0.7/Starter Assets/Prefabs/Interactors/Poke Interactor.prefab using Guid(d02b26c5d79ebaf4088dfd2e40dc82bc) Importer(2089858483,0ecaa5967403d082aa24f35e1b516d23) (ScriptedImporter) -> (artifact id: 'bb82abffc7296be67726b224a38e2b5a') in 0.089133 seconds
Number of updated asset objects reloaded before import = 0Number of asset objects unloaded after import = 10

========================================================================
Received Import Request.
  Time since last request: 0.000019 seconds.
  path: Assets/LUTE_Starter Scenes/Scenes/Games/AR/Resources/ReferenceImageLibrary.asset
  artifactKey: Guid(c6ca8826ab48e5c4db749683109254bf) Importer(2089858483,0ecaa5967403d082aa24f35e1b516d23)
Start importing Assets/LUTE_Starter Scenes/Scenes/Games/AR/Resources/ReferenceImageLibrary.asset using Guid(c6ca8826ab48e5c4db749683109254bf) Importer(2089858483,0ecaa5967403d082aa24f35e1b516d23) (ScriptedImporter) -> (artifact id: 'ad2d97114f91fe0aa579a039c320ed20') in 0.2162359 seconds
Number of updated asset objects reloaded before import = 0Number of asset objects unloaded after import = 1

========================================================================
Received Import Request.
  Time since last request: 0.000030 seconds.
  path: Assets/LUTE_Starter Scenes/Mapbox/Examples/Resources/maki/swimming-15.png
  artifactKey: Guid(efae5cfb6e53ae8409aecbf7eef40ac1) Importer(2089858483,0ecaa5967403d082aa24f35e1b516d23)
Start importing Assets/LUTE_Starter Scenes/Mapbox/Examples/Resources/maki/swimming-15.png using Guid(efae5cfb6e53ae8409aecbf7eef40ac1) Importer(2089858483,0ecaa5967403d082aa24f35e1b516d23) (ScriptedImporter) -> (artifact id: 'f354d2685da10f8f467a5213162e0eb1') in 0.0432295 seconds
Number of updated asset objects reloaded before import = 0Number of asset objects unloaded after import = 3

========================================================================
Received Import Request.
  Time since last request: 0.000034 seconds.
  path: Assets/LUTE_Starter Scenes/Mapbox/Unity/MeshGeneration/Factories/ImageDataFetcher.cs
  artifactKey: Guid(6293dc8bcca4970409cf9f4e93d178b5) Importer(2089858483,0ecaa5967403d082aa24f35e1b516d23)
Start importing Assets/LUTE_Starter Scenes/Mapbox/Unity/MeshGeneration/Factories/ImageDataFetcher.cs using Guid(6293dc8bcca4970409cf9f4e93d178b5) Importer(2089858483,0ecaa5967403d082aa24f35e1b516d23) (ScriptedImporter) -> (artifact id: '5c77f049a3061e3b321f14cef15f773a') in 0.0158937 seconds
Number of updated asset objects reloaded before import = 0Number of asset objects unloaded after import = 0

========================================================================
Received Import Request.
  Time since last request: 0.000045 seconds.
  path: Assets/LUTE_Starter Scenes/Mapbox/Unity/MeshGeneration/Enums/TilePropertyState.cs
  artifactKey: Guid(63187d4e1f6f0ad40ae6e6a5da6ebef1) Importer(2089858483,0ecaa5967403d082aa24f35e1b516d23)
Start importing Assets/LUTE_Starter Scenes/Mapbox/Unity/MeshGeneration/Enums/TilePropertyState.cs using Guid(63187d4e1f6f0ad40ae6e6a5da6ebef1) Importer(2089858483,0ecaa5967403d082aa24f35e1b516d23) (ScriptedImporter) -> (artifact id: 'b9274bdc2274a57178d06bd71799a394') in 0.0165595 seconds
Number of updated asset objects reloaded before import = 0Number of asset objects unloaded after import = 0

========================================================================
Received Import Request.
  Time since last request: 0.000080 seconds.
  path: Assets/LUTE/ThirdPartyAssets/TextMesh Pro/Examples & Extras/Resources/Fonts & Materials/Electronic Highway Sign SDF.asset
  artifactKey: Guid(dc36b3fdc14f47ebb36fd484a67e268a) Importer(2089858483,0ecaa5967403d082aa24f35e1b516d23)
Start importing Assets/LUTE/ThirdPartyAssets/TextMesh Pro/Examples & Extras/Resources/Fonts & Materials/Electronic Highway Sign SDF.asset using Guid(dc36b3fdc14f47ebb36fd484a67e268a) Importer(2089858483,0ecaa5967403d082aa24f35e1b516d23) (ScriptedImporter) -> (artifact id: 'c9eec9b0856a71526d9fd7d2f21953e6') in 0.0490632 seconds
Number of updated asset objects reloaded before import = 0Number of asset objects unloaded after import = 5

========================================================================
Received Import Request.
  Time since last request: 0.000023 seconds.
  path: Assets/LUTE_Starter Scenes/Mapbox/Examples/2_AstronautGame/AstronautGame/Park/cone.prefab
  artifactKey: Guid(96a250c7c7df44d4ba4f55de10638fed) Importer(2089858483,0ecaa5967403d082aa24f35e1b516d23)
Start importing Assets/LUTE_Starter Scenes/Mapbox/Examples/2_AstronautGame/AstronautGame/Park/cone.prefab using Guid(96a250c7c7df44d4ba4f55de10638fed) Importer(2089858483,0ecaa5967403d082aa24f35e1b516d23) (ScriptedImporter) -> (artifact id: 'd9289e5caac61ea09a011eaebdd08715') in 0.0227647 seconds
Number of updated asset objects reloaded before import = 0Number of asset objects unloaded after import = 7

========================================================================
Received Import Request.
  Time since last request: 0.000022 seconds.
  path: Assets/LUTE_Starter Scenes/Mapbox/Examples/1_DataExplorer/Modules/WaterwayLayer/ExplorerWaterwayLayer.asset
  artifactKey: Guid(5651e13d531e6b44d878696339c4f94d) Importer(2089858483,0ecaa5967403d082aa24f35e1b516d23)
Start importing Assets/LUTE_Starter Scenes/Mapbox/Examples/1_DataExplorer/Modules/WaterwayLayer/ExplorerWaterwayLayer.asset using Guid(5651e13d531e6b44d878696339c4f94d) Importer(2089858483,0ecaa5967403d082aa24f35e1b516d23) (ScriptedImporter) -> (artifact id: 'c8a257d84a366a9b2f151f58a24c7254') in 0.0365525 seconds
Number of updated asset objects reloaded before import = 0Number of asset objects unloaded after import = 1

========================================================================
Received Import Request.
  Time since last request: 0.000027 seconds.
  path: Assets/LUTE_Starter Scenes/Mapbox/Unity/Map/TileProviders/RangeTileProvider.cs
  artifactKey: Guid(7d7ff8ed3b76a4ee5a451d64a5393e3f) Importer(2089858483,0ecaa5967403d082aa24f35e1b516d23)
Start importing Assets/LUTE_Starter Scenes/Mapbox/Unity/Map/TileProviders/RangeTileProvider.cs using Guid(7d7ff8ed3b76a4ee5a451d64a5393e3f) Importer(2089858483,0ecaa5967403d082aa24f35e1b516d23) (ScriptedImporter) -> (artifact id: '255007fc54a53bf8164d2667182c3ed5') in 0.0183993 seconds
Number of updated asset objects reloaded before import = 0Number of asset objects unloaded after import = 0

========================================================================
Received Import Request.
  Time since last request: 0.000066 seconds.
  path: Assets/LUTE_Starter Scenes/Mapbox/Examples/Resources/maki/wetland-15.png
  artifactKey: Guid(be0ba1cde49b24648ba3ec24fae5059b) Importer(2089858483,0ecaa5967403d082aa24f35e1b516d23)
Start importing Assets/LUTE_Starter Scenes/Mapbox/Examples/Resources/maki/wetland-15.png using Guid(be0ba1cde49b24648ba3ec24fae5059b) Importer(2089858483,0ecaa5967403d082aa24f35e1b516d23) (ScriptedImporter) -> (artifact id: '1c930cc00e74d76d1a4255c702158860') in 0.0507769 seconds
Number of updated asset objects reloaded before import = 0Number of asset objects unloaded after import = 3

========================================================================
Received Import Request.
  Time since last request: 0.000060 seconds.
  path: Assets/LUTE_Starter Scenes/Mapbox/Unity/Map/Strategies/MapPlacementAtTileCenterStrategy.cs
  artifactKey: Guid(559d97f03cf14bf79a007b09ad4f1336) Importer(2089858483,0ecaa5967403d082aa24f35e1b516d23)
Start importing Assets/LUTE_Starter Scenes/Mapbox/Unity/Map/Strategies/MapPlacementAtTileCenterStrategy.cs using Guid(559d97f03cf14bf79a007b09ad4f1336) Importer(2089858483,0ecaa5967403d082aa24f35e1b516d23) (ScriptedImporter) -> (artifact id: '1c7b7f4406bce607e7e1c0b1569512b3') in 0.018555 seconds
Number of updated asset objects reloaded before import = 0Number of asset objects unloaded after import = 0

========================================================================
Received Import Request.
  Time since last request: 0.000031 seconds.
  path: Assets/LUTE_Starter Scenes/Mapbox/Resources/HeroStructures/Prefabs/SalesForceTower.prefab
  artifactKey: Guid(8c4fae6310db68849ad95d5e92cd30fe) Importer(2089858483,0ecaa5967403d082aa24f35e1b516d23)
Start importing Assets/LUTE_Starter Scenes/Mapbox/Resources/HeroStructures/Prefabs/SalesForceTower.prefab using Guid(8c4fae6310db68849ad95d5e92cd30fe) Importer(2089858483,0ecaa5967403d082aa24f35e1b516d23) (ScriptedImporter) -> (artifact id: '4db22637f7fec304c43b770d514bd02b') in 0.0331604 seconds
Number of updated asset objects reloaded before import = 0Number of asset objects unloaded after import = 7

========================================================================
Received Import Request.
  Time since last request: 0.000033 seconds.
  path: Assets/LUTE_Starter Scenes/Mapbox/Examples/Resources/maki/hospital-15.png
  artifactKey: Guid(dcf53dd8cb19651479de8de6bf813e39) Importer(2089858483,0ecaa5967403d082aa24f35e1b516d23)
Start importing Assets/LUTE_Starter Scenes/Mapbox/Examples/Resources/maki/hospital-15.png using Guid(dcf53dd8cb19651479de8de6bf813e39) Importer(2089858483,0ecaa5967403d082aa24f35e1b516d23) (ScriptedImporter) -> (artifact id: 'd890f4bc3c411d4c2873497b98c7c91b') in 0.0555401 seconds
Number of updated asset objects reloaded before import = 0Number of asset objects unloaded after import = 3

========================================================================
Received Import Request.
  Time since last request: 0.000031 seconds.
  path: Assets/LUTE_Starter Scenes/Mapbox/Examples/Resources/maki/square-stroked-15.png
  artifactKey: Guid(2990428a352e2884786762733fceca80) Importer(2089858483,0ecaa5967403d082aa24f35e1b516d23)
Start importing Assets/LUTE_Starter Scenes/Mapbox/Examples/Resources/maki/square-stroked-15.png using Guid(2990428a352e2884786762733fceca80) Importer(2089858483,0ecaa5967403d082aa24f35e1b516d23) (ScriptedImporter) -> (artifact id: '798e2a21bce142a5820df474c7720572') in 0.0521058 seconds
Number of updated asset objects reloaded before import = 0Number of asset objects unloaded after import = 3

========================================================================
Received Import Request.
  Time since last request: 0.000962 seconds.
  path: Assets/LUTE_Starter Scenes/Mapbox/Examples/Resources/maki/bicycle-15.png
  artifactKey: Guid(763e21d069ff11945bcf4afa85ff64ed) Importer(2089858483,0ecaa5967403d082aa24f35e1b516d23)
Start importing Assets/LUTE_Starter Scenes/Mapbox/Examples/Resources/maki/bicycle-15.png using Guid(763e21d069ff11945bcf4afa85ff64ed) Importer(2089858483,0ecaa5967403d082aa24f35e1b516d23) (ScriptedImporter) -> (artifact id: '9c9c0a3ed0d708431cc6a99bf2e30931') in 0.0673732 seconds
Number of updated asset objects reloaded before import = 0Number of asset objects unloaded after import = 3

========================================================================
Received Import Request.
  Time since last request: 0.000023 seconds.
  path: Assets/LUTE/ThirdPartyAssets/InventoryEngine/MMTools/MMDebugOnScreen/Resources/MMDebugOnScreenConsole.prefab
  artifactKey: Guid(dbdbfb7cee2876a42980b6bcd9bc441a) Importer(2089858483,0ecaa5967403d082aa24f35e1b516d23)
Start importing Assets/LUTE/ThirdPartyAssets/InventoryEngine/MMTools/MMDebugOnScreen/Resources/MMDebugOnScreenConsole.prefab using Guid(dbdbfb7cee2876a42980b6bcd9bc441a) Importer(2089858483,0ecaa5967403d082aa24f35e1b516d23) (ScriptedImporter) -> (artifact id: 'b6177334a0fe341bcda8ea950fdbcebe') in 0.0491353 seconds
Number of updated asset objects reloaded before import = 0Number of asset objects unloaded after import = 31

========================================================================
Received Import Request.
  Time since last request: 0.000035 seconds.
  path: Assets/LUTE/ThirdPartyAssets/InventoryEngine/MMTools/MMAudio/MMSoundManager/Events/MMSoundManagerSoundFadeEvent.cs
  artifactKey: Guid(4b96a37932e03d84586c714caa05bf79) Importer(2089858483,0ecaa5967403d082aa24f35e1b516d23)
Start importing Assets/LUTE/ThirdPartyAssets/InventoryEngine/MMTools/MMAudio/MMSoundManager/Events/MMSoundManagerSoundFadeEvent.cs using Guid(4b96a37932e03d84586c714caa05bf79) Importer(2089858483,0ecaa5967403d082aa24f35e1b516d23) (ScriptedImporter) -> (artifact id: '717a94be33869530b5a7182e799bedc0') in 0.0227382 seconds
Number of updated asset objects reloaded before import = 0Number of asset objects unloaded after import = 0

========================================================================
Received Import Request.
  Time since last request: 0.000053 seconds.
  path: Assets/LUTE_Starter Scenes/Mapbox/Examples/2_AstronautGame/AstronautGame/Astronaut/RobotSelector.mat
  artifactKey: Guid(2221fa9c198f67749a5fe7803ff89eda) Importer(2089858483,0ecaa5967403d082aa24f35e1b516d23)
Start importing Assets/LUTE_Starter Scenes/Mapbox/Examples/2_AstronautGame/AstronautGame/Astronaut/RobotSelector.mat using Guid(2221fa9c198f67749a5fe7803ff89eda) Importer(2089858483,0ecaa5967403d082aa24f35e1b516d23) (ScriptedImporter) -> (artifact id: '6d056ce7ddbcabfa5db44447e0a64316') in 0.052299 seconds
Number of updated asset objects reloaded before import = 0Number of asset objects unloaded after import = 3

Editor requested this worker to shutdown with reason: Scaling down because of idle timeout
AssetImportWorker is now disconnected from the server
Process exiting
Exiting without the bug reporter. Application will terminate with return code 0