Using pre-set license
Built from '6000.0/release' branch; Version is '6000.0.29f1 (9fafe5c9db65) revision 10465253'; Using compiler version '193933523'; Build Type 'Release'
OS: 'Windows 10  (10.0.19045) 64bit Professional' Language: 'en' Physical Memory: 16302 MB
BatchMode: 1, IsHumanControllingUs: 0, StartBugReporterOnCrash: 0, Is64bit: 1, IsPro: 1

COMMAND LINE ARGUMENTS:
C:\Program Files\Unity\Hub\Editor\6000.0.29f1\Editor\Unity.exe
-adb2
-batchMode
-noUpm
-name
AssetImportWorker5
-projectPath
F:/Game Design/LoGa/Game 2/AH_LoGaGame2
-logFile
Logs/AssetImportWorker5.log
-srvPort
63134
-job-worker-count
5
-background-job-worker-count
8
-asset-garbage-collectors
1
Successfully changed project path to: F:/Game Design/LoGa/Game 2/AH_LoGaGame2
F:/Game Design/LoGa/Game 2/AH_LoGaGame2
[UnityMemory] Configuration Parameters - Can be set up in boot.config
    "memorysetup-bucket-allocator-granularity=16"
    "memorysetup-bucket-allocator-bucket-count=8"
    "memorysetup-bucket-allocator-block-size=33554432"
    "memorysetup-bucket-allocator-block-count=8"
    "memorysetup-main-allocator-block-size=16777216"
    "memorysetup-thread-allocator-block-size=16777216"
    "memorysetup-gfx-main-allocator-block-size=16777216"
    "memorysetup-gfx-thread-allocator-block-size=16777216"
    "memorysetup-cache-allocator-block-size=4194304"
    "memorysetup-typetree-allocator-block-size=2097152"
    "memorysetup-profiler-bucket-allocator-granularity=16"
    "memorysetup-profiler-bucket-allocator-bucket-count=8"
    "memorysetup-profiler-bucket-allocator-block-size=33554432"
    "memorysetup-profiler-bucket-allocator-block-count=8"
    "memorysetup-profiler-allocator-block-size=16777216"
    "memorysetup-profiler-editor-allocator-block-size=1048576"
    "memorysetup-temp-allocator-size-main=16777216"
    "memorysetup-job-temp-allocator-block-size=2097152"
    "memorysetup-job-temp-allocator-block-size-background=1048576"
    "memorysetup-job-temp-allocator-reduction-small-platforms=262144"
    "memorysetup-allocator-temp-initial-block-size-main=262144"
    "memorysetup-allocator-temp-initial-block-size-worker=262144"
    "memorysetup-temp-allocator-size-background-worker=32768"
    "memorysetup-temp-allocator-size-job-worker=262144"
    "memorysetup-temp-allocator-size-preload-manager=33554432"
    "memorysetup-temp-allocator-size-nav-mesh-worker=65536"
    "memorysetup-temp-allocator-size-audio-worker=65536"
    "memorysetup-temp-allocator-size-cloud-worker=32768"
    "memorysetup-temp-allocator-size-gi-baking-worker=262144"
    "memorysetup-temp-allocator-size-gi-baking-worker=262144"
    "memorysetup-temp-allocator-size-gi-baking-worker=262144"
    "memorysetup-temp-allocator-size-gi-baking-worker=262144"
    "memorysetup-temp-allocator-size-gi-baking-worker=262144"
    "memorysetup-temp-allocator-size-gfx=262144"
Player connection [31268]  Target information:

Player connection [31268]  * "[IP] 192.168.1.153 [Port] 0 [Flags] 2 [Guid] 2515239616 [EditorId] 2515239616 [Version] 1048832 [Id] WindowsEditor(7,AaronsDesktop) [Debug] 1 [PackageName] WindowsEditor [ProjectName] Editor" 

Player connection [31268] Host joined multi-casting on [225.0.0.222:54997]...
Player connection [31268] Host joined alternative multi-casting on [225.0.0.222:34997]...
JobSystem: Creating JobQueue using job-worker-count value 5
[Physics::Module] Initialized fallback backend.
[Physics::Module] Id: 0xdecafbad
Library Redirect Path: Library/
[Physics::Module] Selected backend.
[Physics::Module] Name: PhysX
[Physics::Module] Id: 0xf2b8ea05
[Physics::Module] SDK Version: 4.1.2
[Physics::Module] Integration Version: 1.0.0
[Physics::Module] Threading Mode: Multi-Threaded
Refreshing native plugins compatible for Editor in 413.22 ms, found 6 plugins.
Preloading 0 native plugins for Editor in 0.00 ms.
Initialize engine version: 6000.0.29f1 (9fafe5c9db65)
[Subsystems] Discovering subsystems at path C:/Program Files/Unity/Hub/Editor/6000.0.29f1/Editor/Data/Resources/UnitySubsystems
[Subsystems] Discovering subsystems at path F:/Game Design/LoGa/Game 2/AH_LoGaGame2/Assets
GfxDevice: creating device client; kGfxThreadingModeNonThreaded
Direct3D:
    Version:  Direct3D 11.0 [level 11.1]
    Renderer: NVIDIA GeForce GTX 1660 (ID=0x2184)
    Vendor:   NVIDIA
    VRAM:     5966 MB
    Driver:   32.0.15.7216
Initialize mono
Mono path[0] = 'C:/Program Files/Unity/Hub/Editor/6000.0.29f1/Editor/Data/Managed'
Mono path[1] = 'C:/Program Files/Unity/Hub/Editor/6000.0.29f1/Editor/Data/MonoBleedingEdge/lib/mono/unityjit-win32'
Mono config path = 'C:/Program Files/Unity/Hub/Editor/6000.0.29f1/Editor/Data/MonoBleedingEdge/etc'
Using monoOptions --debugger-agent=transport=dt_socket,embedding=1,server=y,suspend=n,address=127.0.0.1:56472
Begin MonoManager ReloadAssembly
Registering precompiled unity dll's ...
Register platform support module: C:/Program Files/Unity/Hub/Editor/6000.0.29f1/Editor/Data/PlaybackEngines/WindowsStandaloneSupport/UnityEditor.WindowsStandalone.Extensions.dll
Register platform support module: C:/Program Files/Unity/Hub/Editor/6000.0.29f1/Editor/Data/PlaybackEngines/AndroidPlayer/UnityEditor.Android.Extensions.dll
Registered in 0.006277 seconds.
- Loaded All Assemblies, in  1.604 seconds
Native extension for Android target not found
Android Extension - Scanning For ADB Devices 683 ms
Native extension for WindowsStandalone target not found
Mono: successfully reloaded assembly
- Finished resetting the current domain, in  1.810 seconds
Domain Reload Profiling: 3408ms
	BeginReloadAssembly (451ms)
		ExecutionOrderSort (0ms)
		DisableScriptedObjects (0ms)
		BackupInstance (0ms)
		ReleaseScriptingObjects (0ms)
		CreateAndSetChildDomain (1ms)
	RebuildCommonClasses (442ms)
	RebuildNativeTypeToScriptingClass (24ms)
	initialDomainReloadingComplete (94ms)
	LoadAllAssembliesAndSetupDomain (587ms)
		LoadAssemblies (447ms)
		RebuildTransferFunctionScriptingTraits (0ms)
		AnalyzeDomain (582ms)
			TypeCache.Refresh (579ms)
				TypeCache.ScanAssembly (552ms)
			BuildScriptInfoCaches (0ms)
			ResolveRequiredComponents (1ms)
	FinalizeReload (1810ms)
		ReleaseScriptCaches (0ms)
		RebuildScriptCaches (0ms)
		SetupLoadedEditorAssemblies (1714ms)
			LogAssemblyErrors (0ms)
			InitializePlatformSupportModulesInManaged (884ms)
			SetLoadedEditorAssemblies (7ms)
			BeforeProcessingInitializeOnLoad (13ms)
			ProcessInitializeOnLoadAttributes (670ms)
			ProcessInitializeOnLoadMethodAttributes (135ms)
			AfterProcessingInitializeOnLoad (4ms)
			EditorAssembliesLoaded (0ms)
		ExecutionOrderSort2 (0ms)
		AwakeInstancesAfterBackupRestoration (0ms)
========================================================================
Worker process is ready to serve import requests
Import Worker Mode flag is 0x00
Begin MonoManager ReloadAssembly
- Loaded All Assemblies, in  2.583 seconds
Script 'VideoPlayer' has the same name as built-in Unity component.
AddComponent and GetComponent will not work with this script.
Refreshing native plugins compatible for Editor in 11.06 ms, found 6 plugins.
Native extension for Android target not found
Native extension for WindowsStandalone target not found
Package Manager log level set to [2]
[Package Manager] Failed to launch server process. Reason: Unity was launched with the -noUpm command-line argument
[Package Manager] Unable to send message (not connected to server process).
[Package Manager] Cannot connect to Unity Package Manager local server
[Package Manager] Failed to launch server process. Reason: Unity was launched with the -noUpm command-line argument
[Package Manager] Unable to send message (not connected to server process).
[Package Manager] Cannot connect to Unity Package Manager local server
System.Reflection.TargetInvocationException: Exception has been thrown by the target of an invocation. ---> System.TypeInitializationException: The type initializer for 'UnityEditor.XR.Interaction.Toolkit.Samples.ARStarterAssets.Editor.ARStarterAssetsSampleProjectValidation' threw an exception. ---> System.NullReferenceException: Object reference not set to an instance of an object
  at Unity.XR.CoreUtils.Editor.PackageVersionUtility.UpdatePackageVersions () [0x00034] in .\Library\PackageCache\com.unity.xr.core-utils\Editor\ProjectValidation\PackageVersionUtility.cs:46 
  at Unity.XR.CoreUtils.Editor.PackageVersionUtility.GetPackageVersion (System.String packageName) [0x00011] in .\Library\PackageCache\com.unity.xr.core-utils\Editor\ProjectValidation\PackageVersionUtility.cs:67 
  at UnityEditor.XR.Interaction.Toolkit.Samples.ARStarterAssets.Editor.ARStarterAssetsSampleProjectValidation..cctor () [0x00032] in F:\Game Design\LoGa\Game 2\AH_LoGaGame2\Assets\LUTE\ThirdPartyAssets\XR\Samples\XR Interaction Toolkit\3.0.7\AR Starter Assets\Editor\Scripts\ARStarterAssetsSampleProjectValidation.cs:32 
   --- End of inner exception stack trace ---
  at (wrapper managed-to-native) System.Object.__icall_wrapper_mono_gc_wbarrier_generic_nostore_internal(intptr)
  at (wrapper write-barrier) System.Object.wbarrier_conc(intptr)
  at (wrapper managed-to-native) System.Reflection.RuntimeMethodInfo.InternalInvoke(System.Reflection.RuntimeMethodInfo,object,object[],System.Exception&)
  at System.Reflection.RuntimeMethodInfo.Invoke (System.Object obj, System.Reflection.BindingFlags invokeAttr, System.Reflection.Binder binder, System.Object[] parameters, System.Globalization.CultureInfo culture) [0x0006a] in <ed969b0e627d471da4848289f9c322df>:0 
   --- End of inner exception stack trace ---
  at System.Reflection.RuntimeMethodInfo.Invoke (System.Object obj, System.Reflection.BindingFlags invokeAttr, System.Reflection.Binder binder, System.Object[] parameters, System.Globalization.CultureInfo culture) [0x00083] in <ed969b0e627d471da4848289f9c322df>:0 
  at System.Reflection.MethodBase.Invoke (System.Object obj, System.Object[] parameters) [0x00000] in <ed969b0e627d471da4848289f9c322df>:0 
  at UnityEditor.EditorAssemblies.ProcessInitializeOnLoadMethodAttributes () [0x00056] in <20f98a04ac634cc8bf5f95425bb19bb9>:0 
UnityEngine.Debug:ExtractStackTraceNoAlloc (byte*,int,string)
UnityEngine.StackTraceUtility:ExtractStackTrace ()
UnityEngine.DebugLogHandler:Internal_Log (UnityEngine.LogType,UnityEngine.LogOption,string,UnityEngine.Object)
UnityEngine.DebugLogHandler:LogFormat (UnityEngine.LogType,UnityEngine.Object,string,object[])
UnityEngine.Logger:Log (UnityEngine.LogType,object)
UnityEngine.Debug:LogError (object)
UnityEditor.EditorAssemblies:ProcessInitializeOnLoadMethodAttributes ()

Mono: successfully reloaded assembly
[Package Manager] Failed to launch server process. Reason: Unity was launched with the -noUpm command-line argument
[Package Manager] Unable to send message (not connected to server process).
[Package Manager] Cannot connect to Unity Package Manager local server
[Package Manager] Failed to launch server process. Reason: Unity was launched with the -noUpm command-line argument
[Package Manager] Unable to send message (not connected to server process).
[Package Manager] Cannot connect to Unity Package Manager local server
- Finished resetting the current domain, in  3.040 seconds
Domain Reload Profiling: 5616ms
	BeginReloadAssembly (344ms)
		ExecutionOrderSort (0ms)
		DisableScriptedObjects (11ms)
		BackupInstance (0ms)
		ReleaseScriptingObjects (0ms)
		CreateAndSetChildDomain (60ms)
	RebuildCommonClasses (75ms)
	RebuildNativeTypeToScriptingClass (26ms)
	initialDomainReloadingComplete (83ms)
	LoadAllAssembliesAndSetupDomain (2047ms)
		LoadAssemblies (1358ms)
		RebuildTransferFunctionScriptingTraits (0ms)
		AnalyzeDomain (888ms)
			TypeCache.Refresh (604ms)
				TypeCache.ScanAssembly (544ms)
			BuildScriptInfoCaches (245ms)
			ResolveRequiredComponents (33ms)
	FinalizeReload (3041ms)
		ReleaseScriptCaches (0ms)
		RebuildScriptCaches (0ms)
		SetupLoadedEditorAssemblies (2644ms)
			LogAssemblyErrors (0ms)
			InitializePlatformSupportModulesInManaged (29ms)
			SetLoadedEditorAssemblies (28ms)
			BeforeProcessingInitializeOnLoad (384ms)
			ProcessInitializeOnLoadAttributes (1889ms)
			ProcessInitializeOnLoadMethodAttributes (289ms)
			AfterProcessingInitializeOnLoad (24ms)
			EditorAssembliesLoaded (1ms)
		ExecutionOrderSort2 (0ms)
		AwakeInstancesAfterBackupRestoration (14ms)
Launched and connected shader compiler UnityShaderCompiler.exe after 0.06 seconds
Refreshing native plugins compatible for Editor in 7.74 ms, found 6 plugins.
Preloading 0 native plugins for Editor in 0.00 ms.
Unloading 142 Unused Serialized files (Serialized files now loaded: 0)
Unloading 8540 unused Assets / (6.3 MB). Loaded Objects now: 9027.
Memory consumption went from 212.5 MB to 206.1 MB.
Total: 35.723200 ms (FindLiveObjects: 5.594600 ms CreateObjectMapping: 3.724100 ms MarkObjects: 14.968900 ms  DeleteObjects: 11.428300 ms)

========================================================================
Received Import Request.
  Time since last request: 685984.399217 seconds.
  path: Assets/LUTE_Starter Scenes/Mapbox/Examples/Resources/LowPolyTerrainMaterial.mat
  artifactKey: Guid(03fcf11879198499f9e71b4e087af3c0) Importer(2089858483,0ecaa5967403d082aa24f35e1b516d23)
Start importing Assets/LUTE_Starter Scenes/Mapbox/Examples/Resources/LowPolyTerrainMaterial.mat using Guid(03fcf11879198499f9e71b4e087af3c0) Importer(2089858483,0ecaa5967403d082aa24f35e1b516d23) (ScriptedImporter) -> (artifact id: 'bc4bdafade0f0d6f05303e31d90cfa3a') in 0.3253576 seconds
Number of updated asset objects reloaded before import = 0Number of asset objects unloaded after import = 2

========================================================================
Received Import Request.
  Time since last request: 0.000036 seconds.
  path: Assets/LUTE/ThirdPartyAssets/TextMesh Pro/Documentation/TextMesh Pro User Guide 2016.pdf
  artifactKey: Guid(1b8d251f9af63b746bf2f7ffe00ebb9b) Importer(2089858483,0ecaa5967403d082aa24f35e1b516d23)
Start importing Assets/LUTE/ThirdPartyAssets/TextMesh Pro/Documentation/TextMesh Pro User Guide 2016.pdf using Guid(1b8d251f9af63b746bf2f7ffe00ebb9b) Importer(2089858483,0ecaa5967403d082aa24f35e1b516d23) (ScriptedImporter) -> (artifact id: '254472e7076e65d6e78093e2047e8d78') in 0.0195077 seconds
Number of updated asset objects reloaded before import = 0Number of asset objects unloaded after import = 1

========================================================================
Received Import Request.
  Time since last request: 0.000037 seconds.
  path: Assets/LUTE/ThirdPartyAssets/LeanTween/Testing/TestingRotate.cs
  artifactKey: Guid(7cfb0dbe21e2e4ed98e890f53d936b12) Importer(2089858483,0ecaa5967403d082aa24f35e1b516d23)
Start importing Assets/LUTE/ThirdPartyAssets/LeanTween/Testing/TestingRotate.cs using Guid(7cfb0dbe21e2e4ed98e890f53d936b12) Importer(2089858483,0ecaa5967403d082aa24f35e1b516d23) (ScriptedImporter) -> (artifact id: 'f2f6275d6bede9371f4435765d8e005f') in 0.0682957 seconds
Number of updated asset objects reloaded before import = 0Number of asset objects unloaded after import = 0

========================================================================
Received Import Request.
  Time since last request: 0.000266 seconds.
  path: Assets/LUTE/ThirdPartyAssets/TextMesh Pro/Resources/TMP Settings.asset
  artifactKey: Guid(3f5b5dff67a942289a9defa416b206f3) Importer(2089858483,0ecaa5967403d082aa24f35e1b516d23)
Start importing Assets/LUTE/ThirdPartyAssets/TextMesh Pro/Resources/TMP Settings.asset using Guid(3f5b5dff67a942289a9defa416b206f3) Importer(2089858483,0ecaa5967403d082aa24f35e1b516d23) (ScriptedImporter) -> (artifact id: 'fe643d81b2d52b26a6982a8344dd4887') in 0.1436107 seconds
Number of updated asset objects reloaded before import = 0Number of asset objects unloaded after import = 15

========================================================================
Received Import Request.
  Time since last request: 0.000031 seconds.
  path: Assets/LUTE/ThirdPartyAssets/TextMesh Pro/Shaders/TMP_SDF-URP Lit.shadergraph
  artifactKey: Guid(a3d800b099a06e0478fb790c5e79057a) Importer(2089858483,0ecaa5967403d082aa24f35e1b516d23)
Start importing Assets/LUTE/ThirdPartyAssets/TextMesh Pro/Shaders/TMP_SDF-URP Lit.shadergraph using Guid(a3d800b099a06e0478fb790c5e79057a) Importer(2089858483,0ecaa5967403d082aa24f35e1b516d23) (ScriptedImporter) -> (artifact id: '5f890217adfbe56229b2934e52afa897') in 0.0508806 seconds
Number of updated asset objects reloaded before import = 0Number of asset objects unloaded after import = 3

========================================================================
Received Import Request.
  Time since last request: 0.000036 seconds.
  path: Assets/LUTE_Starter Scenes/Mapbox/Examples/Resources/Frame.png
  artifactKey: Guid(08b4886c5f0c3ff44b22f58629865352) Importer(2089858483,0ecaa5967403d082aa24f35e1b516d23)
Start importing Assets/LUTE_Starter Scenes/Mapbox/Examples/Resources/Frame.png using Guid(08b4886c5f0c3ff44b22f58629865352) Importer(2089858483,0ecaa5967403d082aa24f35e1b516d23) (ScriptedImporter) -> (artifact id: 'db6cbc1ac29d3777f015b93cefd30733') in 0.1167391 seconds
Number of updated asset objects reloaded before import = 0Number of asset objects unloaded after import = 3

========================================================================
Received Import Request.
  Time since last request: 0.000020 seconds.
  path: Assets/LUTE_Starter Scenes/Mapbox/Examples/1_DataExplorer/DataExplorer.unity
  artifactKey: Guid(028ca2c46390a4409bcf0fae61aef3b3) Importer(2089858483,0ecaa5967403d082aa24f35e1b516d23)
Start importing Assets/LUTE_Starter Scenes/Mapbox/Examples/1_DataExplorer/DataExplorer.unity using Guid(028ca2c46390a4409bcf0fae61aef3b3) Importer(2089858483,0ecaa5967403d082aa24f35e1b516d23) (ScriptedImporter) -> (artifact id: '5513f8108f611f25c0c1ee5c7a336028') in 0.0169533 seconds
Number of updated asset objects reloaded before import = 0Number of asset objects unloaded after import = 1

========================================================================
Received Import Request.
  Time since last request: 0.000028 seconds.
  path: Assets/LUTE_Starter Scenes/Mapbox/Examples/0_PrefabScenes/Location-basedGame.unity
  artifactKey: Guid(42f6aa7ce7a604f16ade319663f46ceb) Importer(2089858483,0ecaa5967403d082aa24f35e1b516d23)
Start importing Assets/LUTE_Starter Scenes/Mapbox/Examples/0_PrefabScenes/Location-basedGame.unity using Guid(42f6aa7ce7a604f16ade319663f46ceb) Importer(2089858483,0ecaa5967403d082aa24f35e1b516d23) (ScriptedImporter) -> (artifact id: '2d8a03fafd09ac3b28cd076288808ea0') in 0.0195547 seconds
Number of updated asset objects reloaded before import = 0Number of asset objects unloaded after import = 1

========================================================================
Received Import Request.
  Time since last request: 0.000078 seconds.
  path: Assets/LUTE_Starter Scenes/Mapbox/Examples/1_DataExplorer/Map.prefab
  artifactKey: Guid(7276162b9191b7d4c980c9d624bc2e25) Importer(2089858483,0ecaa5967403d082aa24f35e1b516d23)
Start importing Assets/LUTE_Starter Scenes/Mapbox/Examples/1_DataExplorer/Map.prefab using Guid(7276162b9191b7d4c980c9d624bc2e25) Importer(2089858483,0ecaa5967403d082aa24f35e1b516d23) (ScriptedImporter) -> (artifact id: '7531177898906f0cef1f38d13efda40b') in 0.1225407 seconds
Number of updated asset objects reloaded before import = 0Number of asset objects unloaded after import = 62

========================================================================
Received Import Request.
  Time since last request: 0.000030 seconds.
  path: Assets/LUTE/ThirdPartyAssets/LeanTween/Testing/Testing248Settings.lighting
  artifactKey: Guid(ff37bbe439fb6ec42a3f720fd13688ce) Importer(2089858483,0ecaa5967403d082aa24f35e1b516d23)
Start importing Assets/LUTE/ThirdPartyAssets/LeanTween/Testing/Testing248Settings.lighting using Guid(ff37bbe439fb6ec42a3f720fd13688ce) Importer(2089858483,0ecaa5967403d082aa24f35e1b516d23) (ScriptedImporter) -> (artifact id: 'c40203090c708be7350a9521ff1a49a3') in 0.0460342 seconds
Number of updated asset objects reloaded before import = 0Number of asset objects unloaded after import = 1

========================================================================
Received Import Request.
  Time since last request: 0.000038 seconds.
  path: Assets/LUTE/ThirdPartyAssets/XRI/Settings/XRInteractionEditorSettings.asset
  artifactKey: Guid(c439752f4a0661e4da29782797d71f0d) Importer(2089858483,0ecaa5967403d082aa24f35e1b516d23)
Start importing Assets/LUTE/ThirdPartyAssets/XRI/Settings/XRInteractionEditorSettings.asset using Guid(c439752f4a0661e4da29782797d71f0d) Importer(2089858483,0ecaa5967403d082aa24f35e1b516d23) (ScriptedImporter) -> (artifact id: '818dd1c004ac81f06e6293509713d80c') in 0.026732 seconds
Number of updated asset objects reloaded before import = 0Number of asset objects unloaded after import = 1

========================================================================
Received Import Request.
  Time since last request: 0.000021 seconds.
  path: Assets/LUTE/ThirdPartyAssets/XR/Loaders/SimulationLoader.asset
  artifactKey: Guid(a234bdece672fb245a1419fd7ef9bc59) Importer(2089858483,0ecaa5967403d082aa24f35e1b516d23)
Start importing Assets/LUTE/ThirdPartyAssets/XR/Loaders/SimulationLoader.asset using Guid(a234bdece672fb245a1419fd7ef9bc59) Importer(2089858483,0ecaa5967403d082aa24f35e1b516d23) (ScriptedImporter) -> (artifact id: 'b80e26bcfe21bf3a424221cf2f1537c4') in 0.0185096 seconds
Number of updated asset objects reloaded before import = 0Number of asset objects unloaded after import = 1

========================================================================
Received Import Request.
  Time since last request: 0.000041 seconds.
  path: Assets/LUTE_Starter Scenes/Mapbox/Examples/Resources/ModerateTrafficMat.mat
  artifactKey: Guid(8f3e37f3a85060c47b951b5c10c03e39) Importer(2089858483,0ecaa5967403d082aa24f35e1b516d23)
Start importing Assets/LUTE_Starter Scenes/Mapbox/Examples/Resources/ModerateTrafficMat.mat using Guid(8f3e37f3a85060c47b951b5c10c03e39) Importer(2089858483,0ecaa5967403d082aa24f35e1b516d23) (ScriptedImporter) -> (artifact id: '979fd0f9327c0f00068af46ecec822c5') in 0.0781327 seconds
Number of updated asset objects reloaded before import = 0Number of asset objects unloaded after import = 2

========================================================================
Received Import Request.
  Time since last request: 0.069359 seconds.
  path: Assets/LUTE_Starter Scenes/Mapbox/Examples/Resources/roadTest.png
  artifactKey: Guid(a3edef48e8d373841a5c1c5abea5c9af) Importer(2089858483,0ecaa5967403d082aa24f35e1b516d23)
Start importing Assets/LUTE_Starter Scenes/Mapbox/Examples/Resources/roadTest.png using Guid(a3edef48e8d373841a5c1c5abea5c9af) Importer(2089858483,0ecaa5967403d082aa24f35e1b516d23) (ScriptedImporter) -> (artifact id: 'f1a5bcf3a97263e437e692a34ab69239') in 0.0360177 seconds
Number of updated asset objects reloaded before import = 0Number of asset objects unloaded after import = 1

========================================================================
Received Import Request.
  Time since last request: 0.000029 seconds.
  path: Assets/LUTE_Starter Scenes/Mapbox/Examples/_sharedModules/StyledBuildingVisualizer.asset
  artifactKey: Guid(69e43c5ee5f5f6b46a12bf3f1ba27039) Importer(2089858483,0ecaa5967403d082aa24f35e1b516d23)
Start importing Assets/LUTE_Starter Scenes/Mapbox/Examples/_sharedModules/StyledBuildingVisualizer.asset using Guid(69e43c5ee5f5f6b46a12bf3f1ba27039) Importer(2089858483,0ecaa5967403d082aa24f35e1b516d23) (ScriptedImporter) -> (artifact id: '2d9b3f616732935ff7e9b0df16b2a595') in 0.0391382 seconds
Number of updated asset objects reloaded before import = 0Number of asset objects unloaded after import = 1

========================================================================
Received Import Request.
  Time since last request: 0.000028 seconds.
  path: Assets/LUTE_Starter Scenes/Mapbox/Examples/_sharedModules/TerrainVectorTileFactory.asset
  artifactKey: Guid(e4c27502735c942dca373c40a29e5a58) Importer(2089858483,0ecaa5967403d082aa24f35e1b516d23)
Start importing Assets/LUTE_Starter Scenes/Mapbox/Examples/_sharedModules/TerrainVectorTileFactory.asset using Guid(e4c27502735c942dca373c40a29e5a58) Importer(2089858483,0ecaa5967403d082aa24f35e1b516d23) (ScriptedImporter) -> (artifact id: 'fe893edb38cc4a5bae328e7d08fbe331') in 0.0303455 seconds
Number of updated asset objects reloaded before import = 0Number of asset objects unloaded after import = 1

========================================================================
Received Import Request.
  Time since last request: 0.000020 seconds.
  path: Assets/LUTE_Starter Scenes/Mapbox/Unity/Editor/FeatureBehaviourEditor.cs
  artifactKey: Guid(54536e5537a66a842818be9fc7a7d6f3) Importer(2089858483,0ecaa5967403d082aa24f35e1b516d23)
Start importing Assets/LUTE_Starter Scenes/Mapbox/Unity/Editor/FeatureBehaviourEditor.cs using Guid(54536e5537a66a842818be9fc7a7d6f3) Importer(2089858483,0ecaa5967403d082aa24f35e1b516d23) (ScriptedImporter) -> (artifact id: 'a8c420e272fc1a34e318c8b75b373a76') in 0.0203954 seconds
Number of updated asset objects reloaded before import = 0Number of asset objects unloaded after import = 0

========================================================================
Received Import Request.
  Time since last request: 0.000026 seconds.
  path: Assets/LUTE_Starter Scenes/Mapbox/Examples/_sharedModules/BasicsVectorTileFactory.asset
  artifactKey: Guid(ee4d24cec5a998543b716563b2b77dae) Importer(2089858483,0ecaa5967403d082aa24f35e1b516d23)
Start importing Assets/LUTE_Starter Scenes/Mapbox/Examples/_sharedModules/BasicsVectorTileFactory.asset using Guid(ee4d24cec5a998543b716563b2b77dae) Importer(2089858483,0ecaa5967403d082aa24f35e1b516d23) (ScriptedImporter) -> (artifact id: '84ce3251ec5312acb3795dc4c2cfc5e4') in 0.0290595 seconds
Number of updated asset objects reloaded before import = 0Number of asset objects unloaded after import = 1

========================================================================
Received Import Request.
  Time since last request: 0.000022 seconds.
  path: Assets/LUTE_Starter Scenes/Mapbox/Examples/_sharedModules/StylingVectorTileFactory.asset
  artifactKey: Guid(923119689e177024682db7c643a8d54b) Importer(2089858483,0ecaa5967403d082aa24f35e1b516d23)
Start importing Assets/LUTE_Starter Scenes/Mapbox/Examples/_sharedModules/StylingVectorTileFactory.asset using Guid(923119689e177024682db7c643a8d54b) Importer(2089858483,0ecaa5967403d082aa24f35e1b516d23) (ScriptedImporter) -> (artifact id: '2b0730c42d9aa7e2a752451044a6b11f') in 0.0298219 seconds
Number of updated asset objects reloaded before import = 0Number of asset objects unloaded after import = 1

========================================================================
Received Import Request.
  Time since last request: 0.000027 seconds.
  path: Assets/LUTE_Starter Scenes/Mapbox/Examples/Resources/Water.mat
  artifactKey: Guid(4052583f8c58c0e4c852742d5b8f0649) Importer(2089858483,0ecaa5967403d082aa24f35e1b516d23)
Start importing Assets/LUTE_Starter Scenes/Mapbox/Examples/Resources/Water.mat using Guid(4052583f8c58c0e4c852742d5b8f0649) Importer(2089858483,0ecaa5967403d082aa24f35e1b516d23) (ScriptedImporter) -> (artifact id: '14bb1a5cc1116cc2fbaa168c8ef8d03d') in 0.0295017 seconds
Number of updated asset objects reloaded before import = 0Number of asset objects unloaded after import = 1

========================================================================
Received Import Request.
  Time since last request: 0.000032 seconds.
  path: Assets/LUTE_Starter Scenes/Mapbox/Examples/Scripts/LocationStatus.cs
  artifactKey: Guid(57387868ef277924ea4a999647c6db75) Importer(2089858483,0ecaa5967403d082aa24f35e1b516d23)
Start importing Assets/LUTE_Starter Scenes/Mapbox/Examples/Scripts/LocationStatus.cs using Guid(57387868ef277924ea4a999647c6db75) Importer(2089858483,0ecaa5967403d082aa24f35e1b516d23) (ScriptedImporter) -> (artifact id: '178990da2834828bd820eee2a41fddd9') in 0.018992 seconds
Number of updated asset objects reloaded before import = 0Number of asset objects unloaded after import = 0

========================================================================
Received Import Request.
  Time since last request: 0.000024 seconds.
  path: Assets/LUTE_Starter Scenes/Mapbox/Examples/Scripts/LoadingPanelController.cs
  artifactKey: Guid(81f500634e518f74bbba30a8e7d186bd) Importer(2089858483,0ecaa5967403d082aa24f35e1b516d23)
Start importing Assets/LUTE_Starter Scenes/Mapbox/Examples/Scripts/LoadingPanelController.cs using Guid(81f500634e518f74bbba30a8e7d186bd) Importer(2089858483,0ecaa5967403d082aa24f35e1b516d23) (ScriptedImporter) -> (artifact id: '17ba6eccdff96a1ab006162f75744116') in 0.0217196 seconds
Number of updated asset objects reloaded before import = 0Number of asset objects unloaded after import = 0

========================================================================
Received Import Request.
  Time since last request: 0.000061 seconds.
  path: Assets/LUTE_Starter Scenes/Mapbox/Examples/_sharedModules/DirectionsLine.asset
  artifactKey: Guid(d31b2cb2a75a54d5bb6402fe0bd8c6cf) Importer(2089858483,0ecaa5967403d082aa24f35e1b516d23)
Start importing Assets/LUTE_Starter Scenes/Mapbox/Examples/_sharedModules/DirectionsLine.asset using Guid(d31b2cb2a75a54d5bb6402fe0bd8c6cf) Importer(2089858483,0ecaa5967403d082aa24f35e1b516d23) (ScriptedImporter) -> (artifact id: '77f82feae2a3654625d71a75f013be22') in 0.0208758 seconds
Number of updated asset objects reloaded before import = 0Number of asset objects unloaded after import = 1

========================================================================
Received Import Request.
  Time since last request: 0.000022 seconds.
  path: Assets/LUTE_Starter Scenes/Mapbox/Unity/Editor/FeatureTreeElement.cs
  artifactKey: Guid(e5ff51a6bc84040388ff12a051e5a758) Importer(2089858483,0ecaa5967403d082aa24f35e1b516d23)
Start importing Assets/LUTE_Starter Scenes/Mapbox/Unity/Editor/FeatureTreeElement.cs using Guid(e5ff51a6bc84040388ff12a051e5a758) Importer(2089858483,0ecaa5967403d082aa24f35e1b516d23) (ScriptedImporter) -> (artifact id: '2199f4560919ec5aec178db6c277d188') in 0.0194719 seconds
Number of updated asset objects reloaded before import = 0Number of asset objects unloaded after import = 0

========================================================================
Received Import Request.
  Time since last request: 0.000044 seconds.
  path: Assets/LUTE_Starter Scenes/Mapbox/Examples/Resources/Selector.prefab
  artifactKey: Guid(0f2328827ebdbc1419707178041b852b) Importer(2089858483,0ecaa5967403d082aa24f35e1b516d23)
Start importing Assets/LUTE_Starter Scenes/Mapbox/Examples/Resources/Selector.prefab using Guid(0f2328827ebdbc1419707178041b852b) Importer(2089858483,0ecaa5967403d082aa24f35e1b516d23) (ScriptedImporter) -> (artifact id: '978f55185cd8c5a6307e11409c2c3d7a') in 0.0485228 seconds
Number of updated asset objects reloaded before import = 0Number of asset objects unloaded after import = 22

========================================================================
Received Import Request.
  Time since last request: 0.000022 seconds.
  path: Assets/LUTE_Starter Scenes/Mapbox/Unity/Editor/AddMonoBehavioursModifierDrawer.cs
  artifactKey: Guid(46a3e6ae0815b434c88985c91af9364d) Importer(2089858483,0ecaa5967403d082aa24f35e1b516d23)
Start importing Assets/LUTE_Starter Scenes/Mapbox/Unity/Editor/AddMonoBehavioursModifierDrawer.cs using Guid(46a3e6ae0815b434c88985c91af9364d) Importer(2089858483,0ecaa5967403d082aa24f35e1b516d23) (ScriptedImporter) -> (artifact id: '9ab1bc9f97622a6df77acfcf0dc57a67') in 0.0210547 seconds
Number of updated asset objects reloaded before import = 0Number of asset objects unloaded after import = 0

========================================================================
Received Import Request.
  Time since last request: 0.000041 seconds.
  path: Assets/LUTE_Starter Scenes/Mapbox/Unity/DataContainers/MapOptions.cs
  artifactKey: Guid(5d04cfc6bdccb40148fc327eca9fd012) Importer(2089858483,0ecaa5967403d082aa24f35e1b516d23)
Start importing Assets/LUTE_Starter Scenes/Mapbox/Unity/DataContainers/MapOptions.cs using Guid(5d04cfc6bdccb40148fc327eca9fd012) Importer(2089858483,0ecaa5967403d082aa24f35e1b516d23) (ScriptedImporter) -> (artifact id: 'dac9da60553b83872263c851ef865649') in 0.0204634 seconds
Number of updated asset objects reloaded before import = 0Number of asset objects unloaded after import = 0

========================================================================
Received Import Request.
  Time since last request: 0.000025 seconds.
  path: Assets/LUTE_Starter Scenes/Mapbox/Examples/_sharedModules/ContourMergedStyle.asset
  artifactKey: Guid(b3647897e3930654caf419e243c60bfc) Importer(2089858483,0ecaa5967403d082aa24f35e1b516d23)
Start importing Assets/LUTE_Starter Scenes/Mapbox/Examples/_sharedModules/ContourMergedStyle.asset using Guid(b3647897e3930654caf419e243c60bfc) Importer(2089858483,0ecaa5967403d082aa24f35e1b516d23) (ScriptedImporter) -> (artifact id: 'a3d69f531c447260e735ed32f0625820') in 0.0331714 seconds
Number of updated asset objects reloaded before import = 0Number of asset objects unloaded after import = 3

========================================================================
Received Import Request.
  Time since last request: 0.000035 seconds.
  path: Assets/LUTE_Starter Scenes/Mapbox/Unity/DataContainers/TerrainSideWallOptions.cs
  artifactKey: Guid(cd7e5d3c41f4f4894871e76b0d68a448) Importer(2089858483,0ecaa5967403d082aa24f35e1b516d23)
Start importing Assets/LUTE_Starter Scenes/Mapbox/Unity/DataContainers/TerrainSideWallOptions.cs using Guid(cd7e5d3c41f4f4894871e76b0d68a448) Importer(2089858483,0ecaa5967403d082aa24f35e1b516d23) (ScriptedImporter) -> (artifact id: '3710996fd41957502ade53460d6ac6a6') in 0.0175274 seconds
Number of updated asset objects reloaded before import = 0Number of asset objects unloaded after import = 0

========================================================================
Received Import Request.
  Time since last request: 0.000033 seconds.
  path: Assets/LUTE_Starter Scenes/Mapbox/Examples/_sharedModules/HeightModifier.asset
  artifactKey: Guid(a49403503b2b1534f832833cbd477437) Importer(2089858483,0ecaa5967403d082aa24f35e1b516d23)
Start importing Assets/LUTE_Starter Scenes/Mapbox/Examples/_sharedModules/HeightModifier.asset using Guid(a49403503b2b1534f832833cbd477437) Importer(2089858483,0ecaa5967403d082aa24f35e1b516d23) (ScriptedImporter) -> (artifact id: 'e9ac31718acb94558550b7be1c25f792') in 0.0184227 seconds
Number of updated asset objects reloaded before import = 0Number of asset objects unloaded after import = 1

========================================================================
Received Import Request.
  Time since last request: 0.000019 seconds.
  path: Assets/LUTE_Starter Scenes/Mapbox/Examples/_sharedModules/AddToTreeCollectionModifier.asset
  artifactKey: Guid(d534c6a861f735c4dab3990ac3c05158) Importer(2089858483,0ecaa5967403d082aa24f35e1b516d23)
Start importing Assets/LUTE_Starter Scenes/Mapbox/Examples/_sharedModules/AddToTreeCollectionModifier.asset using Guid(d534c6a861f735c4dab3990ac3c05158) Importer(2089858483,0ecaa5967403d082aa24f35e1b516d23) (ScriptedImporter) -> (artifact id: '479a6bc24737287cb3d3da1ac845b4b6') in 0.0211957 seconds
Number of updated asset objects reloaded before import = 0Number of asset objects unloaded after import = 2

========================================================================
Received Import Request.
  Time since last request: 0.000026 seconds.
  path: Assets/LUTE_Starter Scenes/Mapbox/Examples/_sharedModules/PoiDemoUiPoiVisualizer.asset
  artifactKey: Guid(3395a1a7d9533a74591d5ae0381edbfe) Importer(2089858483,0ecaa5967403d082aa24f35e1b516d23)
Start importing Assets/LUTE_Starter Scenes/Mapbox/Examples/_sharedModules/PoiDemoUiPoiVisualizer.asset using Guid(3395a1a7d9533a74591d5ae0381edbfe) Importer(2089858483,0ecaa5967403d082aa24f35e1b516d23) (ScriptedImporter) -> (artifact id: 'c6fcb00b3a90a7daf695ba8eca2e6024') in 0.0320616 seconds
Number of updated asset objects reloaded before import = 0Number of asset objects unloaded after import = 1

========================================================================
Received Import Request.
  Time since last request: 0.000361 seconds.
  path: Assets/LUTE_Starter Scenes/Mapbox/Examples/Resources/TransparentGreyMaterial.mat
  artifactKey: Guid(497423d004c7f44f690e8f82bed81904) Importer(2089858483,0ecaa5967403d082aa24f35e1b516d23)
Start importing Assets/LUTE_Starter Scenes/Mapbox/Examples/Resources/TransparentGreyMaterial.mat using Guid(497423d004c7f44f690e8f82bed81904) Importer(2089858483,0ecaa5967403d082aa24f35e1b516d23) (ScriptedImporter) -> (artifact id: '132c5ab9eda1481162fc91507acddbe0') in 0.0207483 seconds
Number of updated asset objects reloaded before import = 0Number of asset objects unloaded after import = 1

========================================================================
Received Import Request.
  Time since last request: 0.000020 seconds.
  path: Assets/LUTE_Starter Scenes/Mapbox/Examples/Scripts/PoiLabelTextSetter.cs
  artifactKey: Guid(ba99666da3af044c0ae878f372ea4115) Importer(2089858483,0ecaa5967403d082aa24f35e1b516d23)
Start importing Assets/LUTE_Starter Scenes/Mapbox/Examples/Scripts/PoiLabelTextSetter.cs using Guid(ba99666da3af044c0ae878f372ea4115) Importer(2089858483,0ecaa5967403d082aa24f35e1b516d23) (ScriptedImporter) -> (artifact id: '502987284e1aa163323d728b3a52e618') in 0.0180268 seconds
Number of updated asset objects reloaded before import = 0Number of asset objects unloaded after import = 0

========================================================================
Received Import Request.
  Time since last request: 0.000141 seconds.
  path: Assets/LUTE_Starter Scenes/Mapbox/Unity/DataContainers/ExtentOptions.cs
  artifactKey: Guid(e2169b8754ae6418f97dcea8b7ca62e2) Importer(2089858483,0ecaa5967403d082aa24f35e1b516d23)
Start importing Assets/LUTE_Starter Scenes/Mapbox/Unity/DataContainers/ExtentOptions.cs using Guid(e2169b8754ae6418f97dcea8b7ca62e2) Importer(2089858483,0ecaa5967403d082aa24f35e1b516d23) (ScriptedImporter) -> (artifact id: 'ab8271af64a732a4e4a1edee3e3ce45b') in 0.0176221 seconds
Number of updated asset objects reloaded before import = 0Number of asset objects unloaded after import = 0

========================================================================
Received Import Request.
  Time since last request: 0.000066 seconds.
  path: Assets/LUTE_Starter Scenes/Mapbox/Examples/_sharedModules/StylizedMapImageFactory.asset
  artifactKey: Guid(6d4ed53de8faf4af593ed0fa52208909) Importer(2089858483,0ecaa5967403d082aa24f35e1b516d23)
Start importing Assets/LUTE_Starter Scenes/Mapbox/Examples/_sharedModules/StylizedMapImageFactory.asset using Guid(6d4ed53de8faf4af593ed0fa52208909) Importer(2089858483,0ecaa5967403d082aa24f35e1b516d23) (ScriptedImporter) -> (artifact id: '6735b9faf1dc5d824abe5dc07f14075b') in 0.0323343 seconds
Number of updated asset objects reloaded before import = 0Number of asset objects unloaded after import = 1

========================================================================
Received Import Request.
  Time since last request: 0.000042 seconds.
  path: Assets/LUTE_Starter Scenes/Mapbox/Examples/_sharedModules/SnapTerrainModifier.asset
  artifactKey: Guid(c1c619f43a2cb5b4a8cbc80e9e814804) Importer(2089858483,0ecaa5967403d082aa24f35e1b516d23)
Start importing Assets/LUTE_Starter Scenes/Mapbox/Examples/_sharedModules/SnapTerrainModifier.asset using Guid(c1c619f43a2cb5b4a8cbc80e9e814804) Importer(2089858483,0ecaa5967403d082aa24f35e1b516d23) (ScriptedImporter) -> (artifact id: '00572f77e3a8b54e238e0b00a2ca7d16') in 0.020112 seconds
Number of updated asset objects reloaded before import = 0Number of asset objects unloaded after import = 1

========================================================================
Received Import Request.
  Time since last request: 0.000033 seconds.
  path: Assets/LUTE_Starter Scenes/Mapbox/Unity/Editor/FeatureSectionMultiColumnHeader.cs
  artifactKey: Guid(07bf8462a630d4aad95ad6e2fb8b2923) Importer(2089858483,0ecaa5967403d082aa24f35e1b516d23)
Start importing Assets/LUTE_Starter Scenes/Mapbox/Unity/Editor/FeatureSectionMultiColumnHeader.cs using Guid(07bf8462a630d4aad95ad6e2fb8b2923) Importer(2089858483,0ecaa5967403d082aa24f35e1b516d23) (ScriptedImporter) -> (artifact id: '8cb58f808a335b0295df06677c8580c7') in 0.0216529 seconds
Number of updated asset objects reloaded before import = 0Number of asset objects unloaded after import = 0

========================================================================
Received Import Request.
  Time since last request: 1.315224 seconds.
  path: Assets/LUTE_Starter Scenes/Mapbox/Unity/Editor/ScriptablePaletteEditor.cs
  artifactKey: Guid(448d686d65d1d4da18fa38d21964da3e) Importer(2089858483,0ecaa5967403d082aa24f35e1b516d23)
Start importing Assets/LUTE_Starter Scenes/Mapbox/Unity/Editor/ScriptablePaletteEditor.cs using Guid(448d686d65d1d4da18fa38d21964da3e) Importer(2089858483,0ecaa5967403d082aa24f35e1b516d23) (ScriptedImporter) -> (artifact id: 'dc390959b1f1c6c88cfc6a35ae6bc8ac') in 0.0165469 seconds
Number of updated asset objects reloaded before import = 0Number of asset objects unloaded after import = 0

========================================================================
Received Import Request.
  Time since last request: 0.000031 seconds.
  path: Assets/LUTE_Starter Scenes/Mapbox/Unity/SourceLayers/ILayer.cs
  artifactKey: Guid(5f9eea74368704d888e4636d6229f30b) Importer(2089858483,0ecaa5967403d082aa24f35e1b516d23)
Start importing Assets/LUTE_Starter Scenes/Mapbox/Unity/SourceLayers/ILayer.cs using Guid(5f9eea74368704d888e4636d6229f30b) Importer(2089858483,0ecaa5967403d082aa24f35e1b516d23) (ScriptedImporter) -> (artifact id: '103fdbe9f6198832bfe68154471ed053') in 0.0168544 seconds
Number of updated asset objects reloaded before import = 0Number of asset objects unloaded after import = 0

========================================================================
Received Import Request.
  Time since last request: 0.000075 seconds.
  path: Assets/LUTE_Starter Scenes/Scenes/Games/AR/XR_DragPuzzle_Example.unity
  artifactKey: Guid(be433b044efb1e34d98e4f2be918d26d) Importer(2089858483,0ecaa5967403d082aa24f35e1b516d23)
Start importing Assets/LUTE_Starter Scenes/Scenes/Games/AR/XR_DragPuzzle_Example.unity using Guid(be433b044efb1e34d98e4f2be918d26d) Importer(2089858483,0ecaa5967403d082aa24f35e1b516d23) (ScriptedImporter) -> (artifact id: '17245c201e990d481d12059bbdb56f6c') in 0.0202154 seconds
Number of updated asset objects reloaded before import = 0Number of asset objects unloaded after import = 1

========================================================================
Received Import Request.
  Time since last request: 0.000040 seconds.
  path: Assets/LUTE_Starter Scenes/Mapbox/Unity/SourceLayers/TerrainLayer.cs
  artifactKey: Guid(e443cd3cf7e5244aeb3ef573767b000b) Importer(2089858483,0ecaa5967403d082aa24f35e1b516d23)
Start importing Assets/LUTE_Starter Scenes/Mapbox/Unity/SourceLayers/TerrainLayer.cs using Guid(e443cd3cf7e5244aeb3ef573767b000b) Importer(2089858483,0ecaa5967403d082aa24f35e1b516d23) (ScriptedImporter) -> (artifact id: '3d5337648599deb606f57dc6266f4a57') in 0.0179681 seconds
Number of updated asset objects reloaded before import = 0Number of asset objects unloaded after import = 0

========================================================================
Received Import Request.
  Time since last request: 0.000117 seconds.
  path: Assets/LUTE_Starter Scenes/Mapbox/Unity/Utilities/VectorEntity.cs
  artifactKey: Guid(528efe6105d5b1a4383498575196de07) Importer(2089858483,0ecaa5967403d082aa24f35e1b516d23)
Start importing Assets/LUTE_Starter Scenes/Mapbox/Unity/Utilities/VectorEntity.cs using Guid(528efe6105d5b1a4383498575196de07) Importer(2089858483,0ecaa5967403d082aa24f35e1b516d23) (ScriptedImporter) -> (artifact id: 'f393acd8cf05350b22782ac199b8035c') in 0.0238801 seconds
Number of updated asset objects reloaded before import = 0Number of asset objects unloaded after import = 0

========================================================================
Received Import Request.
  Time since last request: 0.000072 seconds.
  path: Assets/LUTE/ThirdPartyAssets/InventoryEngine/MMTools/MMAttributes/MMDropdownAttribute.cs
  artifactKey: Guid(42dea95f190fc574eb0ce3f815cb2200) Importer(2089858483,0ecaa5967403d082aa24f35e1b516d23)
Start importing Assets/LUTE/ThirdPartyAssets/InventoryEngine/MMTools/MMAttributes/MMDropdownAttribute.cs using Guid(42dea95f190fc574eb0ce3f815cb2200) Importer(2089858483,0ecaa5967403d082aa24f35e1b516d23) (ScriptedImporter) -> (artifact id: '341a1efa00ba9cf3d1b8b74335b05333') in 0.0160851 seconds
Number of updated asset objects reloaded before import = 0Number of asset objects unloaded after import = 0

========================================================================
Received Import Request.
  Time since last request: 0.000029 seconds.
  path: Assets/LUTE/ThirdPartyAssets/InventoryEngine/MMTools/MMHelpers/MMGUI.cs
  artifactKey: Guid(45ff1ad6fa9e7af4ead4e1db1ed52877) Importer(2089858483,0ecaa5967403d082aa24f35e1b516d23)
Start importing Assets/LUTE/ThirdPartyAssets/InventoryEngine/MMTools/MMHelpers/MMGUI.cs using Guid(45ff1ad6fa9e7af4ead4e1db1ed52877) Importer(2089858483,0ecaa5967403d082aa24f35e1b516d23) (ScriptedImporter) -> (artifact id: '78f62cc066f446e0c8a3a288aeb8f34c') in 0.0186327 seconds
Number of updated asset objects reloaded before import = 0Number of asset objects unloaded after import = 0

========================================================================
Received Import Request.
  Time since last request: 0.000084 seconds.
  path: Assets/LUTE/ThirdPartyAssets/InventoryEngine/MMTools/MMHelpers/MMCircularList.cs
  artifactKey: Guid(09b9adc13f8d756438e4b01f706efbc1) Importer(2089858483,0ecaa5967403d082aa24f35e1b516d23)
Start importing Assets/LUTE/ThirdPartyAssets/InventoryEngine/MMTools/MMHelpers/MMCircularList.cs using Guid(09b9adc13f8d756438e4b01f706efbc1) Importer(2089858483,0ecaa5967403d082aa24f35e1b516d23) (ScriptedImporter) -> (artifact id: 'a760aa7ef43ee54ddb618c9db11f63b4') in 0.017501 seconds
Number of updated asset objects reloaded before import = 0Number of asset objects unloaded after import = 0

========================================================================
Received Import Request.
  Time since last request: 0.000393 seconds.
  path: Assets/LUTE_Starter Scenes/Mapbox/Unity/LayerProperties/PrefabItemOptions.cs
  artifactKey: Guid(06b454a4295ed4bb2ba217a2196dfb15) Importer(2089858483,0ecaa5967403d082aa24f35e1b516d23)
Start importing Assets/LUTE_Starter Scenes/Mapbox/Unity/LayerProperties/PrefabItemOptions.cs using Guid(06b454a4295ed4bb2ba217a2196dfb15) Importer(2089858483,0ecaa5967403d082aa24f35e1b516d23) (ScriptedImporter) -> (artifact id: 'fa1373d7aad9c8d919115195d329c7aa') in 0.0156337 seconds
Number of updated asset objects reloaded before import = 0Number of asset objects unloaded after import = 0

========================================================================
Received Import Request.
  Time since last request: 0.000035 seconds.
  path: Assets/LUTE_Starter Scenes/Sprites/UI/Inventory/PixelInventoryDetailsBg.png
  artifactKey: Guid(d1a3aea209ece1647b7ca9be5b8040b5) Importer(2089858483,0ecaa5967403d082aa24f35e1b516d23)
Start importing Assets/LUTE_Starter Scenes/Sprites/UI/Inventory/PixelInventoryDetailsBg.png using Guid(d1a3aea209ece1647b7ca9be5b8040b5) Importer(2089858483,0ecaa5967403d082aa24f35e1b516d23) (ScriptedImporter) -> (artifact id: '94cdc5bb3fe668a76617150f64cc411d') in 0.0308574 seconds
Number of updated asset objects reloaded before import = 0Number of asset objects unloaded after import = 3

========================================================================
Received Import Request.
  Time since last request: 0.000020 seconds.
  path: Assets/LUTE_Starter Scenes/Mapbox/Unity/SourceLayers/SubLayerLightStyle.cs
  artifactKey: Guid(8ede91ec4657e404a87fa5bbe582cdb6) Importer(2089858483,0ecaa5967403d082aa24f35e1b516d23)
Start importing Assets/LUTE_Starter Scenes/Mapbox/Unity/SourceLayers/SubLayerLightStyle.cs using Guid(8ede91ec4657e404a87fa5bbe582cdb6) Importer(2089858483,0ecaa5967403d082aa24f35e1b516d23) (ScriptedImporter) -> (artifact id: 'dcc61afe317705174fd95eb6828b4739') in 0.0201569 seconds
Number of updated asset objects reloaded before import = 0Number of asset objects unloaded after import = 0

========================================================================
Received Import Request.
  Time since last request: 0.001520 seconds.
  path: Assets/LUTE_Starter Scenes/Mapbox/Unity/LayerProperties/VectorLayerProperties.cs
  artifactKey: Guid(c799956949e8c4c78ada7f1dbc61b03d) Importer(2089858483,0ecaa5967403d082aa24f35e1b516d23)
Start importing Assets/LUTE_Starter Scenes/Mapbox/Unity/LayerProperties/VectorLayerProperties.cs using Guid(c799956949e8c4c78ada7f1dbc61b03d) Importer(2089858483,0ecaa5967403d082aa24f35e1b516d23) (ScriptedImporter) -> (artifact id: '42dfaa4fba5540abe58b1bcc2679dc2e') in 0.0191624 seconds
Number of updated asset objects reloaded before import = 0Number of asset objects unloaded after import = 0

========================================================================
Received Import Request.
  Time since last request: 0.000023 seconds.
  path: Assets/LUTE_Starter Scenes/Scenes/Games/Demo/LUTE Prefab (Full).prefab
  artifactKey: Guid(4e5ad4b6faa38e14fbd27f0bbe609644) Importer(2089858483,0ecaa5967403d082aa24f35e1b516d23)
Start importing Assets/LUTE_Starter Scenes/Scenes/Games/Demo/LUTE Prefab (Full).prefab using Guid(4e5ad4b6faa38e14fbd27f0bbe609644) Importer(2089858483,0ecaa5967403d082aa24f35e1b516d23) (ScriptedImporter) -> (artifact id: '1e58fc8ff7110b6eb9f051ef6f214de9') in 0.3521649 seconds
Number of updated asset objects reloaded before import = 0Number of asset objects unloaded after import = 1081

========================================================================
Received Import Request.
  Time since last request: 0.000034 seconds.
  path: Assets/LUTE/ThirdPartyAssets/InventoryEngine/MMTools/MMInstantiation/MMSpawnAround.cs
  artifactKey: Guid(b9f71c3d801e5f84b88c2cb7256503ee) Importer(2089858483,0ecaa5967403d082aa24f35e1b516d23)
Start importing Assets/LUTE/ThirdPartyAssets/InventoryEngine/MMTools/MMInstantiation/MMSpawnAround.cs using Guid(b9f71c3d801e5f84b88c2cb7256503ee) Importer(2089858483,0ecaa5967403d082aa24f35e1b516d23) (ScriptedImporter) -> (artifact id: '17d8463c7a23e21d296ebb93509fba23') in 0.0196168 seconds
Number of updated asset objects reloaded before import = 0Number of asset objects unloaded after import = 0

========================================================================
Received Import Request.
  Time since last request: 0.000058 seconds.
  path: Assets/LUTE_Starter Scenes/Mapbox/Unity/Utilities/PolygonUtils.cs
  artifactKey: Guid(a8bec9161e1794b4eb4297f7098296d7) Importer(2089858483,0ecaa5967403d082aa24f35e1b516d23)
Start importing Assets/LUTE_Starter Scenes/Mapbox/Unity/Utilities/PolygonUtils.cs using Guid(a8bec9161e1794b4eb4297f7098296d7) Importer(2089858483,0ecaa5967403d082aa24f35e1b516d23) (ScriptedImporter) -> (artifact id: '88680405530a10ac536c2c31d5971304') in 0.0203946 seconds
Number of updated asset objects reloaded before import = 0Number of asset objects unloaded after import = 0

========================================================================
Received Import Request.
  Time since last request: 0.000138 seconds.
  path: Assets/LUTE_Starter Scenes/Mapbox/Unity/SourceLayers/ISubLayerColliderOptions.cs
  artifactKey: Guid(61f3c217145242289818236c5e1453e1) Importer(2089858483,0ecaa5967403d082aa24f35e1b516d23)
Start importing Assets/LUTE_Starter Scenes/Mapbox/Unity/SourceLayers/ISubLayerColliderOptions.cs using Guid(61f3c217145242289818236c5e1453e1) Importer(2089858483,0ecaa5967403d082aa24f35e1b516d23) (ScriptedImporter) -> (artifact id: 'db619846a2629e6612be15999c6513ad') in 0.0267463 seconds
Number of updated asset objects reloaded before import = 0Number of asset objects unloaded after import = 0

========================================================================
Received Import Request.
  Time since last request: 0.000332 seconds.
  path: Assets/LUTE_Starter Scenes/Mapbox/Unity/SourceLayers/SubLayerColorStyle.cs
  artifactKey: Guid(a01ce7b00f9c041ad85644335a300fa9) Importer(2089858483,0ecaa5967403d082aa24f35e1b516d23)
Start importing Assets/LUTE_Starter Scenes/Mapbox/Unity/SourceLayers/SubLayerColorStyle.cs using Guid(a01ce7b00f9c041ad85644335a300fa9) Importer(2089858483,0ecaa5967403d082aa24f35e1b516d23) (ScriptedImporter) -> (artifact id: '6aae934b5fe4e83f932f7064f80246dc') in 0.0193609 seconds
Number of updated asset objects reloaded before import = 0Number of asset objects unloaded after import = 0

========================================================================
Received Import Request.
  Time since last request: 0.000030 seconds.
  path: Assets/LUTE_Starter Scenes/Mapbox/Unity/LayerProperties/PresetSubLayerPropertiesFetcher.cs
  artifactKey: Guid(59334930d1a6a4d2685461732ae3661d) Importer(2089858483,0ecaa5967403d082aa24f35e1b516d23)
Start importing Assets/LUTE_Starter Scenes/Mapbox/Unity/LayerProperties/PresetSubLayerPropertiesFetcher.cs using Guid(59334930d1a6a4d2685461732ae3661d) Importer(2089858483,0ecaa5967403d082aa24f35e1b516d23) (ScriptedImporter) -> (artifact id: '33008f49a71eb68ae352aa2c914310ea') in 0.0193246 seconds
Number of updated asset objects reloaded before import = 0Number of asset objects unloaded after import = 0

========================================================================
Received Import Request.
  Time since last request: 0.000069 seconds.
  path: Assets/LUTE/ThirdPartyAssets/InventoryEngine/MMTools/MMHelpers/MMMaths.cs
  artifactKey: Guid(fc798aa25d3634ebbb996c8d60ace648) Importer(2089858483,0ecaa5967403d082aa24f35e1b516d23)
Start importing Assets/LUTE/ThirdPartyAssets/InventoryEngine/MMTools/MMHelpers/MMMaths.cs using Guid(fc798aa25d3634ebbb996c8d60ace648) Importer(2089858483,0ecaa5967403d082aa24f35e1b516d23) (ScriptedImporter) -> (artifact id: '383785c18f5576dd255f5cf440365210') in 0.0178583 seconds
Number of updated asset objects reloaded before import = 0Number of asset objects unloaded after import = 0

========================================================================
Received Import Request.
  Time since last request: 0.000042 seconds.
  path: Assets/LUTE_Starter Scenes/Mapbox/Unity/Editor/StyleSearchWindow.cs
  artifactKey: Guid(18df46ce639d943da85b5586c62e7d47) Importer(2089858483,0ecaa5967403d082aa24f35e1b516d23)
Start importing Assets/LUTE_Starter Scenes/Mapbox/Unity/Editor/StyleSearchWindow.cs using Guid(18df46ce639d943da85b5586c62e7d47) Importer(2089858483,0ecaa5967403d082aa24f35e1b516d23) (ScriptedImporter) -> (artifact id: '68082fd9107d9194787e6303951a624a') in 0.0207067 seconds
Number of updated asset objects reloaded before import = 0Number of asset objects unloaded after import = 0

========================================================================
Received Import Request.
  Time since last request: 0.000025 seconds.
  path: Assets/LUTE/ThirdPartyAssets/InventoryEngine/Editor/Core/InventoryItemEditor.cs
  artifactKey: Guid(189e81ecb4e6ccd49b809f6558a73d38) Importer(2089858483,0ecaa5967403d082aa24f35e1b516d23)
Start importing Assets/LUTE/ThirdPartyAssets/InventoryEngine/Editor/Core/InventoryItemEditor.cs using Guid(189e81ecb4e6ccd49b809f6558a73d38) Importer(2089858483,0ecaa5967403d082aa24f35e1b516d23) (ScriptedImporter) -> (artifact id: '0d580ab4c1a5f26a199466c47f52f541') in 0.0198377 seconds
Number of updated asset objects reloaded before import = 0Number of asset objects unloaded after import = 0

========================================================================
Received Import Request.
  Time since last request: 0.000114 seconds.
  path: Assets/LUTE_Starter Scenes/Sprites/UI/Inventory/PixelInventoryBg.png
  artifactKey: Guid(873d1781562ebf94b81695018e363f7e) Importer(2089858483,0ecaa5967403d082aa24f35e1b516d23)
Start importing Assets/LUTE_Starter Scenes/Sprites/UI/Inventory/PixelInventoryBg.png using Guid(873d1781562ebf94b81695018e363f7e) Importer(2089858483,0ecaa5967403d082aa24f35e1b516d23) (ScriptedImporter) -> (artifact id: 'fe7ff135e94f092d50d3b1fb986435bf') in 0.0319088 seconds
Number of updated asset objects reloaded before import = 0Number of asset objects unloaded after import = 3

========================================================================
Received Import Request.
  Time since last request: 0.000035 seconds.
  path: Assets/LUTE_Starter Scenes/Mapbox/Unity/LayerProperties/ImageryLayerProperties.cs
  artifactKey: Guid(7c3fb936e1c664e51ac872a0ce9fc699) Importer(2089858483,0ecaa5967403d082aa24f35e1b516d23)
Start importing Assets/LUTE_Starter Scenes/Mapbox/Unity/LayerProperties/ImageryLayerProperties.cs using Guid(7c3fb936e1c664e51ac872a0ce9fc699) Importer(2089858483,0ecaa5967403d082aa24f35e1b516d23) (ScriptedImporter) -> (artifact id: '51a8e5e5c8ab46bd2c6d2d1c49b28471') in 0.0185939 seconds
Number of updated asset objects reloaded before import = 0Number of asset objects unloaded after import = 0

========================================================================
Received Import Request.
  Time since last request: 0.000041 seconds.
  path: Assets/LUTE_Starter Scenes/Sprites/UI/Inventory/empty_pixel.png
  artifactKey: Guid(c210f845e7da80a4bacfa4fc95359060) Importer(2089858483,0ecaa5967403d082aa24f35e1b516d23)
Start importing Assets/LUTE_Starter Scenes/Sprites/UI/Inventory/empty_pixel.png using Guid(c210f845e7da80a4bacfa4fc95359060) Importer(2089858483,0ecaa5967403d082aa24f35e1b516d23) (ScriptedImporter) -> (artifact id: 'd8570907fdf7f8341bb187e2f982099b') in 0.039316 seconds
Number of updated asset objects reloaded before import = 0Number of asset objects unloaded after import = 3

========================================================================
Received Import Request.
  Time since last request: 0.980747 seconds.
  path: Assets/LUTE/ThirdPartyAssets/InventoryEngine/MMTools/MMSaveLoad/MMPersistenceManager.cs
  artifactKey: Guid(f66839a3914de3d4db7c5682fc89f2fe) Importer(2089858483,0ecaa5967403d082aa24f35e1b516d23)
Start importing Assets/LUTE/ThirdPartyAssets/InventoryEngine/MMTools/MMSaveLoad/MMPersistenceManager.cs using Guid(f66839a3914de3d4db7c5682fc89f2fe) Importer(2089858483,0ecaa5967403d082aa24f35e1b516d23) (ScriptedImporter) -> (artifact id: '47d0f71b2193d8ded4ab8b4f634ce748') in 0.0166792 seconds
Number of updated asset objects reloaded before import = 0Number of asset objects unloaded after import = 0

========================================================================
Received Import Request.
  Time since last request: 0.000061 seconds.
  path: Assets/LUTE/ThirdPartyAssets/LeanTween/Documentation/classes/LeanSmooth.html
  artifactKey: Guid(e988e3f0c183c44c29adbd5e82d6fd87) Importer(2089858483,0ecaa5967403d082aa24f35e1b516d23)
Start importing Assets/LUTE/ThirdPartyAssets/LeanTween/Documentation/classes/LeanSmooth.html using Guid(e988e3f0c183c44c29adbd5e82d6fd87) Importer(2089858483,0ecaa5967403d082aa24f35e1b516d23) (ScriptedImporter) -> (artifact id: '28610fbcf376529b35891d4eb38d6c0f') in 0.0425443 seconds
Number of updated asset objects reloaded before import = 0Number of asset objects unloaded after import = 1

========================================================================
Received Import Request.
  Time since last request: 0.000023 seconds.
  path: Assets/LUTE/ThirdPartyAssets/LeanTween/Examples/Material/GridLines.mat
  artifactKey: Guid(9a06e258e3bf640e885048b32fdf51b7) Importer(2089858483,0ecaa5967403d082aa24f35e1b516d23)
Start importing Assets/LUTE/ThirdPartyAssets/LeanTween/Examples/Material/GridLines.mat using Guid(9a06e258e3bf640e885048b32fdf51b7) Importer(2089858483,0ecaa5967403d082aa24f35e1b516d23) (ScriptedImporter) -> (artifact id: 'f3f30113e057f2b17fb68d19db826e42') in 0.0416579 seconds
Number of updated asset objects reloaded before import = 0Number of asset objects unloaded after import = 1

========================================================================
Received Import Request.
  Time since last request: 0.000039 seconds.
  path: Assets/LUTE/ThirdPartyAssets/LeanTween/Examples/Material/Futuro_SineWave.psd
  artifactKey: Guid(d835741a3c4a14a0aa5f7536c46456c4) Importer(2089858483,0ecaa5967403d082aa24f35e1b516d23)
Start importing Assets/LUTE/ThirdPartyAssets/LeanTween/Examples/Material/Futuro_SineWave.psd using Guid(d835741a3c4a14a0aa5f7536c46456c4) Importer(2089858483,0ecaa5967403d082aa24f35e1b516d23) (ScriptedImporter) -> (artifact id: '6bfbf1b4099e41128c314ce53d9350a8') in 0.0464752 seconds
Number of updated asset objects reloaded before import = 0Number of asset objects unloaded after import = 3

========================================================================
Received Import Request.
  Time since last request: 0.000026 seconds.
  path: Assets/LUTE/ThirdPartyAssets/InventoryEngine/Scripts/GUI/InventoryDisplayTitle.cs
  artifactKey: Guid(10e0af6b1ed5a1e48a9d3a540779add8) Importer(2089858483,0ecaa5967403d082aa24f35e1b516d23)
Start importing Assets/LUTE/ThirdPartyAssets/InventoryEngine/Scripts/GUI/InventoryDisplayTitle.cs using Guid(10e0af6b1ed5a1e48a9d3a540779add8) Importer(2089858483,0ecaa5967403d082aa24f35e1b516d23) (ScriptedImporter) -> (artifact id: 'd5f7287195df7d7798b8966dfa6a190b') in 0.0193662 seconds
Number of updated asset objects reloaded before import = 0Number of asset objects unloaded after import = 0

========================================================================
Received Import Request.
  Time since last request: 0.000045 seconds.
  path: Assets/LUTE/ThirdPartyAssets/LeanTween/Examples/Models/CameraShakeText.fbx
  artifactKey: Guid(f4d8d07c107904cdfb54156450f020f3) Importer(2089858483,0ecaa5967403d082aa24f35e1b516d23)
Start importing Assets/LUTE/ThirdPartyAssets/LeanTween/Examples/Models/CameraShakeText.fbx using Guid(f4d8d07c107904cdfb54156450f020f3) Importer(2089858483,0ecaa5967403d082aa24f35e1b516d23) (ScriptedImporter) -> (artifact id: '6965c3016732811c85634866a064d559') in 0.1216629 seconds
Number of updated asset objects reloaded before import = 0Number of asset objects unloaded after import = 8

========================================================================
Received Import Request.
  Time since last request: 0.000019 seconds.
  path: Assets/LUTE/ThirdPartyAssets/InventoryEngine/Scripts/Tests/EventTester.cs
  artifactKey: Guid(c696bd0c5c019fa4db899c8d426a145f) Importer(2089858483,0ecaa5967403d082aa24f35e1b516d23)
Start importing Assets/LUTE/ThirdPartyAssets/InventoryEngine/Scripts/Tests/EventTester.cs using Guid(c696bd0c5c019fa4db899c8d426a145f) Importer(2089858483,0ecaa5967403d082aa24f35e1b516d23) (ScriptedImporter) -> (artifact id: 'eb2dc16b2005d2231cff9d4f6ec435eb') in 0.0156739 seconds
Number of updated asset objects reloaded before import = 0Number of asset objects unloaded after import = 0

========================================================================
Received Import Request.
  Time since last request: 0.000046 seconds.
  path: Assets/LUTE/ThirdPartyAssets/LeanTween/Examples/Textures/PowerUpStar.png
  artifactKey: Guid(70141d51621e24facbca9196bbde84b4) Importer(2089858483,0ecaa5967403d082aa24f35e1b516d23)
Start importing Assets/LUTE/ThirdPartyAssets/LeanTween/Examples/Textures/PowerUpStar.png using Guid(70141d51621e24facbca9196bbde84b4) Importer(2089858483,0ecaa5967403d082aa24f35e1b516d23) (ScriptedImporter) -> (artifact id: 'abf81403293c57d572affa0aede0102f') in 0.0420512 seconds
Number of updated asset objects reloaded before import = 0Number of asset objects unloaded after import = 3

========================================================================
Received Import Request.
  Time since last request: 0.000032 seconds.
  path: Assets/LUTE/ThirdPartyAssets/LeanTween/Examples/Material/AlphaReadyMaterial.mat
  artifactKey: Guid(61731bf38a6fa4d66b536bc03fc8eb3f) Importer(2089858483,0ecaa5967403d082aa24f35e1b516d23)
Start importing Assets/LUTE/ThirdPartyAssets/LeanTween/Examples/Material/AlphaReadyMaterial.mat using Guid(61731bf38a6fa4d66b536bc03fc8eb3f) Importer(2089858483,0ecaa5967403d082aa24f35e1b516d23) (ScriptedImporter) -> (artifact id: '4079228c901fbb8aee757486563cb606') in 0.0735639 seconds
Number of updated asset objects reloaded before import = 0Number of asset objects unloaded after import = 2

========================================================================
Received Import Request.
  Time since last request: 0.000032 seconds.
  path: Assets/LUTE/ThirdPartyAssets/InventoryEngine/Scripts/GUI/InventorySlot.cs
  artifactKey: Guid(a065b17f5c7e20442ab8d29ce30bc745) Importer(2089858483,0ecaa5967403d082aa24f35e1b516d23)
Start importing Assets/LUTE/ThirdPartyAssets/InventoryEngine/Scripts/GUI/InventorySlot.cs using Guid(a065b17f5c7e20442ab8d29ce30bc745) Importer(2089858483,0ecaa5967403d082aa24f35e1b516d23) (ScriptedImporter) -> (artifact id: '62484a1632e9b169101e85fa8c996396') in 0.0205992 seconds
Number of updated asset objects reloaded before import = 0Number of asset objects unloaded after import = 0

========================================================================
Received Import Request.
  Time since last request: 0.000044 seconds.
  path: Assets/LUTE/ThirdPartyAssets/LeanTween/Examples/Material/Futuro_WindowBack.psd
  artifactKey: Guid(678c92572cc724845a460c87117f5353) Importer(2089858483,0ecaa5967403d082aa24f35e1b516d23)
Start importing Assets/LUTE/ThirdPartyAssets/LeanTween/Examples/Material/Futuro_WindowBack.psd using Guid(678c92572cc724845a460c87117f5353) Importer(2089858483,0ecaa5967403d082aa24f35e1b516d23) (ScriptedImporter) -> (artifact id: '355cfbb24f3530946b7be2857fe3b2b9') in 0.0429064 seconds
Number of updated asset objects reloaded before import = 0Number of asset objects unloaded after import = 3

========================================================================
Received Import Request.
  Time since last request: 0.000023 seconds.
  path: Assets/LUTE/ThirdPartyAssets/LeanTween/Documentation/classes/LTSpline.html
  artifactKey: Guid(1adcbb4b77b884a4fb75bde98799d037) Importer(2089858483,0ecaa5967403d082aa24f35e1b516d23)
Start importing Assets/LUTE/ThirdPartyAssets/LeanTween/Documentation/classes/LTSpline.html using Guid(1adcbb4b77b884a4fb75bde98799d037) Importer(2089858483,0ecaa5967403d082aa24f35e1b516d23) (ScriptedImporter) -> (artifact id: 'fa361ba9ac29a9ae4527ac7f54a7d863') in 0.0356292 seconds
Number of updated asset objects reloaded before import = 0Number of asset objects unloaded after import = 1

========================================================================
Received Import Request.
  Time since last request: 0.000026 seconds.
  path: Assets/LUTE/ThirdPartyAssets/LeanTween/Examples/Material/LineGlowMaterial.mat
  artifactKey: Guid(658f4eba50cce41098da6ed347d8d270) Importer(2089858483,0ecaa5967403d082aa24f35e1b516d23)
Start importing Assets/LUTE/ThirdPartyAssets/LeanTween/Examples/Material/LineGlowMaterial.mat using Guid(658f4eba50cce41098da6ed347d8d270) Importer(2089858483,0ecaa5967403d082aa24f35e1b516d23) (ScriptedImporter) -> (artifact id: '2913185e4adae282f3d67895b83fd2ac') in 0.2351076 seconds
Number of updated asset objects reloaded before import = 0Number of asset objects unloaded after import = 2

========================================================================
Received Import Request.
  Time since last request: 0.000027 seconds.
  path: Assets/LUTE/ThirdPartyAssets/LeanTween/Examples/Scenes/PathBezier2d.unity
  artifactKey: Guid(363f43ea320c54cd7ade42f54f59c232) Importer(2089858483,0ecaa5967403d082aa24f35e1b516d23)
Start importing Assets/LUTE/ThirdPartyAssets/LeanTween/Examples/Scenes/PathBezier2d.unity using Guid(363f43ea320c54cd7ade42f54f59c232) Importer(2089858483,0ecaa5967403d082aa24f35e1b516d23) (ScriptedImporter) -> (artifact id: '211a9c658b1f84c49c494e7fb47627f9') in 0.0186022 seconds
Number of updated asset objects reloaded before import = 0Number of asset objects unloaded after import = 1

========================================================================
Received Import Request.
  Time since last request: 0.000028 seconds.
  path: Assets/LUTE/ThirdPartyAssets/LeanTween/Examples/Scenes/PathSplineTrack.unity
  artifactKey: Guid(0e3bee443b13540cc845f5476188d8b1) Importer(2089858483,0ecaa5967403d082aa24f35e1b516d23)
Start importing Assets/LUTE/ThirdPartyAssets/LeanTween/Examples/Scenes/PathSplineTrack.unity using Guid(0e3bee443b13540cc845f5476188d8b1) Importer(2089858483,0ecaa5967403d082aa24f35e1b516d23) (ScriptedImporter) -> (artifact id: 'dc0ac4770c5b97980a55a34e215c16f6') in 0.0169567 seconds
Number of updated asset objects reloaded before import = 0Number of asset objects unloaded after import = 1

========================================================================
Received Import Request.
  Time since last request: 0.000021 seconds.
  path: Assets/LUTE/ThirdPartyAssets/LeanTween/Examples/Scenes/GeneralCameraShake.unity
  artifactKey: Guid(a99971c1311c6405d8d2897f3f42ad32) Importer(2089858483,0ecaa5967403d082aa24f35e1b516d23)
Start importing Assets/LUTE/ThirdPartyAssets/LeanTween/Examples/Scenes/GeneralCameraShake.unity using Guid(a99971c1311c6405d8d2897f3f42ad32) Importer(2089858483,0ecaa5967403d082aa24f35e1b516d23) (ScriptedImporter) -> (artifact id: 'af6ced2e78030c2ed284086255e9080e') in 0.0163343 seconds
Number of updated asset objects reloaded before import = 0Number of asset objects unloaded after import = 1

========================================================================
Received Import Request.
  Time since last request: 0.000021 seconds.
  path: Assets/LUTE/ThirdPartyAssets/LeanTween/Examples/Prefabs/AvatarDiffuse 1.prefab
  artifactKey: Guid(672fd62036f744e79b75297e492c996e) Importer(2089858483,0ecaa5967403d082aa24f35e1b516d23)
Start importing Assets/LUTE/ThirdPartyAssets/LeanTween/Examples/Prefabs/AvatarDiffuse 1.prefab using Guid(672fd62036f744e79b75297e492c996e) Importer(2089858483,0ecaa5967403d082aa24f35e1b516d23) (ScriptedImporter) -> (artifact id: 'b90e0a258093f84d4c18173c09286f72') in 0.0275249 seconds
Number of updated asset objects reloaded before import = 0Number of asset objects unloaded after import = 7

========================================================================
Received Import Request.
  Time since last request: 0.000020 seconds.
  path: Assets/LUTE/ThirdPartyAssets/LeanTween/Examples/Material/SpaceLineGlowMaterial.mat
  artifactKey: Guid(4d170a8aa584240f4b18ce6a5e58ef2e) Importer(2089858483,0ecaa5967403d082aa24f35e1b516d23)
Start importing Assets/LUTE/ThirdPartyAssets/LeanTween/Examples/Material/SpaceLineGlowMaterial.mat using Guid(4d170a8aa584240f4b18ce6a5e58ef2e) Importer(2089858483,0ecaa5967403d082aa24f35e1b516d23) (ScriptedImporter) -> (artifact id: 'afc1908fd23935ca4c7df2604dbd4349') in 0.0314186 seconds
Number of updated asset objects reloaded before import = 0Number of asset objects unloaded after import = 2

========================================================================
Received Import Request.
  Time since last request: 0.000055 seconds.
  path: Assets/LUTE/ThirdPartyAssets/LeanTween/Documentation/elements/index.html
  artifactKey: Guid(f6a53cd107c1f4d5498ea9c736e3a650) Importer(2089858483,0ecaa5967403d082aa24f35e1b516d23)
Start importing Assets/LUTE/ThirdPartyAssets/LeanTween/Documentation/elements/index.html using Guid(f6a53cd107c1f4d5498ea9c736e3a650) Importer(2089858483,0ecaa5967403d082aa24f35e1b516d23) (ScriptedImporter) -> (artifact id: '29665b20a00fdaedf76142465c767568') in 0.0198159 seconds
Number of updated asset objects reloaded before import = 0Number of asset objects unloaded after import = 1

========================================================================
Received Import Request.
  Time since last request: 0.000042 seconds.
  path: Assets/LUTE/ThirdPartyAssets/LeanTween/Examples/Prefabs/EndlessPiece.prefab
  artifactKey: Guid(9c73e0cec0a374576a4b47fbb49921d5) Importer(2089858483,0ecaa5967403d082aa24f35e1b516d23)
Start importing Assets/LUTE/ThirdPartyAssets/LeanTween/Examples/Prefabs/EndlessPiece.prefab using Guid(9c73e0cec0a374576a4b47fbb49921d5) Importer(2089858483,0ecaa5967403d082aa24f35e1b516d23) (ScriptedImporter) -> (artifact id: '34cade4585edcd3a11ca9a02f03518b8') in 0.059275 seconds
Number of updated asset objects reloaded before import = 0Number of asset objects unloaded after import = 12

========================================================================
Received Import Request.
  Time since last request: 0.000024 seconds.
  path: Assets/LUTE/ThirdPartyAssets/LeanTween/Examples/Scripts/GeneralCameraShake.cs
  artifactKey: Guid(8a650682fa3d54a57a2521dbf9f6eac2) Importer(2089858483,0ecaa5967403d082aa24f35e1b516d23)
Start importing Assets/LUTE/ThirdPartyAssets/LeanTween/Examples/Scripts/GeneralCameraShake.cs using Guid(8a650682fa3d54a57a2521dbf9f6eac2) Importer(2089858483,0ecaa5967403d082aa24f35e1b516d23) (ScriptedImporter) -> (artifact id: '1c32bff396a1bb34e4b1b3dcb5fd5eeb') in 0.0186452 seconds
Number of updated asset objects reloaded before import = 0Number of asset objects unloaded after import = 0

========================================================================
Received Import Request.
  Time since last request: 0.000059 seconds.
  path: Assets/LUTE/ThirdPartyAssets/LeanTween/Examples/Scripts/GeneralSimpleUI.cs
  artifactKey: Guid(19c352f230e8b46f08abbbd7cc11edb8) Importer(2089858483,0ecaa5967403d082aa24f35e1b516d23)
Start importing Assets/LUTE/ThirdPartyAssets/LeanTween/Examples/Scripts/GeneralSimpleUI.cs using Guid(19c352f230e8b46f08abbbd7cc11edb8) Importer(2089858483,0ecaa5967403d082aa24f35e1b516d23) (ScriptedImporter) -> (artifact id: '4530e814a93bdf033e7ff199a445d2ed') in 0.0178498 seconds
Number of updated asset objects reloaded before import = 0Number of asset objects unloaded after import = 0

========================================================================
Received Import Request.
  Time since last request: 0.000049 seconds.
  path: Assets/LUTE/ThirdPartyAssets/LeanTween/Examples/Prefabs/AvatarEventsCS.prefab
  artifactKey: Guid(3c9c5d81a80e84e90af37f2113c12b2d) Importer(2089858483,0ecaa5967403d082aa24f35e1b516d23)
Start importing Assets/LUTE/ThirdPartyAssets/LeanTween/Examples/Prefabs/AvatarEventsCS.prefab using Guid(3c9c5d81a80e84e90af37f2113c12b2d) Importer(2089858483,0ecaa5967403d082aa24f35e1b516d23) (ScriptedImporter) -> (artifact id: '04ccca329f5df478a01b4bbffb52439a') in 0.0598866 seconds
Number of updated asset objects reloaded before import = 0Number of asset objects unloaded after import = 10

========================================================================
Received Import Request.
  Time since last request: 0.000030 seconds.
  path: Assets/LUTE/ThirdPartyAssets/LeanTween/Examples/Material/Futoro_SineWave.mat
  artifactKey: Guid(d2eed51ebc4ee4089986bb1639255f0e) Importer(2089858483,0ecaa5967403d082aa24f35e1b516d23)
Start importing Assets/LUTE/ThirdPartyAssets/LeanTween/Examples/Material/Futoro_SineWave.mat using Guid(d2eed51ebc4ee4089986bb1639255f0e) Importer(2089858483,0ecaa5967403d082aa24f35e1b516d23) (ScriptedImporter) -> (artifact id: 'fe3aad187bb36932e783c58e6226a0ed') in 0.0341678 seconds
Number of updated asset objects reloaded before import = 0Number of asset objects unloaded after import = 2

========================================================================
Received Import Request.
  Time since last request: 0.000023 seconds.
  path: Assets/LUTE/ThirdPartyAssets/InventoryEngine/Sounds/DefaultSounds/UseWav.wav
  artifactKey: Guid(59a2ea91da9a6e04a8192fa7e4f59c3f) Importer(2089858483,0ecaa5967403d082aa24f35e1b516d23)
Start importing Assets/LUTE/ThirdPartyAssets/InventoryEngine/Sounds/DefaultSounds/UseWav.wav using Guid(59a2ea91da9a6e04a8192fa7e4f59c3f) Importer(2089858483,0ecaa5967403d082aa24f35e1b516d23) (ScriptedImporter) -> (artifact id: 'f607a6c615216138497e0ec4d9129e98') in 0.0701417 seconds
Number of updated asset objects reloaded before import = 0Number of asset objects unloaded after import = 1

========================================================================
Received Import Request.
  Time since last request: 0.450921 seconds.
  path: Assets/LUTE/ThirdPartyAssets/TextMesh Pro/Examples & Extras/Scenes/08 - Improved Text Alignment.unity
  artifactKey: Guid(5fe2257128d9401fad0790f581dc8a6f) Importer(2089858483,0ecaa5967403d082aa24f35e1b516d23)
Start importing Assets/LUTE/ThirdPartyAssets/TextMesh Pro/Examples & Extras/Scenes/08 - Improved Text Alignment.unity using Guid(5fe2257128d9401fad0790f581dc8a6f) Importer(2089858483,0ecaa5967403d082aa24f35e1b516d23) (ScriptedImporter) -> (artifact id: '59a2c76996737f697159e87cf1fc77ac') in 0.0136342 seconds
Number of updated asset objects reloaded before import = 0Number of asset objects unloaded after import = 1

========================================================================
Received Import Request.
  Time since last request: 0.000028 seconds.
  path: Assets/LUTE/ThirdPartyAssets/TextMesh Pro/Examples & Extras/Scripts/ShaderPropAnimator.cs
  artifactKey: Guid(2787a46a4dc848c1b4b7b9307b614bfd) Importer(2089858483,0ecaa5967403d082aa24f35e1b516d23)
Start importing Assets/LUTE/ThirdPartyAssets/TextMesh Pro/Examples & Extras/Scripts/ShaderPropAnimator.cs using Guid(2787a46a4dc848c1b4b7b9307b614bfd) Importer(2089858483,0ecaa5967403d082aa24f35e1b516d23) (ScriptedImporter) -> (artifact id: 'a54944d289051e622d90666eee87ad69') in 0.017826 seconds
Number of updated asset objects reloaded before import = 0Number of asset objects unloaded after import = 0

========================================================================
Received Import Request.
  Time since last request: 0.000040 seconds.
  path: Assets/LUTE/ThirdPartyAssets/TextMesh Pro/Examples & Extras/Scripts/Benchmark01_UGUI.cs
  artifactKey: Guid(8ef7be1c625941f7ba8ed7cc71718c0d) Importer(2089858483,0ecaa5967403d082aa24f35e1b516d23)
Start importing Assets/LUTE/ThirdPartyAssets/TextMesh Pro/Examples & Extras/Scripts/Benchmark01_UGUI.cs using Guid(8ef7be1c625941f7ba8ed7cc71718c0d) Importer(2089858483,0ecaa5967403d082aa24f35e1b516d23) (ScriptedImporter) -> (artifact id: 'e8e730e989f6a4f4a7153bf909c7b7fc') in 0.0176506 seconds
Number of updated asset objects reloaded before import = 0Number of asset objects unloaded after import = 0

========================================================================
Received Import Request.
  Time since last request: 0.000615 seconds.
  path: Assets/LUTE_Starter Scenes/Mapbox/Examples/8_VoxelMap/Screenshots/VoxelMap.png
  artifactKey: Guid(805ed9e7e2bcd4071bd22b135125a912) Importer(2089858483,0ecaa5967403d082aa24f35e1b516d23)
Start importing Assets/LUTE_Starter Scenes/Mapbox/Examples/8_VoxelMap/Screenshots/VoxelMap.png using Guid(805ed9e7e2bcd4071bd22b135125a912) Importer(2089858483,0ecaa5967403d082aa24f35e1b516d23) (ScriptedImporter) -> (artifact id: '66ca8b86e065b3d6cd510f356f8c5a38') in 0.0333783 seconds
Number of updated asset objects reloaded before import = 0Number of asset objects unloaded after import = 3

========================================================================
Received Import Request.
  Time since last request: 0.000025 seconds.
  path: Assets/LUTE_Starter Scenes/Mapbox/Examples/8_VoxelMap/Textures/VoxelAtlas.png
  artifactKey: Guid(fd06cc531f54bee4b9fedd9a1b04d9a7) Importer(2089858483,0ecaa5967403d082aa24f35e1b516d23)
Start importing Assets/LUTE_Starter Scenes/Mapbox/Examples/8_VoxelMap/Textures/VoxelAtlas.png using Guid(fd06cc531f54bee4b9fedd9a1b04d9a7) Importer(2089858483,0ecaa5967403d082aa24f35e1b516d23) (ScriptedImporter) -> (artifact id: '6f0c7294d0dd753d40df40e9466584f9') in 0.1032676 seconds
Number of updated asset objects reloaded before import = 0Number of asset objects unloaded after import = 1

========================================================================
Received Import Request.
  Time since last request: 0.000027 seconds.
  path: Assets/LUTE_Starter Scenes/Mapbox/Examples/8_VoxelMap/Materials/VoxelAtlas.mat
  artifactKey: Guid(05afc24a83fc5af46a41e10c766a965e) Importer(2089858483,0ecaa5967403d082aa24f35e1b516d23)
Start importing Assets/LUTE_Starter Scenes/Mapbox/Examples/8_VoxelMap/Materials/VoxelAtlas.mat using Guid(05afc24a83fc5af46a41e10c766a965e) Importer(2089858483,0ecaa5967403d082aa24f35e1b516d23) (ScriptedImporter) -> (artifact id: 'f3b16b9df1590234b13aedb6fdde81ce') in 0.0823927 seconds
Number of updated asset objects reloaded before import = 0Number of asset objects unloaded after import = 2

========================================================================
Received Import Request.
  Time since last request: 0.000035 seconds.
  path: Assets/LUTE/ThirdPartyAssets/TextMesh Pro/Examples & Extras/Textures/Floor Cement.jpg
  artifactKey: Guid(283f897e4925411ebbaa758b4cb13fc2) Importer(2089858483,0ecaa5967403d082aa24f35e1b516d23)
Start importing Assets/LUTE/ThirdPartyAssets/TextMesh Pro/Examples & Extras/Textures/Floor Cement.jpg using Guid(283f897e4925411ebbaa758b4cb13fc2) Importer(2089858483,0ecaa5967403d082aa24f35e1b516d23) (ScriptedImporter) -> (artifact id: '09a81d62f39e7d3c553952e1dbf2be3f') in 0.0482296 seconds
Number of updated asset objects reloaded before import = 0Number of asset objects unloaded after import = 1

========================================================================
Received Import Request.
  Time since last request: 0.000024 seconds.
  path: Assets/LUTE_Starter Scenes/Mapbox/Examples/Resources/maki/bar-15.png
  artifactKey: Guid(7a36158a2c2724c4d8fb9be96005e55d) Importer(2089858483,0ecaa5967403d082aa24f35e1b516d23)
Start importing Assets/LUTE_Starter Scenes/Mapbox/Examples/Resources/maki/bar-15.png using Guid(7a36158a2c2724c4d8fb9be96005e55d) Importer(2089858483,0ecaa5967403d082aa24f35e1b516d23) (ScriptedImporter) -> (artifact id: '8d6a77e372b181e610b6af5903e02913') in 0.0409019 seconds
Number of updated asset objects reloaded before import = 0Number of asset objects unloaded after import = 3

========================================================================
Received Import Request.
  Time since last request: 0.000026 seconds.
  path: Assets/LUTE_Starter Scenes/Mapbox/Examples/Resources/maki/alcohol-shop-15.png
  artifactKey: Guid(df4b49bce9c77c44b95674e6c1249cfb) Importer(2089858483,0ecaa5967403d082aa24f35e1b516d23)
Start importing Assets/LUTE_Starter Scenes/Mapbox/Examples/Resources/maki/alcohol-shop-15.png using Guid(df4b49bce9c77c44b95674e6c1249cfb) Importer(2089858483,0ecaa5967403d082aa24f35e1b516d23) (ScriptedImporter) -> (artifact id: '3ace255a059a2e77c868b3b37b9beeef') in 0.0385106 seconds
Number of updated asset objects reloaded before import = 0Number of asset objects unloaded after import = 3

========================================================================
Received Import Request.
  Time since last request: 0.000023 seconds.
  path: Assets/LUTE_Starter Scenes/Mapbox/Examples/3_POIPlacement/Modifiers/FoodPoiLabelModifier.asset
  artifactKey: Guid(8ee9ac4689ba548d585a1f37049fc88e) Importer(2089858483,0ecaa5967403d082aa24f35e1b516d23)
Start importing Assets/LUTE_Starter Scenes/Mapbox/Examples/3_POIPlacement/Modifiers/FoodPoiLabelModifier.asset using Guid(8ee9ac4689ba548d585a1f37049fc88e) Importer(2089858483,0ecaa5967403d082aa24f35e1b516d23) (ScriptedImporter) -> (artifact id: 'b83a7d54eadcf0c452584bf27646e73a') in 0.0555566 seconds
Number of updated asset objects reloaded before import = 0Number of asset objects unloaded after import = 25

========================================================================
Received Import Request.
  Time since last request: 0.000025 seconds.
  path: Assets/LUTE/ThirdPartyAssets/TextMesh Pro/Resources/Fonts & Materials/LiberationSans SDF - Drop Shadow.mat
  artifactKey: Guid(e73a58f6e2794ae7b1b7e50b7fb811b0) Importer(2089858483,0ecaa5967403d082aa24f35e1b516d23)
Start importing Assets/LUTE/ThirdPartyAssets/TextMesh Pro/Resources/Fonts & Materials/LiberationSans SDF - Drop Shadow.mat using Guid(e73a58f6e2794ae7b1b7e50b7fb811b0) Importer(2089858483,0ecaa5967403d082aa24f35e1b516d23) (ScriptedImporter) -> (artifact id: 'f17b09f80cddbf0bf1198e48c5851f75') in 0.0382965 seconds
Number of updated asset objects reloaded before import = 0Number of asset objects unloaded after import = 2

========================================================================
Received Import Request.
  Time since last request: 0.000019 seconds.
  path: Assets/LUTE_Starter Scenes/Mapbox/Core/mapbox-sdk-cs/Geocoding/ReverseGeocodeResource.cs
  artifactKey: Guid(23c6d0bd3662648d3859495c35635b64) Importer(2089858483,0ecaa5967403d082aa24f35e1b516d23)
Start importing Assets/LUTE_Starter Scenes/Mapbox/Core/mapbox-sdk-cs/Geocoding/ReverseGeocodeResource.cs using Guid(23c6d0bd3662648d3859495c35635b64) Importer(2089858483,0ecaa5967403d082aa24f35e1b516d23) (ScriptedImporter) -> (artifact id: 'a9e60aa217772e20970043f0c28d898c') in 0.0176512 seconds
Number of updated asset objects reloaded before import = 0Number of asset objects unloaded after import = 0

========================================================================
Received Import Request.
  Time since last request: 0.000142 seconds.
  path: Assets/LUTE_Starter Scenes/Mapbox/Core/Plugins/Android/libtelemetry-full-release.aar
  artifactKey: Guid(49ff07903ab144ea4b84e994f55f875b) Importer(2089858483,0ecaa5967403d082aa24f35e1b516d23)
Start importing Assets/LUTE_Starter Scenes/Mapbox/Core/Plugins/Android/libtelemetry-full-release.aar using Guid(49ff07903ab144ea4b84e994f55f875b) Importer(2089858483,0ecaa5967403d082aa24f35e1b516d23) (ScriptedImporter) -> (artifact id: '7aea6a3d043616b12d8138206046b54c') in 0.0240998 seconds
Number of updated asset objects reloaded before import = 0Number of asset objects unloaded after import = 0

========================================================================
Received Import Request.
  Time since last request: 0.000090 seconds.
  path: Assets/LUTE_Starter Scenes/Mapbox/Core/mapbox-sdk-cs/MapMatching/MapMatchingParameters.cs
  artifactKey: Guid(991f42eef2c18204cb4a6b79c6f98eed) Importer(2089858483,0ecaa5967403d082aa24f35e1b516d23)
Start importing Assets/LUTE_Starter Scenes/Mapbox/Core/mapbox-sdk-cs/MapMatching/MapMatchingParameters.cs using Guid(991f42eef2c18204cb4a6b79c6f98eed) Importer(2089858483,0ecaa5967403d082aa24f35e1b516d23) (ScriptedImporter) -> (artifact id: 'fc5363519f9401f7d4b19fa82c883e89') in 0.0202593 seconds
Number of updated asset objects reloaded before import = 0Number of asset objects unloaded after import = 0

========================================================================
Received Import Request.
  Time since last request: 0.000034 seconds.
  path: Assets/LUTE_Starter Scenes/Mapbox/Examples/1_DataExplorer/Traffic/SevereTrafficMaterial.mat
  artifactKey: Guid(46e6f9799c66fb648be2fb26a721be4c) Importer(2089858483,0ecaa5967403d082aa24f35e1b516d23)
Start importing Assets/LUTE_Starter Scenes/Mapbox/Examples/1_DataExplorer/Traffic/SevereTrafficMaterial.mat using Guid(46e6f9799c66fb648be2fb26a721be4c) Importer(2089858483,0ecaa5967403d082aa24f35e1b516d23) (ScriptedImporter) -> (artifact id: '99467e520443b09028cb228c702f3504') in 0.0424641 seconds
Number of updated asset objects reloaded before import = 0Number of asset objects unloaded after import = 2

========================================================================
Received Import Request.
  Time since last request: 0.000023 seconds.
  path: Assets/LUTE_Starter Scenes/Mapbox/Examples/Resources/maki/cemetery-15.png
  artifactKey: Guid(a714dbf7a53aa9d4f983a34071aa7dcc) Importer(2089858483,0ecaa5967403d082aa24f35e1b516d23)
Start importing Assets/LUTE_Starter Scenes/Mapbox/Examples/Resources/maki/cemetery-15.png using Guid(a714dbf7a53aa9d4f983a34071aa7dcc) Importer(2089858483,0ecaa5967403d082aa24f35e1b516d23) (ScriptedImporter) -> (artifact id: 'e317200a2b41e324a494cc03cb26d6b4') in 0.0432471 seconds
Number of updated asset objects reloaded before import = 0Number of asset objects unloaded after import = 3

========================================================================
Received Import Request.
  Time since last request: 0.000018 seconds.
  path: Assets/LUTE_Starter Scenes/Mapbox/Examples/8_VoxelMap/Models/Sand.fbx
  artifactKey: Guid(49926f3dcc5b34f4c91252d7401f3e66) Importer(2089858483,0ecaa5967403d082aa24f35e1b516d23)
Start importing Assets/LUTE_Starter Scenes/Mapbox/Examples/8_VoxelMap/Models/Sand.fbx using Guid(49926f3dcc5b34f4c91252d7401f3e66) Importer(2089858483,0ecaa5967403d082aa24f35e1b516d23) (ScriptedImporter) -> (artifact id: 'e1861516ed888f05f4380a440c3b7fb2') in 0.0326402 seconds
Number of updated asset objects reloaded before import = 0Number of asset objects unloaded after import = 8

========================================================================
Received Import Request.
  Time since last request: 0.000025 seconds.
  path: Assets/LUTE_Starter Scenes/Mapbox/Examples/Resources/maki/airfield-15.png
  artifactKey: Guid(f98ca583e42f68e47bfb1021409de126) Importer(2089858483,0ecaa5967403d082aa24f35e1b516d23)
Start importing Assets/LUTE_Starter Scenes/Mapbox/Examples/Resources/maki/airfield-15.png using Guid(f98ca583e42f68e47bfb1021409de126) Importer(2089858483,0ecaa5967403d082aa24f35e1b516d23) (ScriptedImporter) -> (artifact id: '233a074cd69a71097bff7419a5a02aac') in 0.041 seconds
Number of updated asset objects reloaded before import = 0Number of asset objects unloaded after import = 3

========================================================================
Received Import Request.
  Time since last request: 0.000020 seconds.
  path: Assets/LUTE_Starter Scenes/Mapbox/Examples/Resources/maki/embassy-15.png
  artifactKey: Guid(5836ba1dfecd1c94c9c38deb12e9860a) Importer(2089858483,0ecaa5967403d082aa24f35e1b516d23)
Start importing Assets/LUTE_Starter Scenes/Mapbox/Examples/Resources/maki/embassy-15.png using Guid(5836ba1dfecd1c94c9c38deb12e9860a) Importer(2089858483,0ecaa5967403d082aa24f35e1b516d23) (ScriptedImporter) -> (artifact id: '3269020f8bd7d532b0fa1cb76e2ef4db') in 0.0392997 seconds
Number of updated asset objects reloaded before import = 0Number of asset objects unloaded after import = 3

========================================================================
Received Import Request.
  Time since last request: 0.000032 seconds.
  path: Assets/LUTE_Starter Scenes/Mapbox/Core/mapbox-sdk-cs/Map/UnwrappedTileId.cs
  artifactKey: Guid(b05b9f9c791be434db474b25089ff310) Importer(2089858483,0ecaa5967403d082aa24f35e1b516d23)
Start importing Assets/LUTE_Starter Scenes/Mapbox/Core/mapbox-sdk-cs/Map/UnwrappedTileId.cs using Guid(b05b9f9c791be434db474b25089ff310) Importer(2089858483,0ecaa5967403d082aa24f35e1b516d23) (ScriptedImporter) -> (artifact id: '3fbb30f3d684ca92f78e390a64b758d5') in 0.0192656 seconds
Number of updated asset objects reloaded before import = 0Number of asset objects unloaded after import = 0

========================================================================
Received Import Request.
  Time since last request: 0.000067 seconds.
  path: Assets/LUTE_Starter Scenes/Mapbox/Examples/8_VoxelMap/Scripts/VoxelTile.cs
  artifactKey: Guid(de5fb1ae8036545848eae9ab4c9dd119) Importer(2089858483,0ecaa5967403d082aa24f35e1b516d23)
Start importing Assets/LUTE_Starter Scenes/Mapbox/Examples/8_VoxelMap/Scripts/VoxelTile.cs using Guid(de5fb1ae8036545848eae9ab4c9dd119) Importer(2089858483,0ecaa5967403d082aa24f35e1b516d23) (ScriptedImporter) -> (artifact id: '91714e941bbd9d42a0c683f51e9f4bf1') in 0.0165926 seconds
Number of updated asset objects reloaded before import = 0Number of asset objects unloaded after import = 0

========================================================================
Received Import Request.
  Time since last request: 0.000071 seconds.
  path: Assets/LUTE_Starter Scenes/Mapbox/Examples/8_VoxelMap/Models/Water.fbx
  artifactKey: Guid(e0cdc22f64a78674083edb2ee6c980d0) Importer(2089858483,0ecaa5967403d082aa24f35e1b516d23)
Start importing Assets/LUTE_Starter Scenes/Mapbox/Examples/8_VoxelMap/Models/Water.fbx using Guid(e0cdc22f64a78674083edb2ee6c980d0) Importer(2089858483,0ecaa5967403d082aa24f35e1b516d23) (ScriptedImporter) -> (artifact id: 'e053783a7fd4ac15b6716799c24e498f') in 0.0349531 seconds
Number of updated asset objects reloaded before import = 0Number of asset objects unloaded after import = 8

========================================================================
Received Import Request.
  Time since last request: 0.000018 seconds.
  path: Assets/LUTE_Starter Scenes/Mapbox/Core/mapbox-sdk-cs/Map/CanonicalTileId.cs
  artifactKey: Guid(b032ac6adcdd94a899ef544e06b9e828) Importer(2089858483,0ecaa5967403d082aa24f35e1b516d23)
Start importing Assets/LUTE_Starter Scenes/Mapbox/Core/mapbox-sdk-cs/Map/CanonicalTileId.cs using Guid(b032ac6adcdd94a899ef544e06b9e828) Importer(2089858483,0ecaa5967403d082aa24f35e1b516d23) (ScriptedImporter) -> (artifact id: 'bc7b5fbcd65920e1acfce912cb2014f3') in 0.0198751 seconds
Number of updated asset objects reloaded before import = 0Number of asset objects unloaded after import = 0

========================================================================
Received Import Request.
  Time since last request: 0.000045 seconds.
  path: Assets/LUTE/ThirdPartyAssets/WoLfulus/LineEnding/Documentation/Documentation.md
  artifactKey: Guid(60dfa05c841f3fd428301f4c53ef1d8c) Importer(2089858483,0ecaa5967403d082aa24f35e1b516d23)
Start importing Assets/LUTE/ThirdPartyAssets/WoLfulus/LineEnding/Documentation/Documentation.md using Guid(60dfa05c841f3fd428301f4c53ef1d8c) Importer(2089858483,0ecaa5967403d082aa24f35e1b516d23) (ScriptedImporter) -> (artifact id: '3606d95873d2073921f0f3fad67d5410') in 0.0238471 seconds
Number of updated asset objects reloaded before import = 0Number of asset objects unloaded after import = 1

========================================================================
Received Import Request.
  Time since last request: 0.000024 seconds.
  path: Assets/LUTE_Starter Scenes/Mapbox/Examples/Resources/Assets/MapboxHollowUprightPin.fbx
  artifactKey: Guid(116af72a5fd4e4a2c8d1730f94b8a8e1) Importer(2089858483,0ecaa5967403d082aa24f35e1b516d23)
Start importing Assets/LUTE_Starter Scenes/Mapbox/Examples/Resources/Assets/MapboxHollowUprightPin.fbx using Guid(116af72a5fd4e4a2c8d1730f94b8a8e1) Importer(2089858483,0ecaa5967403d082aa24f35e1b516d23) (ScriptedImporter) -> (artifact id: 'a7e9434a96223785ad5ac556581e37d4') in 0.0623673 seconds
Number of updated asset objects reloaded before import = 0Number of asset objects unloaded after import = 10

========================================================================
Received Import Request.
  Time since last request: 0.000030 seconds.
  path: Assets/LUTE_Starter Scenes/Mapbox/Examples/Resources/maki/aquarium-15.png
  artifactKey: Guid(2ab42ac037a0be8488242b6280d589f5) Importer(2089858483,0ecaa5967403d082aa24f35e1b516d23)
Start importing Assets/LUTE_Starter Scenes/Mapbox/Examples/Resources/maki/aquarium-15.png using Guid(2ab42ac037a0be8488242b6280d589f5) Importer(2089858483,0ecaa5967403d082aa24f35e1b516d23) (ScriptedImporter) -> (artifact id: 'f130181a93e41762d2197768ab46405d') in 0.0394068 seconds
Number of updated asset objects reloaded before import = 0Number of asset objects unloaded after import = 3

========================================================================
Received Import Request.
  Time since last request: 0.000021 seconds.
  path: Assets/LUTE_Starter Scenes/Mapbox/Examples/3_POIPlacement/Resources/ShopPoiLabelPrefab.prefab
  artifactKey: Guid(49bc5d782d9184533a37abea20ed30e4) Importer(2089858483,0ecaa5967403d082aa24f35e1b516d23)
Start importing Assets/LUTE_Starter Scenes/Mapbox/Examples/3_POIPlacement/Resources/ShopPoiLabelPrefab.prefab using Guid(49bc5d782d9184533a37abea20ed30e4) Importer(2089858483,0ecaa5967403d082aa24f35e1b516d23) (ScriptedImporter) -> (artifact id: '9311dabdf86e4f8da70e6322b94ae16f') in 0.0860948 seconds
Number of updated asset objects reloaded before import = 0Number of asset objects unloaded after import = 25

========================================================================
Received Import Request.
  Time since last request: 0.000039 seconds.
  path: Assets/LUTE_Starter Scenes/Mapbox/Examples/1_DataExplorer/Traffic/HeavyTrafficMaterial.mat
  artifactKey: Guid(8350bd50898372246a4e57e5734f4942) Importer(2089858483,0ecaa5967403d082aa24f35e1b516d23)
Start importing Assets/LUTE_Starter Scenes/Mapbox/Examples/1_DataExplorer/Traffic/HeavyTrafficMaterial.mat using Guid(8350bd50898372246a4e57e5734f4942) Importer(2089858483,0ecaa5967403d082aa24f35e1b516d23) (ScriptedImporter) -> (artifact id: 'b0b403af7895b918f8bb659a7aa28be9') in 0.0311501 seconds
Number of updated asset objects reloaded before import = 0Number of asset objects unloaded after import = 2

========================================================================
Received Import Request.
  Time since last request: 0.000023 seconds.
  path: Assets/LUTE_Starter Scenes/Mapbox/Core/mapbox-sdk-cs/Platform/IFileSource.cs
  artifactKey: Guid(891a55d979ad44487b2ad8e1384cfc65) Importer(2089858483,0ecaa5967403d082aa24f35e1b516d23)
Start importing Assets/LUTE_Starter Scenes/Mapbox/Core/mapbox-sdk-cs/Platform/IFileSource.cs using Guid(891a55d979ad44487b2ad8e1384cfc65) Importer(2089858483,0ecaa5967403d082aa24f35e1b516d23) (ScriptedImporter) -> (artifact id: '1a2d395f994cba7d11ff3a79a7f1a9f9') in 0.0175086 seconds
Number of updated asset objects reloaded before import = 0Number of asset objects unloaded after import = 0

========================================================================
Received Import Request.
  Time since last request: 0.000053 seconds.
  path: Assets/LUTE_Starter Scenes/Mapbox/Examples/Resources/maki/monument-15.png
  artifactKey: Guid(d5f811a06bace804ea9ca2920bb9c765) Importer(2089858483,0ecaa5967403d082aa24f35e1b516d23)
Start importing Assets/LUTE_Starter Scenes/Mapbox/Examples/Resources/maki/monument-15.png using Guid(d5f811a06bace804ea9ca2920bb9c765) Importer(2089858483,0ecaa5967403d082aa24f35e1b516d23) (ScriptedImporter) -> (artifact id: '4a11e9668074e23acff5f6fb6209185c') in 0.0490018 seconds
Number of updated asset objects reloaded before import = 0Number of asset objects unloaded after import = 3

========================================================================
Received Import Request.
  Time since last request: 0.000019 seconds.
  path: Assets/LUTE_Starter Scenes/Mapbox/Examples/Resources/maki/blood-bank-15.png
  artifactKey: Guid(c75ddf6109f45f04bbf89b9eced20efd) Importer(2089858483,0ecaa5967403d082aa24f35e1b516d23)
Start importing Assets/LUTE_Starter Scenes/Mapbox/Examples/Resources/maki/blood-bank-15.png using Guid(c75ddf6109f45f04bbf89b9eced20efd) Importer(2089858483,0ecaa5967403d082aa24f35e1b516d23) (ScriptedImporter) -> (artifact id: '31b49398f354be589c1f6ac38faa60d6') in 0.0401517 seconds
Number of updated asset objects reloaded before import = 0Number of asset objects unloaded after import = 3

========================================================================
Received Import Request.
  Time since last request: 0.000017 seconds.
  path: Assets/LUTE_Starter Scenes/Mapbox/Examples/5_Playground/Scripts/RasterTileExample.cs
  artifactKey: Guid(baa72cd3a86b44e2e9923f1bfb635675) Importer(2089858483,0ecaa5967403d082aa24f35e1b516d23)
Start importing Assets/LUTE_Starter Scenes/Mapbox/Examples/5_Playground/Scripts/RasterTileExample.cs using Guid(baa72cd3a86b44e2e9923f1bfb635675) Importer(2089858483,0ecaa5967403d082aa24f35e1b516d23) (ScriptedImporter) -> (artifact id: 'cb3f1fe1e8d069ac48563779de6b4751') in 0.0214532 seconds
Number of updated asset objects reloaded before import = 0Number of asset objects unloaded after import = 0

========================================================================
Received Import Request.
  Time since last request: 0.000061 seconds.
  path: Assets/LUTE_Starter Scenes/Mapbox/Core/Plugins/Android/support-v4-25.1.0.aar
  artifactKey: Guid(bbcd24fa0afca44758499ceab55cf537) Importer(2089858483,0ecaa5967403d082aa24f35e1b516d23)
Start importing Assets/LUTE_Starter Scenes/Mapbox/Core/Plugins/Android/support-v4-25.1.0.aar using Guid(bbcd24fa0afca44758499ceab55cf537) Importer(2089858483,0ecaa5967403d082aa24f35e1b516d23) (ScriptedImporter) -> (artifact id: '06fbe8c8563a5753ba91573af57fff13') in 0.0203644 seconds
Number of updated asset objects reloaded before import = 0Number of asset objects unloaded after import = 0

========================================================================
Received Import Request.
  Time since last request: 0.000062 seconds.
  path: Assets/LUTE_Starter Scenes/Mapbox/Core/mapbox-sdk-cs/Platform/IResource.cs
  artifactKey: Guid(6c11ed4c71914479ebeb8b69bf0bb677) Importer(2089858483,0ecaa5967403d082aa24f35e1b516d23)
Start importing Assets/LUTE_Starter Scenes/Mapbox/Core/mapbox-sdk-cs/Platform/IResource.cs using Guid(6c11ed4c71914479ebeb8b69bf0bb677) Importer(2089858483,0ecaa5967403d082aa24f35e1b516d23) (ScriptedImporter) -> (artifact id: '666c6ce5923011a6ca17945242cd68e9') in 0.0144983 seconds
Number of updated asset objects reloaded before import = 0Number of asset objects unloaded after import = 0

========================================================================
Received Import Request.
  Time since last request: 0.000063 seconds.
  path: Assets/LUTE/ThirdPartyAssets/TextMesh Pro/Examples & Extras/Textures/Brushed Metal 3.jpg
  artifactKey: Guid(f88677df267a41d6be1e7a6133e7d227) Importer(2089858483,0ecaa5967403d082aa24f35e1b516d23)
Start importing Assets/LUTE/ThirdPartyAssets/TextMesh Pro/Examples & Extras/Textures/Brushed Metal 3.jpg using Guid(f88677df267a41d6be1e7a6133e7d227) Importer(2089858483,0ecaa5967403d082aa24f35e1b516d23) (ScriptedImporter) -> (artifact id: '6d9f69474c4ca1f6de478469ebdf8a61') in 0.0436838 seconds
Number of updated asset objects reloaded before import = 0Number of asset objects unloaded after import = 1

========================================================================
Received Import Request.
  Time since last request: 0.000022 seconds.
  path: Assets/LUTE_Starter Scenes/Mapbox/Examples/Resources/maki/mountain-15.png
  artifactKey: Guid(af764933d03cc6842a2ba96bb60a6027) Importer(2089858483,0ecaa5967403d082aa24f35e1b516d23)
Start importing Assets/LUTE_Starter Scenes/Mapbox/Examples/Resources/maki/mountain-15.png using Guid(af764933d03cc6842a2ba96bb60a6027) Importer(2089858483,0ecaa5967403d082aa24f35e1b516d23) (ScriptedImporter) -> (artifact id: 'a1c1b5c6b1bc054a28a0eadc57ae8151') in 0.0446051 seconds
Number of updated asset objects reloaded before import = 0Number of asset objects unloaded after import = 3

========================================================================
Received Import Request.
  Time since last request: 0.000021 seconds.
  path: Assets/LUTE/ThirdPartyAssets/TextMesh Pro/Examples & Extras/Scenes/15 - Inline Graphics & Sprites.unity
  artifactKey: Guid(e76e6c0f81964cbda3fe0b7d26ed8060) Importer(2089858483,0ecaa5967403d082aa24f35e1b516d23)
Start importing Assets/LUTE/ThirdPartyAssets/TextMesh Pro/Examples & Extras/Scenes/15 - Inline Graphics & Sprites.unity using Guid(e76e6c0f81964cbda3fe0b7d26ed8060) Importer(2089858483,0ecaa5967403d082aa24f35e1b516d23) (ScriptedImporter) -> (artifact id: 'd0aa93979dcbdddd10a7b7eee746ed4d') in 0.017234 seconds
Number of updated asset objects reloaded before import = 0Number of asset objects unloaded after import = 1

========================================================================
Received Import Request.
  Time since last request: 0.000021 seconds.
  path: Assets/LUTE_Starter Scenes/Mapbox/Unity/Editor/UnitTests/MapboxUnitTests_CircularBuffer.cs
  artifactKey: Guid(3ed6d8ff71089c94898c1ac318371408) Importer(2089858483,0ecaa5967403d082aa24f35e1b516d23)
Start importing Assets/LUTE_Starter Scenes/Mapbox/Unity/Editor/UnitTests/MapboxUnitTests_CircularBuffer.cs using Guid(3ed6d8ff71089c94898c1ac318371408) Importer(2089858483,0ecaa5967403d082aa24f35e1b516d23) (ScriptedImporter) -> (artifact id: '7d083a8a65aca953c6d0016e54188993') in 0.0204333 seconds
Number of updated asset objects reloaded before import = 0Number of asset objects unloaded after import = 0

========================================================================
Received Import Request.
  Time since last request: 0.000121 seconds.
  path: Assets/LUTE_Starter Scenes/Mapbox/Resources/Mapbox/PrefabScreens/TabletopAR.gif
  artifactKey: Guid(e96036a81f146439cb33587e192539c7) Importer(2089858483,0ecaa5967403d082aa24f35e1b516d23)
Start importing Assets/LUTE_Starter Scenes/Mapbox/Resources/Mapbox/PrefabScreens/TabletopAR.gif using Guid(e96036a81f146439cb33587e192539c7) Importer(2089858483,0ecaa5967403d082aa24f35e1b516d23) (ScriptedImporter) -> (artifact id: '90117e73c560a099b1e9ec38c68d1dbe') in 0.0321202 seconds
Number of updated asset objects reloaded before import = 0Number of asset objects unloaded after import = 3

========================================================================
Received Import Request.
  Time since last request: 0.000021 seconds.
  path: Assets/LUTE_Starter Scenes/Mapbox/Examples/Resources/maki/soccer-15.png
  artifactKey: Guid(826d86a5e9ef99c4285c83adce88654d) Importer(2089858483,0ecaa5967403d082aa24f35e1b516d23)
Start importing Assets/LUTE_Starter Scenes/Mapbox/Examples/Resources/maki/soccer-15.png using Guid(826d86a5e9ef99c4285c83adce88654d) Importer(2089858483,0ecaa5967403d082aa24f35e1b516d23) (ScriptedImporter) -> (artifact id: 'fb6290360131a64e5a4c9e175b687fd6') in 0.0418598 seconds
Number of updated asset objects reloaded before import = 0Number of asset objects unloaded after import = 3

========================================================================
Received Import Request.
  Time since last request: 0.000059 seconds.
  path: Assets/LUTE_Starter Scenes/Scenes/Games/AR/Scripts/ToggleXR.cs
  artifactKey: Guid(054ce21405c41714381f08eb5f552136) Importer(2089858483,0ecaa5967403d082aa24f35e1b516d23)
Start importing Assets/LUTE_Starter Scenes/Scenes/Games/AR/Scripts/ToggleXR.cs using Guid(054ce21405c41714381f08eb5f552136) Importer(2089858483,0ecaa5967403d082aa24f35e1b516d23) (ScriptedImporter) -> (artifact id: '4bc95840ab73a96cdc81a0c888b42404') in 0.0210124 seconds
Number of updated asset objects reloaded before import = 0Number of asset objects unloaded after import = 0

========================================================================
Received Import Request.
  Time since last request: 0.000029 seconds.
  path: Assets/LUTE_Starter Scenes/Mapbox/Unity/Location/Logging/LocationLogReader.cs
  artifactKey: Guid(31c75110fe6926946b6e5e098ec9562f) Importer(2089858483,0ecaa5967403d082aa24f35e1b516d23)
Start importing Assets/LUTE_Starter Scenes/Mapbox/Unity/Location/Logging/LocationLogReader.cs using Guid(31c75110fe6926946b6e5e098ec9562f) Importer(2089858483,0ecaa5967403d082aa24f35e1b516d23) (ScriptedImporter) -> (artifact id: 'd3ce23a227045a904881b6aae9221817') in 0.0184223 seconds
Number of updated asset objects reloaded before import = 0Number of asset objects unloaded after import = 0

========================================================================
Received Import Request.
  Time since last request: 0.000067 seconds.
  path: Assets/LUTE_Starter Scenes/Sprites/CharacterHeads/Animals/Square/elephant.png
  artifactKey: Guid(83251d49130c9664abfae16857abd83f) Importer(2089858483,0ecaa5967403d082aa24f35e1b516d23)
Start importing Assets/LUTE_Starter Scenes/Sprites/CharacterHeads/Animals/Square/elephant.png using Guid(83251d49130c9664abfae16857abd83f) Importer(2089858483,0ecaa5967403d082aa24f35e1b516d23) (ScriptedImporter) -> (artifact id: 'b6565548a715880ee46bb7370caca1d4') in 0.0420994 seconds
Number of updated asset objects reloaded before import = 0Number of asset objects unloaded after import = 3

========================================================================
Received Import Request.
  Time since last request: 0.000018 seconds.
  path: Assets/LUTE_Starter Scenes/Mapbox/Unity/Location/LocationSmoothing/KalmanFilter.cs
  artifactKey: Guid(c6402694be382a441860430551c30fd7) Importer(2089858483,0ecaa5967403d082aa24f35e1b516d23)
Start importing Assets/LUTE_Starter Scenes/Mapbox/Unity/Location/LocationSmoothing/KalmanFilter.cs using Guid(c6402694be382a441860430551c30fd7) Importer(2089858483,0ecaa5967403d082aa24f35e1b516d23) (ScriptedImporter) -> (artifact id: '8fb16b155a55c5f277b1937b8e96e6d6') in 0.0188469 seconds
Number of updated asset objects reloaded before import = 0Number of asset objects unloaded after import = 0

========================================================================
Received Import Request.
  Time since last request: 0.000055 seconds.
  path: Assets/LUTE_Starter Scenes/Mapbox/Examples/Resources/maki/pitch-15.png
  artifactKey: Guid(314c2e3662ce91f4286a32ff0c49d128) Importer(2089858483,0ecaa5967403d082aa24f35e1b516d23)
Start importing Assets/LUTE_Starter Scenes/Mapbox/Examples/Resources/maki/pitch-15.png using Guid(314c2e3662ce91f4286a32ff0c49d128) Importer(2089858483,0ecaa5967403d082aa24f35e1b516d23) (ScriptedImporter) -> (artifact id: '67bd0fc42acb1232a7ebd81d983d9ff2') in 0.0562882 seconds
Number of updated asset objects reloaded before import = 0Number of asset objects unloaded after import = 3

========================================================================
Received Import Request.
  Time since last request: 0.000024 seconds.
  path: Assets/LUTE_Starter Scenes/Sprites/CharacterHeads/Animals/Round/giraffe.png
  artifactKey: Guid(c567460437616c544a3e870cb02cfbd9) Importer(2089858483,0ecaa5967403d082aa24f35e1b516d23)
Start importing Assets/LUTE_Starter Scenes/Sprites/CharacterHeads/Animals/Round/giraffe.png using Guid(c567460437616c544a3e870cb02cfbd9) Importer(2089858483,0ecaa5967403d082aa24f35e1b516d23) (ScriptedImporter) -> (artifact id: '99b813b770d42b95903ee559a76e2228') in 0.2645112 seconds
Number of updated asset objects reloaded before import = 0Number of asset objects unloaded after import = 3

========================================================================
Received Import Request.
  Time since last request: 0.000020 seconds.
  path: Assets/LUTE_Starter Scenes/Mapbox/Examples/Resources/maki/school-15.png
  artifactKey: Guid(b21b0426dd17d2147b0a9ac8292ced62) Importer(2089858483,0ecaa5967403d082aa24f35e1b516d23)
Start importing Assets/LUTE_Starter Scenes/Mapbox/Examples/Resources/maki/school-15.png using Guid(b21b0426dd17d2147b0a9ac8292ced62) Importer(2089858483,0ecaa5967403d082aa24f35e1b516d23) (ScriptedImporter) -> (artifact id: '791e01f0d25927ecddef138a9b77c143') in 0.0375672 seconds
Number of updated asset objects reloaded before import = 0Number of asset objects unloaded after import = 3

========================================================================
Received Import Request.
  Time since last request: 0.000034 seconds.
  path: Assets/LUTE_Starter Scenes/Mapbox/Examples/Resources/maki/triangle-15.png
  artifactKey: Guid(f54f3a126717f974284272da3d701b5b) Importer(2089858483,0ecaa5967403d082aa24f35e1b516d23)
Start importing Assets/LUTE_Starter Scenes/Mapbox/Examples/Resources/maki/triangle-15.png using Guid(f54f3a126717f974284272da3d701b5b) Importer(2089858483,0ecaa5967403d082aa24f35e1b516d23) (ScriptedImporter) -> (artifact id: '2470b2ce3416794edc49e92928732693') in 0.050009 seconds
Number of updated asset objects reloaded before import = 0Number of asset objects unloaded after import = 3

========================================================================
Received Import Request.
  Time since last request: 0.000017 seconds.
  path: Assets/LUTE_Starter Scenes/Sprites/CharacterHeads/Animals/Round/parrot.png
  artifactKey: Guid(abb6929402cbd364593c06873554fc82) Importer(2089858483,0ecaa5967403d082aa24f35e1b516d23)
Start importing Assets/LUTE_Starter Scenes/Sprites/CharacterHeads/Animals/Round/parrot.png using Guid(abb6929402cbd364593c06873554fc82) Importer(2089858483,0ecaa5967403d082aa24f35e1b516d23) (ScriptedImporter) -> (artifact id: 'd978e98b4bf4ef3afc55a3e7a471d130') in 0.0397632 seconds
Number of updated asset objects reloaded before import = 0Number of asset objects unloaded after import = 3

========================================================================
Received Import Request.
  Time since last request: 0.000025 seconds.
  path: Assets/LUTE_Starter Scenes/Mapbox/Examples/Resources/maki/rail-light-15.png
  artifactKey: Guid(c7d01cb3a3849984db1e0e6dea66fc47) Importer(2089858483,0ecaa5967403d082aa24f35e1b516d23)
Start importing Assets/LUTE_Starter Scenes/Mapbox/Examples/Resources/maki/rail-light-15.png using Guid(c7d01cb3a3849984db1e0e6dea66fc47) Importer(2089858483,0ecaa5967403d082aa24f35e1b516d23) (ScriptedImporter) -> (artifact id: '8645654b0c8743f90950ce89ea2095b4') in 0.0483027 seconds
Number of updated asset objects reloaded before import = 0Number of asset objects unloaded after import = 3

========================================================================
Received Import Request.
  Time since last request: 0.000026 seconds.
  path: Assets/LUTE_Starter Scenes/Scenes/Games/AR/Resources/TestLocation.asset
  artifactKey: Guid(aed31679c3a5e6744b6acc5fb57b65a6) Importer(2089858483,0ecaa5967403d082aa24f35e1b516d23)
Start importing Assets/LUTE_Starter Scenes/Scenes/Games/AR/Resources/TestLocation.asset using Guid(aed31679c3a5e6744b6acc5fb57b65a6) Importer(2089858483,0ecaa5967403d082aa24f35e1b516d23) (ScriptedImporter) -> (artifact id: '2b28fef16ef2151d26e9bf8889ecf5cb') in 0.0563765 seconds
Number of updated asset objects reloaded before import = 0Number of asset objects unloaded after import = 4

========================================================================
Received Import Request.
  Time since last request: 0.000031 seconds.
  path: Assets/LUTE_Starter Scenes/Sprites/CharacterHeads/Animals/Round (outline)/panda.png
  artifactKey: Guid(1f27deeda3accad44814b5ad4e8b57bc) Importer(2089858483,0ecaa5967403d082aa24f35e1b516d23)
Start importing Assets/LUTE_Starter Scenes/Sprites/CharacterHeads/Animals/Round (outline)/panda.png using Guid(1f27deeda3accad44814b5ad4e8b57bc) Importer(2089858483,0ecaa5967403d082aa24f35e1b516d23) (ScriptedImporter) -> (artifact id: '26b7d84eddd06bb2b2cf6bedec20725a') in 0.0634214 seconds
Number of updated asset objects reloaded before import = 0Number of asset objects unloaded after import = 3

========================================================================
Received Import Request.
  Time since last request: 0.000130 seconds.
  path: Assets/LUTE_Starter Scenes/Scenes/Games/AR/Scripts/OverlapDetector.cs
  artifactKey: Guid(ea3f4c111e9ba1a41b2f81f9732e97eb) Importer(2089858483,0ecaa5967403d082aa24f35e1b516d23)
Start importing Assets/LUTE_Starter Scenes/Scenes/Games/AR/Scripts/OverlapDetector.cs using Guid(ea3f4c111e9ba1a41b2f81f9732e97eb) Importer(2089858483,0ecaa5967403d082aa24f35e1b516d23) (ScriptedImporter) -> (artifact id: '519ef1706a89fcd71ccb792bbedd2bfb') in 0.0243746 seconds
Number of updated asset objects reloaded before import = 0Number of asset objects unloaded after import = 0

========================================================================
Received Import Request.
  Time since last request: 0.000028 seconds.
  path: Assets/LUTE_Starter Scenes/Mapbox/Unity/Location/AngleSmoothing/AngleSmoothingAverage.cs
  artifactKey: Guid(6843ccbf70c208645a89b4c8c37a4ecf) Importer(2089858483,0ecaa5967403d082aa24f35e1b516d23)
Start importing Assets/LUTE_Starter Scenes/Mapbox/Unity/Location/AngleSmoothing/AngleSmoothingAverage.cs using Guid(6843ccbf70c208645a89b4c8c37a4ecf) Importer(2089858483,0ecaa5967403d082aa24f35e1b516d23) (ScriptedImporter) -> (artifact id: 'a5431f2bd6ad2fb501e682d0119e9c9c') in 0.0354028 seconds
Number of updated asset objects reloaded before import = 0Number of asset objects unloaded after import = 0

========================================================================
Received Import Request.
  Time since last request: 0.000052 seconds.
  path: Assets/LUTE_Starter Scenes/Mapbox/Unity/Location/AngleSmoothing/AngleSmoothingNoOp.cs
  artifactKey: Guid(1ea49ff9cb53e9b44b5fa981d0009588) Importer(2089858483,0ecaa5967403d082aa24f35e1b516d23)
Start importing Assets/LUTE_Starter Scenes/Mapbox/Unity/Location/AngleSmoothing/AngleSmoothingNoOp.cs using Guid(1ea49ff9cb53e9b44b5fa981d0009588) Importer(2089858483,0ecaa5967403d082aa24f35e1b516d23) (ScriptedImporter) -> (artifact id: '392416cf71fc0b844abde7efc8cd9a06') in 0.0225999 seconds
Number of updated asset objects reloaded before import = 0Number of asset objects unloaded after import = 0

========================================================================
Received Import Request.
  Time since last request: 0.000038 seconds.
  path: Assets/LUTE_Starter Scenes/Mapbox/Examples/Resources/maki/rocket-15.png
  artifactKey: Guid(ba811397e931c754dac7b750dc6a0092) Importer(2089858483,0ecaa5967403d082aa24f35e1b516d23)
Start importing Assets/LUTE_Starter Scenes/Mapbox/Examples/Resources/maki/rocket-15.png using Guid(ba811397e931c754dac7b750dc6a0092) Importer(2089858483,0ecaa5967403d082aa24f35e1b516d23) (ScriptedImporter) -> (artifact id: '142126ba2ec2279bf46fe3555267b6e2') in 0.0473037 seconds
Number of updated asset objects reloaded before import = 0Number of asset objects unloaded after import = 3

========================================================================
Received Import Request.
  Time since last request: 0.000023 seconds.
  path: Assets/LUTE_Starter Scenes/Mapbox/Examples/Resources/maki/playground-15.png
  artifactKey: Guid(7f10afd7e5ab4bc49a14777ba3555195) Importer(2089858483,0ecaa5967403d082aa24f35e1b516d23)
Start importing Assets/LUTE_Starter Scenes/Mapbox/Examples/Resources/maki/playground-15.png using Guid(7f10afd7e5ab4bc49a14777ba3555195) Importer(2089858483,0ecaa5967403d082aa24f35e1b516d23) (ScriptedImporter) -> (artifact id: '60a46eb75440aeebe772ab224b66c0e2') in 0.0390897 seconds
Number of updated asset objects reloaded before import = 0Number of asset objects unloaded after import = 3

========================================================================
Received Import Request.
  Time since last request: 0.000022 seconds.
  path: Assets/LUTE_Starter Scenes/Mapbox/Unity/MeshGeneration/LayerVisualizers/LocationPrefabsLayerVisualizer.cs
  artifactKey: Guid(b250e20966143455d807eddf832c7362) Importer(2089858483,0ecaa5967403d082aa24f35e1b516d23)
Start importing Assets/LUTE_Starter Scenes/Mapbox/Unity/MeshGeneration/LayerVisualizers/LocationPrefabsLayerVisualizer.cs using Guid(b250e20966143455d807eddf832c7362) Importer(2089858483,0ecaa5967403d082aa24f35e1b516d23) (ScriptedImporter) -> (artifact id: 'cf3870bfb8534eebc38d8ef8dda0e909') in 0.0189288 seconds
Number of updated asset objects reloaded before import = 0Number of asset objects unloaded after import = 0

========================================================================
Received Import Request.
  Time since last request: 0.000471 seconds.
  path: Assets/LUTE_Starter Scenes/Mapbox/Unity/MeshGeneration/Components/FeatureBehaviour.cs
  artifactKey: Guid(1dd19505b960fb645953659207ca4bef) Importer(2089858483,0ecaa5967403d082aa24f35e1b516d23)
Start importing Assets/LUTE_Starter Scenes/Mapbox/Unity/MeshGeneration/Components/FeatureBehaviour.cs using Guid(1dd19505b960fb645953659207ca4bef) Importer(2089858483,0ecaa5967403d082aa24f35e1b516d23) (ScriptedImporter) -> (artifact id: '645acb4207013187b98c3ce1b1df40c3') in 0.0193973 seconds
Number of updated asset objects reloaded before import = 0Number of asset objects unloaded after import = 0

========================================================================
Received Import Request.
  Time since last request: 0.000053 seconds.
  path: Assets/LUTE_Starter Scenes/Sprites/CharacterHeads/Animals/Round without details/snake.png
  artifactKey: Guid(0ffb648cb33114746b5dc14d1a053ec4) Importer(2089858483,0ecaa5967403d082aa24f35e1b516d23)
Start importing Assets/LUTE_Starter Scenes/Sprites/CharacterHeads/Animals/Round without details/snake.png using Guid(0ffb648cb33114746b5dc14d1a053ec4) Importer(2089858483,0ecaa5967403d082aa24f35e1b516d23) (ScriptedImporter) -> (artifact id: 'c4e59a32b2d7ccb1af80cde214ee1588') in 0.049006 seconds
Number of updated asset objects reloaded before import = 0Number of asset objects unloaded after import = 3

========================================================================
Received Import Request.
  Time since last request: 0.000019 seconds.
  path: Assets/LUTE_Starter Scenes/Mapbox/Unity/Location/ExampleGpsTraces/LocationProviderAndroidNative-2.txt
  artifactKey: Guid(5f422c6a4a20b4d23880dddebfb4d1ed) Importer(2089858483,0ecaa5967403d082aa24f35e1b516d23)
Start importing Assets/LUTE_Starter Scenes/Mapbox/Unity/Location/ExampleGpsTraces/LocationProviderAndroidNative-2.txt using Guid(5f422c6a4a20b4d23880dddebfb4d1ed) Importer(2089858483,0ecaa5967403d082aa24f35e1b516d23) (ScriptedImporter) -> (artifact id: '6cff9aab4dcabd12837a5a337ee2b3fd') in 0.0250351 seconds
Number of updated asset objects reloaded before import = 0Number of asset objects unloaded after import = 1

========================================================================
Received Import Request.
  Time since last request: 0.000023 seconds.
  path: Assets/LUTE/ThirdPartyAssets/TextMesh Pro/Examples & Extras/Resources/Fonts & Materials/Unity SDF.asset
  artifactKey: Guid(c9adb1f542a93ae489bacfeae21e8394) Importer(2089858483,0ecaa5967403d082aa24f35e1b516d23)
Start importing Assets/LUTE/ThirdPartyAssets/TextMesh Pro/Examples & Extras/Resources/Fonts & Materials/Unity SDF.asset using Guid(c9adb1f542a93ae489bacfeae21e8394) Importer(2089858483,0ecaa5967403d082aa24f35e1b516d23) (ScriptedImporter) -> (artifact id: '6d10a76654dd319b452df415114639af') in 0.3572281 seconds
Number of updated asset objects reloaded before import = 0Number of asset objects unloaded after import = 4

========================================================================
Received Import Request.
  Time since last request: 0.000022 seconds.
  path: Assets/LUTE/ThirdPartyAssets/LeanTween/Examples/Models/Materials/SimpleAvatarSpace.mat
  artifactKey: Guid(9682c3da6d5384d098160b19ba3e02c5) Importer(2089858483,0ecaa5967403d082aa24f35e1b516d23)
Start importing Assets/LUTE/ThirdPartyAssets/LeanTween/Examples/Models/Materials/SimpleAvatarSpace.mat using Guid(9682c3da6d5384d098160b19ba3e02c5) Importer(2089858483,0ecaa5967403d082aa24f35e1b516d23) (ScriptedImporter) -> (artifact id: 'ba5d3ed58e7841af9cffbb9e02918bb6') in 0.5257865 seconds
Number of updated asset objects reloaded before import = 0Number of asset objects unloaded after import = 1

========================================================================
Received Import Request.
  Time since last request: 0.000021 seconds.
  path: Assets/LUTE_Starter Scenes/Mapbox/Core/mapbox-sdk-cs/Directions/Response/DirectionsResponse.cs
  artifactKey: Guid(f69de6bfcf63e4d2ab766574bca2caf6) Importer(2089858483,0ecaa5967403d082aa24f35e1b516d23)
Start importing Assets/LUTE_Starter Scenes/Mapbox/Core/mapbox-sdk-cs/Directions/Response/DirectionsResponse.cs using Guid(f69de6bfcf63e4d2ab766574bca2caf6) Importer(2089858483,0ecaa5967403d082aa24f35e1b516d23) (ScriptedImporter) -> (artifact id: 'e7b3017476879667afa6d4cadb888797') in 0.0331753 seconds
Number of updated asset objects reloaded before import = 0Number of asset objects unloaded after import = 0

========================================================================
Received Import Request.
  Time since last request: 0.000101 seconds.
  path: Assets/LUTE/ThirdPartyAssets/InventoryEngine/Demo/Resources/Items/WoodenKey.asset
  artifactKey: Guid(8115a9f5dc9011b43a75faf886c17e1c) Importer(2089858483,0ecaa5967403d082aa24f35e1b516d23)
Start importing Assets/LUTE/ThirdPartyAssets/InventoryEngine/Demo/Resources/Items/WoodenKey.asset using Guid(8115a9f5dc9011b43a75faf886c17e1c) Importer(2089858483,0ecaa5967403d082aa24f35e1b516d23) (ScriptedImporter) -> (artifact id: 'd94fb139b359fd74c76f1038ddee3f90') in 0.0523007 seconds
Number of updated asset objects reloaded before import = 0Number of asset objects unloaded after import = 11

========================================================================
Received Import Request.
  Time since last request: 0.000063 seconds.
  path: Assets/LUTE_Starter Scenes/Sprites/UI/Inventory/Ancient/Ancient UI Inventory Border.png
  artifactKey: Guid(7e424f0299b00b3498a296801ce824be) Importer(2089858483,0ecaa5967403d082aa24f35e1b516d23)
Start importing Assets/LUTE_Starter Scenes/Sprites/UI/Inventory/Ancient/Ancient UI Inventory Border.png using Guid(7e424f0299b00b3498a296801ce824be) Importer(2089858483,0ecaa5967403d082aa24f35e1b516d23) (ScriptedImporter) -> (artifact id: '7c0050d296a64dc22d93f731135acbb6') in 0.0780329 seconds
Number of updated asset objects reloaded before import = 0Number of asset objects unloaded after import = 3

========================================================================
Received Import Request.
  Time since last request: 0.000025 seconds.
  path: Assets/LUTE/ThirdPartyAssets/InventoryEngine/MMTools/MMAudio/MMSoundManager/MMSoundManagerPlayOptions.cs
  artifactKey: Guid(123f46c3aae9cbd4bba38e5dcf9cecae) Importer(2089858483,0ecaa5967403d082aa24f35e1b516d23)
Start importing Assets/LUTE/ThirdPartyAssets/InventoryEngine/MMTools/MMAudio/MMSoundManager/MMSoundManagerPlayOptions.cs using Guid(123f46c3aae9cbd4bba38e5dcf9cecae) Importer(2089858483,0ecaa5967403d082aa24f35e1b516d23) (ScriptedImporter) -> (artifact id: 'b75cc60dc37b798fdc43d79a28bc2fe8') in 0.0218033 seconds
Number of updated asset objects reloaded before import = 0Number of asset objects unloaded after import = 0

========================================================================
Received Import Request.
  Time since last request: 0.000025 seconds.
  path: Assets/LUTE_Starter Scenes/Mapbox/Examples/1_DataExplorer/Modules/LandcoverLayer/ExplorerLandcoverLayer.asset
  artifactKey: Guid(f1ff2b285816a314ca91887b82fc5901) Importer(2089858483,0ecaa5967403d082aa24f35e1b516d23)
Start importing Assets/LUTE_Starter Scenes/Mapbox/Examples/1_DataExplorer/Modules/LandcoverLayer/ExplorerLandcoverLayer.asset using Guid(f1ff2b285816a314ca91887b82fc5901) Importer(2089858483,0ecaa5967403d082aa24f35e1b516d23) (ScriptedImporter) -> (artifact id: 'fe72bfa06ee62e1a7545725da1e460c0') in 0.0472449 seconds
Number of updated asset objects reloaded before import = 0Number of asset objects unloaded after import = 1

========================================================================
Received Import Request.
  Time since last request: 0.000022 seconds.
  path: Assets/LUTE/ThirdPartyAssets/BogGames/Bog_Achievements/Scripts/Editor/BogAchievementPropertyEditor.cs
  artifactKey: Guid(8aef2a82af600b644a043687f112c653) Importer(2089858483,0ecaa5967403d082aa24f35e1b516d23)
Start importing Assets/LUTE/ThirdPartyAssets/BogGames/Bog_Achievements/Scripts/Editor/BogAchievementPropertyEditor.cs using Guid(8aef2a82af600b644a043687f112c653) Importer(2089858483,0ecaa5967403d082aa24f35e1b516d23) (ScriptedImporter) -> (artifact id: 'd3c27473a2a544e77ee37cce723613e6') in 0.0290748 seconds
Number of updated asset objects reloaded before import = 0Number of asset objects unloaded after import = 0

========================================================================
Received Import Request.
  Time since last request: 0.000101 seconds.
  path: Assets/LUTE_Starter Scenes/Sprites/CharacterHeads/Animals/Square without details (outline)/panda.png
  artifactKey: Guid(340c3d047ad4ecf4c8cbba1193e16f7b) Importer(2089858483,0ecaa5967403d082aa24f35e1b516d23)
Start importing Assets/LUTE_Starter Scenes/Sprites/CharacterHeads/Animals/Square without details (outline)/panda.png using Guid(340c3d047ad4ecf4c8cbba1193e16f7b) Importer(2089858483,0ecaa5967403d082aa24f35e1b516d23) (ScriptedImporter) -> (artifact id: 'be571553eb77e668248f96965e2ca514') in 0.0399883 seconds
Number of updated asset objects reloaded before import = 0Number of asset objects unloaded after import = 3

========================================================================
Received Import Request.
  Time since last request: 0.000382 seconds.
  path: Assets/LUTE/ThirdPartyAssets/InventoryEngine/MMTools/MMAudio/MMSMPlaylist/MMSMPlaylist.cs
  artifactKey: Guid(bc7924747b6dade48ac9a15d72b5176b) Importer(2089858483,0ecaa5967403d082aa24f35e1b516d23)
Start importing Assets/LUTE/ThirdPartyAssets/InventoryEngine/MMTools/MMAudio/MMSMPlaylist/MMSMPlaylist.cs using Guid(bc7924747b6dade48ac9a15d72b5176b) Importer(2089858483,0ecaa5967403d082aa24f35e1b516d23) (ScriptedImporter) -> (artifact id: 'cadbb260d3a2667fa39519e3ba866025') in 0.0156156 seconds
Number of updated asset objects reloaded before import = 0Number of asset objects unloaded after import = 0

========================================================================
Received Import Request.
  Time since last request: 0.000088 seconds.
  path: Assets/LUTE_Starter Scenes/Sprites/UI/Inventory/Ancient/Ancient UI Inventory Display Border.png
  artifactKey: Guid(780f00799eeb684448ceeeb0039f58e4) Importer(2089858483,0ecaa5967403d082aa24f35e1b516d23)
Start importing Assets/LUTE_Starter Scenes/Sprites/UI/Inventory/Ancient/Ancient UI Inventory Display Border.png using Guid(780f00799eeb684448ceeeb0039f58e4) Importer(2089858483,0ecaa5967403d082aa24f35e1b516d23) (ScriptedImporter) -> (artifact id: '68a13b23d2c0da6a4aeab7de370966b3') in 0.0541396 seconds
Number of updated asset objects reloaded before import = 0Number of asset objects unloaded after import = 3

========================================================================
Received Import Request.
  Time since last request: 0.000021 seconds.
  path: Assets/LUTE_Starter Scenes/Sprites/CharacterHeads/Animals/Square without details/Thumbs.db
  artifactKey: Guid(eaf349f512db8b3458121cf890809844) Importer(2089858483,0ecaa5967403d082aa24f35e1b516d23)
Start importing Assets/LUTE_Starter Scenes/Sprites/CharacterHeads/Animals/Square without details/Thumbs.db using Guid(eaf349f512db8b3458121cf890809844) Importer(2089858483,0ecaa5967403d082aa24f35e1b516d23) (ScriptedImporter) -> (artifact id: '5a2fe3640e9c10a553ecd03c12f1f9d8') in 0.0316336 seconds
Number of updated asset objects reloaded before import = 0Number of asset objects unloaded after import = 1

========================================================================
Received Import Request.
  Time since last request: 0.000022 seconds.
  path: Assets/LUTE_Starter Scenes/Sprites/CharacterHeads/Animals/Square without details/snake.png
  artifactKey: Guid(fc2dac6dabe5a184d91909164f4f6efe) Importer(2089858483,0ecaa5967403d082aa24f35e1b516d23)
Start importing Assets/LUTE_Starter Scenes/Sprites/CharacterHeads/Animals/Square without details/snake.png using Guid(fc2dac6dabe5a184d91909164f4f6efe) Importer(2089858483,0ecaa5967403d082aa24f35e1b516d23) (ScriptedImporter) -> (artifact id: '4f3210dabdb853e20400719b62535001') in 0.1618654 seconds
Number of updated asset objects reloaded before import = 0Number of asset objects unloaded after import = 3

========================================================================
Received Import Request.
  Time since last request: 0.000027 seconds.
  path: Assets/LUTE_Starter Scenes/Sprites/CharacterHeads/Animals/Square without details/hippo.png
  artifactKey: Guid(8ccc29c2a8bcb6d43950ee83fcb52cb9) Importer(2089858483,0ecaa5967403d082aa24f35e1b516d23)
Start importing Assets/LUTE_Starter Scenes/Sprites/CharacterHeads/Animals/Square without details/hippo.png using Guid(8ccc29c2a8bcb6d43950ee83fcb52cb9) Importer(2089858483,0ecaa5967403d082aa24f35e1b516d23) (ScriptedImporter) -> (artifact id: '1135da5989b60a08ffa8a5c6bbb1b5e7') in 0.0484717 seconds
Number of updated asset objects reloaded before import = 0Number of asset objects unloaded after import = 3

========================================================================
Received Import Request.
  Time since last request: 0.000030 seconds.
  path: Assets/LUTE_Starter Scenes/Mapbox/Examples/1_DataExplorer/Modules/Contour/ExplorerContour.mat
  artifactKey: Guid(5e9f3304a79c81c4e8a073c7fd3a728f) Importer(2089858483,0ecaa5967403d082aa24f35e1b516d23)
Start importing Assets/LUTE_Starter Scenes/Mapbox/Examples/1_DataExplorer/Modules/Contour/ExplorerContour.mat using Guid(5e9f3304a79c81c4e8a073c7fd3a728f) Importer(2089858483,0ecaa5967403d082aa24f35e1b516d23) (ScriptedImporter) -> (artifact id: '67492e23eb980e1ada52fcaa05f4e74b') in 0.0186233 seconds
Number of updated asset objects reloaded before import = 0Number of asset objects unloaded after import = 1

========================================================================
Received Import Request.
  Time since last request: 0.000025 seconds.
  path: Assets/LUTE_Starter Scenes/Sprites/CharacterHeads/Animals/Square/Thumbs.db
  artifactKey: Guid(fabe79afe9cf6984f9ce32bd351f0c47) Importer(2089858483,0ecaa5967403d082aa24f35e1b516d23)
Start importing Assets/LUTE_Starter Scenes/Sprites/CharacterHeads/Animals/Square/Thumbs.db using Guid(fabe79afe9cf6984f9ce32bd351f0c47) Importer(2089858483,0ecaa5967403d082aa24f35e1b516d23) (ScriptedImporter) -> (artifact id: 'f4f6f105f4a94bc9b21addfb47d3512b') in 0.0155211 seconds
Number of updated asset objects reloaded before import = 0Number of asset objects unloaded after import = 1

========================================================================
Received Import Request.
  Time since last request: 0.000025 seconds.
  path: Assets/LUTE/ThirdPartyAssets/BogGames/Bog_Achievements/Scripts/Core/BogAchievement.cs
  artifactKey: Guid(72cb0262874d40d40842ded9f0c512bf) Importer(2089858483,0ecaa5967403d082aa24f35e1b516d23)
Start importing Assets/LUTE/ThirdPartyAssets/BogGames/Bog_Achievements/Scripts/Core/BogAchievement.cs using Guid(72cb0262874d40d40842ded9f0c512bf) Importer(2089858483,0ecaa5967403d082aa24f35e1b516d23) (ScriptedImporter) -> (artifact id: 'f1d1682056fcf0162b6d445b3403b019') in 0.0175915 seconds
Number of updated asset objects reloaded before import = 0Number of asset objects unloaded after import = 0

========================================================================
Received Import Request.
  Time since last request: 0.000052 seconds.
  path: Assets/LUTE/ThirdPartyAssets/TextMesh Pro/Examples & Extras/Resources/Fonts & Materials/Anton SDF - Sunny Days.mat
  artifactKey: Guid(6522f30e342599e4e9dd4cc2cc03c830) Importer(2089858483,0ecaa5967403d082aa24f35e1b516d23)
Start importing Assets/LUTE/ThirdPartyAssets/TextMesh Pro/Examples & Extras/Resources/Fonts & Materials/Anton SDF - Sunny Days.mat using Guid(6522f30e342599e4e9dd4cc2cc03c830) Importer(2089858483,0ecaa5967403d082aa24f35e1b516d23) (ScriptedImporter) -> (artifact id: '44207d33d237258c080086113315ff8b') in 0.042989 seconds
Number of updated asset objects reloaded before import = 0Number of asset objects unloaded after import = 4

========================================================================
Received Import Request.
  Time since last request: 0.000039 seconds.
  path: Assets/LUTE/ThirdPartyAssets/LeanTween/Examples/Models/Materials/SimpleAvatarBlue.mat
  artifactKey: Guid(e86c6ee57cd4c400ea5852025bc7b7c3) Importer(2089858483,0ecaa5967403d082aa24f35e1b516d23)
Start importing Assets/LUTE/ThirdPartyAssets/LeanTween/Examples/Models/Materials/SimpleAvatarBlue.mat using Guid(e86c6ee57cd4c400ea5852025bc7b7c3) Importer(2089858483,0ecaa5967403d082aa24f35e1b516d23) (ScriptedImporter) -> (artifact id: '24440a253b537dfbe68e00ab8b33a9e4') in 0.0301578 seconds
Number of updated asset objects reloaded before import = 0Number of asset objects unloaded after import = 1

========================================================================
Received Import Request.
  Time since last request: 0.000024 seconds.
  path: Assets/LUTE_Starter Scenes/Mapbox/Examples/Resources/maki/town-hall-15.png
  artifactKey: Guid(9102b449df46d244c852c3c6e92f99dc) Importer(2089858483,0ecaa5967403d082aa24f35e1b516d23)
Start importing Assets/LUTE_Starter Scenes/Mapbox/Examples/Resources/maki/town-hall-15.png using Guid(9102b449df46d244c852c3c6e92f99dc) Importer(2089858483,0ecaa5967403d082aa24f35e1b516d23) (ScriptedImporter) -> (artifact id: '4a6ac79b17a4e992413d5c37d91039df') in 0.0401874 seconds
Number of updated asset objects reloaded before import = 0Number of asset objects unloaded after import = 3

========================================================================
Received Import Request.
  Time since last request: 0.000023 seconds.
  path: Assets/LUTE_Starter Scenes/Mapbox/Examples/1_DataExplorer/Modules/BuildingLayer/ExplorerWhite.mat
  artifactKey: Guid(508236771313ff54788fa797ece5c0e8) Importer(2089858483,0ecaa5967403d082aa24f35e1b516d23)
Start importing Assets/LUTE_Starter Scenes/Mapbox/Examples/1_DataExplorer/Modules/BuildingLayer/ExplorerWhite.mat using Guid(508236771313ff54788fa797ece5c0e8) Importer(2089858483,0ecaa5967403d082aa24f35e1b516d23) (ScriptedImporter) -> (artifact id: '693a586d074ab161f189e54f766aebc5') in 0.0305374 seconds
Number of updated asset objects reloaded before import = 0Number of asset objects unloaded after import = 1

========================================================================
Received Import Request.
  Time since last request: 0.000027 seconds.
  path: Assets/LUTE/ThirdPartyAssets/TextMesh Pro/Examples & Extras/Resources/Fonts & Materials/Unity SDF - HDRP LIT - Bloom.mat
  artifactKey: Guid(8d176c01131de8f46ad61094e29d79b2) Importer(2089858483,0ecaa5967403d082aa24f35e1b516d23)
Start importing Assets/LUTE/ThirdPartyAssets/TextMesh Pro/Examples & Extras/Resources/Fonts & Materials/Unity SDF - HDRP LIT - Bloom.mat using Guid(8d176c01131de8f46ad61094e29d79b2) Importer(2089858483,0ecaa5967403d082aa24f35e1b516d23) (ScriptedImporter) -> (artifact id: 'de0ebd9bf76dc0485dedb621a98efb74') in 0.1083654 seconds
Number of updated asset objects reloaded before import = 0Number of asset objects unloaded after import = 3

========================================================================
Received Import Request.
  Time since last request: 0.000032 seconds.
  path: Assets/LUTE/ThirdPartyAssets/TextMesh Pro/Examples & Extras/Resources/Fonts & Materials/Anton SDF - Drop Shadow.mat
  artifactKey: Guid(749b9069dc4742c5bfa5c74644049926) Importer(2089858483,0ecaa5967403d082aa24f35e1b516d23)
Start importing Assets/LUTE/ThirdPartyAssets/TextMesh Pro/Examples & Extras/Resources/Fonts & Materials/Anton SDF - Drop Shadow.mat using Guid(749b9069dc4742c5bfa5c74644049926) Importer(2089858483,0ecaa5967403d082aa24f35e1b516d23) (ScriptedImporter) -> (artifact id: '025e91c1c859b736c8c99e5edbc5192a') in 0.0363684 seconds
Number of updated asset objects reloaded before import = 0Number of asset objects unloaded after import = 2

========================================================================
Received Import Request.
  Time since last request: 0.000014 seconds.
  path: Assets/LUTE_Starter Scenes/Mapbox/Unity/Location/AngleSmoothing/AngleSmoothingAbstractBase.cs
  artifactKey: Guid(96b2e341a57b7f44a965174f6d88c67a) Importer(2089858483,0ecaa5967403d082aa24f35e1b516d23)
Start importing Assets/LUTE_Starter Scenes/Mapbox/Unity/Location/AngleSmoothing/AngleSmoothingAbstractBase.cs using Guid(96b2e341a57b7f44a965174f6d88c67a) Importer(2089858483,0ecaa5967403d082aa24f35e1b516d23) (ScriptedImporter) -> (artifact id: 'e934aa89ff048798f706f4baa669ba2f') in 0.0310778 seconds
Number of updated asset objects reloaded before import = 0Number of asset objects unloaded after import = 0

========================================================================
Received Import Request.
  Time since last request: 0.000063 seconds.
  path: Assets/LUTE_Starter Scenes/Sprites/UI/Inventory/Ancient/Ancient UI Inventory Frame.png
  artifactKey: Guid(d679edabc7a4a674589c4568ecade2ee) Importer(2089858483,0ecaa5967403d082aa24f35e1b516d23)
Start importing Assets/LUTE_Starter Scenes/Sprites/UI/Inventory/Ancient/Ancient UI Inventory Frame.png using Guid(d679edabc7a4a674589c4568ecade2ee) Importer(2089858483,0ecaa5967403d082aa24f35e1b516d23) (ScriptedImporter) -> (artifact id: '8576e27174fc4ca252972d0979ccba09') in 0.183164 seconds
Number of updated asset objects reloaded before import = 0Number of asset objects unloaded after import = 3

========================================================================
Received Import Request.
  Time since last request: 0.001861 seconds.
  path: Assets/LUTE_Starter Scenes/Mapbox/Examples/1_DataExplorer/Modules/MotorwayJunctionLayer/ExplorerMotorwayJunctionLayer.asset
  artifactKey: Guid(93f8be3e38d52cb49b8321e16e9c0ecf) Importer(2089858483,0ecaa5967403d082aa24f35e1b516d23)
Start importing Assets/LUTE_Starter Scenes/Mapbox/Examples/1_DataExplorer/Modules/MotorwayJunctionLayer/ExplorerMotorwayJunctionLayer.asset using Guid(93f8be3e38d52cb49b8321e16e9c0ecf) Importer(2089858483,0ecaa5967403d082aa24f35e1b516d23) (ScriptedImporter) -> (artifact id: 'bebc48e95cd1feca3abf309a2ca9cb7d') in 0.0348758 seconds
Number of updated asset objects reloaded before import = 0Number of asset objects unloaded after import = 1

========================================================================
Received Import Request.
  Time since last request: 0.000026 seconds.
  path: Assets/LUTE_Starter Scenes/Mapbox/Examples/2_AstronautGame/AstronautGame/Building/3YvXH.png
  artifactKey: Guid(1cd3051fbf6150c46bbb8d117deb860b) Importer(2089858483,0ecaa5967403d082aa24f35e1b516d23)
Start importing Assets/LUTE_Starter Scenes/Mapbox/Examples/2_AstronautGame/AstronautGame/Building/3YvXH.png using Guid(1cd3051fbf6150c46bbb8d117deb860b) Importer(2089858483,0ecaa5967403d082aa24f35e1b516d23) (ScriptedImporter) -> (artifact id: 'e2c2e045646df8b364774a0b458c99a0') in 0.0388598 seconds
Number of updated asset objects reloaded before import = 0Number of asset objects unloaded after import = 1

========================================================================
Received Import Request.
  Time since last request: 0.000042 seconds.
  path: Assets/LUTE_Starter Scenes/Mapbox/Examples/1_DataExplorer/Modules/WaterLayer/ExplorerBlue.mat
  artifactKey: Guid(55643c4fd976d7e429bda0a90c976b14) Importer(2089858483,0ecaa5967403d082aa24f35e1b516d23)
Start importing Assets/LUTE_Starter Scenes/Mapbox/Examples/1_DataExplorer/Modules/WaterLayer/ExplorerBlue.mat using Guid(55643c4fd976d7e429bda0a90c976b14) Importer(2089858483,0ecaa5967403d082aa24f35e1b516d23) (ScriptedImporter) -> (artifact id: 'c363c2cfc727830feeb94c0eaf3673bc') in 0.03243 seconds
Number of updated asset objects reloaded before import = 0Number of asset objects unloaded after import = 1

========================================================================
Received Import Request.
  Time since last request: 0.000024 seconds.
  path: Assets/LUTE_Starter Scenes/Mapbox/Examples/2_AstronautGame/AstronautGame/Astronaut/MapboxAstronaut_normal.tif
  artifactKey: Guid(6f824ebc83678c64dbc8ce6ba03a458d) Importer(2089858483,0ecaa5967403d082aa24f35e1b516d23)
Start importing Assets/LUTE_Starter Scenes/Mapbox/Examples/2_AstronautGame/AstronautGame/Astronaut/MapboxAstronaut_normal.tif using Guid(6f824ebc83678c64dbc8ce6ba03a458d) Importer(2089858483,0ecaa5967403d082aa24f35e1b516d23) (ScriptedImporter) -> (artifact id: '50e56bd60b8bf3479520cec720620f20') in 0.0821208 seconds
Number of updated asset objects reloaded before import = 0Number of asset objects unloaded after import = 1

========================================================================
Received Import Request.
  Time since last request: 0.000027 seconds.
  path: Assets/LUTE_Starter Scenes/Mapbox/Unity/MeshGeneration/Modifiers/GameObjectModifiers/AddMonoBehavioursModifier.cs
  artifactKey: Guid(c3b6ec6b924494ffda604db0a299df8d) Importer(2089858483,0ecaa5967403d082aa24f35e1b516d23)
Start importing Assets/LUTE_Starter Scenes/Mapbox/Unity/MeshGeneration/Modifiers/GameObjectModifiers/AddMonoBehavioursModifier.cs using Guid(c3b6ec6b924494ffda604db0a299df8d) Importer(2089858483,0ecaa5967403d082aa24f35e1b516d23) (ScriptedImporter) -> (artifact id: '3e853a3327b4283ea977a242ef8cdb63') in 0.0223926 seconds
Number of updated asset objects reloaded before import = 0Number of asset objects unloaded after import = 0

========================================================================
Received Import Request.
  Time since last request: 0.000051 seconds.
  path: Assets/LUTE_Starter Scenes/Mapbox/Examples/2_AstronautGame/AstronautGame/Road/trafficNorm3.png
  artifactKey: Guid(ab72bd9433c198c42ab7462e5e6bfab3) Importer(2089858483,0ecaa5967403d082aa24f35e1b516d23)
Start importing Assets/LUTE_Starter Scenes/Mapbox/Examples/2_AstronautGame/AstronautGame/Road/trafficNorm3.png using Guid(ab72bd9433c198c42ab7462e5e6bfab3) Importer(2089858483,0ecaa5967403d082aa24f35e1b516d23) (ScriptedImporter) -> (artifact id: 'a9c89c9d268159c3f414cde95b5e76bd') in 0.0546103 seconds
Number of updated asset objects reloaded before import = 0Number of asset objects unloaded after import = 1

========================================================================
Received Import Request.
  Time since last request: 0.000028 seconds.
  path: Assets/LUTE_Starter Scenes/Mapbox/Examples/2_AstronautGame/AstronautGame/Building/BuildingSideMaterial.mat
  artifactKey: Guid(6ec7317f2ac57e2448326cdc68816797) Importer(2089858483,0ecaa5967403d082aa24f35e1b516d23)
Start importing Assets/LUTE_Starter Scenes/Mapbox/Examples/2_AstronautGame/AstronautGame/Building/BuildingSideMaterial.mat using Guid(6ec7317f2ac57e2448326cdc68816797) Importer(2089858483,0ecaa5967403d082aa24f35e1b516d23) (ScriptedImporter) -> (artifact id: '331f16f43eb13ab096ba74a67d7fe0aa') in 0.123091 seconds
Number of updated asset objects reloaded before import = 0Number of asset objects unloaded after import = 2

========================================================================
Received Import Request.
  Time since last request: 0.000026 seconds.
  path: Assets/LUTE_Starter Scenes/Mapbox/Examples/2_AstronautGame/AstronautGame/Astronaut/Falloff.psd
  artifactKey: Guid(23740055e2b119e40a939138ab8070f8) Importer(2089858483,0ecaa5967403d082aa24f35e1b516d23)
Start importing Assets/LUTE_Starter Scenes/Mapbox/Examples/2_AstronautGame/AstronautGame/Astronaut/Falloff.psd using Guid(23740055e2b119e40a939138ab8070f8) Importer(2089858483,0ecaa5967403d082aa24f35e1b516d23) (ScriptedImporter) -> (artifact id: 'ddd2d33cdc44027eafd8e8594cf0cd0e') in 0.0505885 seconds
Number of updated asset objects reloaded before import = 0Number of asset objects unloaded after import = 1

========================================================================
Received Import Request.
  Time since last request: 0.000039 seconds.
  path: Assets/LUTE_Starter Scenes/Mapbox/Examples/1_DataExplorer/Modules/WaterLayer/ExplorerDefaultWater.asset
  artifactKey: Guid(37a023af0ce9d1448aebcd53bbfd5c3a) Importer(2089858483,0ecaa5967403d082aa24f35e1b516d23)
Start importing Assets/LUTE_Starter Scenes/Mapbox/Examples/1_DataExplorer/Modules/WaterLayer/ExplorerDefaultWater.asset using Guid(37a023af0ce9d1448aebcd53bbfd5c3a) Importer(2089858483,0ecaa5967403d082aa24f35e1b516d23) (ScriptedImporter) -> (artifact id: '44accd8e972850345fc5ce70d15be15e') in 0.0415805 seconds
Number of updated asset objects reloaded before import = 0Number of asset objects unloaded after import = 4

========================================================================
Received Import Request.
  Time since last request: 0.000031 seconds.
  path: Assets/LUTE_Starter Scenes/Mapbox/Unity/MeshGeneration/Modifiers/MeshModifiers/SmoothLineModifier.cs
  artifactKey: Guid(9558f79dbf9b00d488e061a68f8394aa) Importer(2089858483,0ecaa5967403d082aa24f35e1b516d23)
Start importing Assets/LUTE_Starter Scenes/Mapbox/Unity/MeshGeneration/Modifiers/MeshModifiers/SmoothLineModifier.cs using Guid(9558f79dbf9b00d488e061a68f8394aa) Importer(2089858483,0ecaa5967403d082aa24f35e1b516d23) (ScriptedImporter) -> (artifact id: '6c3bff1f06b58f9d988d3d641fa9919c') in 0.0209697 seconds
Number of updated asset objects reloaded before import = 0Number of asset objects unloaded after import = 0

========================================================================
Received Import Request.
  Time since last request: 0.000022 seconds.
  path: Assets/LUTE_Starter Scenes/Mapbox/Examples/2_AstronautGame/AstronautGame/Road/traffic2.png
  artifactKey: Guid(e085a9121904c9b489f2cab3ee5c17c0) Importer(2089858483,0ecaa5967403d082aa24f35e1b516d23)
Start importing Assets/LUTE_Starter Scenes/Mapbox/Examples/2_AstronautGame/AstronautGame/Road/traffic2.png using Guid(e085a9121904c9b489f2cab3ee5c17c0) Importer(2089858483,0ecaa5967403d082aa24f35e1b516d23) (ScriptedImporter) -> (artifact id: '40c8969dbe5a6fd56b32aa22baf623ee') in 0.0609063 seconds
Number of updated asset objects reloaded before import = 0Number of asset objects unloaded after import = 1

========================================================================
Received Import Request.
  Time since last request: 0.000034 seconds.
  path: Assets/LUTE_Starter Scenes/Scenes/Games/AR/Shaders/FeatheredPlaneShader.shader
  artifactKey: Guid(8fe9837628b439a4ea51a94b9e0f7870) Importer(2089858483,0ecaa5967403d082aa24f35e1b516d23)
Start importing Assets/LUTE_Starter Scenes/Scenes/Games/AR/Shaders/FeatheredPlaneShader.shader using Guid(8fe9837628b439a4ea51a94b9e0f7870) Importer(2089858483,0ecaa5967403d082aa24f35e1b516d23) (ScriptedImporter) -> (artifact id: '7951d86924e9e83a4f9b434368289220') in 0.02102 seconds
Number of updated asset objects reloaded before import = 0Number of asset objects unloaded after import = 1

========================================================================
Received Import Request.
  Time since last request: 0.000023 seconds.
  path: Assets/LUTE_Starter Scenes/Mapbox/Resources/HeroStructures/Meshes/CoitTower.fbx
  artifactKey: Guid(3b08328d5fd4f45b38052b68b9e3b74e) Importer(2089858483,0ecaa5967403d082aa24f35e1b516d23)
Start importing Assets/LUTE_Starter Scenes/Mapbox/Resources/HeroStructures/Meshes/CoitTower.fbx using Guid(3b08328d5fd4f45b38052b68b9e3b74e) Importer(2089858483,0ecaa5967403d082aa24f35e1b516d23) (ScriptedImporter) -> (artifact id: 'b8a4e0f27fd99553dc89f3636ce9f2b7') in 0.0534065 seconds
Number of updated asset objects reloaded before import = 0Number of asset objects unloaded after import = 10

========================================================================
Received Import Request.
  Time since last request: 0.000023 seconds.
  path: Assets/LUTE_Starter Scenes/Mapbox/Core/mapbox-sdk-cs/Platform/Cache/SQLiteCache/Tiles.cs
  artifactKey: Guid(7d8f9ca4f2240481ba4023eff7781487) Importer(2089858483,0ecaa5967403d082aa24f35e1b516d23)
Start importing Assets/LUTE_Starter Scenes/Mapbox/Core/mapbox-sdk-cs/Platform/Cache/SQLiteCache/Tiles.cs using Guid(7d8f9ca4f2240481ba4023eff7781487) Importer(2089858483,0ecaa5967403d082aa24f35e1b516d23) (ScriptedImporter) -> (artifact id: 'ad0b887279552b0c8d0eb556effb2537') in 0.0207058 seconds
Number of updated asset objects reloaded before import = 0Number of asset objects unloaded after import = 0

========================================================================
Received Import Request.
  Time since last request: 0.000794 seconds.
  path: Assets/LUTE/ThirdPartyAssets/BogGames/Bog_Achievements/Examples/Resources/Prefabs/BogAchievementDisplayItem.prefab
  artifactKey: Guid(cb218fdf53b97a143aba95b70d2e3108) Importer(2089858483,0ecaa5967403d082aa24f35e1b516d23)
Start importing Assets/LUTE/ThirdPartyAssets/BogGames/Bog_Achievements/Examples/Resources/Prefabs/BogAchievementDisplayItem.prefab using Guid(cb218fdf53b97a143aba95b70d2e3108) Importer(2089858483,0ecaa5967403d082aa24f35e1b516d23) (ScriptedImporter) -> (artifact id: '78310af4854868a098da98cc73537fc8') in 0.036259 seconds
Number of updated asset objects reloaded before import = 0Number of asset objects unloaded after import = 43

========================================================================
Received Import Request.
  Time since last request: 0.000027 seconds.
  path: Assets/LUTE_Starter Scenes/Mapbox/Resources/MapboxStyles/Styles/MapboxSampleStyles/Color/ColorIcon.png
  artifactKey: Guid(f3c3cfc0277d942eb89bfb56525e6c85) Importer(2089858483,0ecaa5967403d082aa24f35e1b516d23)
Start importing Assets/LUTE_Starter Scenes/Mapbox/Resources/MapboxStyles/Styles/MapboxSampleStyles/Color/ColorIcon.png using Guid(f3c3cfc0277d942eb89bfb56525e6c85) Importer(2089858483,0ecaa5967403d082aa24f35e1b516d23) (ScriptedImporter) -> (artifact id: '85a032c537aff9f940371eb18960d7c3') in 0.0381163 seconds
Number of updated asset objects reloaded before import = 0Number of asset objects unloaded after import = 1

========================================================================
Received Import Request.
  Time since last request: 0.000146 seconds.
  path: Assets/LUTE_Starter Scenes/Scenes/Games/DesignerCreated/Testing/Stickers/PostcardAchievementList.asset
  artifactKey: Guid(37e270d3ff86e7044af5a95f566fd902) Importer(2089858483,0ecaa5967403d082aa24f35e1b516d23)
Start importing Assets/LUTE_Starter Scenes/Scenes/Games/DesignerCreated/Testing/Stickers/PostcardAchievementList.asset using Guid(37e270d3ff86e7044af5a95f566fd902) Importer(2089858483,0ecaa5967403d082aa24f35e1b516d23) (ScriptedImporter) -> (artifact id: 'b2653e89616416cb131ba62121ef7424') in 0.0271034 seconds
Number of updated asset objects reloaded before import = 0Number of asset objects unloaded after import = 1

========================================================================
Received Import Request.
  Time since last request: 0.000028 seconds.
  path: Assets/LUTE_Starter Scenes/Mapbox/Core/mapbox-sdk-cs/Tests/UnitTests/Editor/MapboxUnitTests_SQLiteCache.cs
  artifactKey: Guid(e9829dc6854b57c4daa504cf64758026) Importer(2089858483,0ecaa5967403d082aa24f35e1b516d23)
Start importing Assets/LUTE_Starter Scenes/Mapbox/Core/mapbox-sdk-cs/Tests/UnitTests/Editor/MapboxUnitTests_SQLiteCache.cs using Guid(e9829dc6854b57c4daa504cf64758026) Importer(2089858483,0ecaa5967403d082aa24f35e1b516d23) (ScriptedImporter) -> (artifact id: 'bceb5dc06c22cea9ab70bebd229281de') in 0.0213407 seconds
Number of updated asset objects reloaded before import = 0Number of asset objects unloaded after import = 0

========================================================================
Received Import Request.
  Time since last request: 0.002239 seconds.
  path: Assets/LUTE_Starter Scenes/Mapbox/Core/Plugins/Mapbox/vector-tile-cs/portable-net45+uap10/Mapbox.VectorTile.VectorTileReader.dll
  artifactKey: Guid(ea87c215fce9c204abdb685f22703bd0) Importer(2089858483,0ecaa5967403d082aa24f35e1b516d23)
Start importing Assets/LUTE_Starter Scenes/Mapbox/Core/Plugins/Mapbox/vector-tile-cs/portable-net45+uap10/Mapbox.VectorTile.VectorTileReader.dll using Guid(ea87c215fce9c204abdb685f22703bd0) Importer(2089858483,0ecaa5967403d082aa24f35e1b516d23) (ScriptedImporter) -> (artifact id: '465422e8ca564a2e675a910ece85bd46') in 0.0248554 seconds
Number of updated asset objects reloaded before import = 0Number of asset objects unloaded after import = 0

========================================================================
Received Import Request.
  Time since last request: 0.000106 seconds.
  path: Assets/LUTE/ThirdPartyAssets/InventoryEngine/MMTools/MMAudio/MMSoundManager/Events/MMSoundManagerSoundPlayEvent.cs
  artifactKey: Guid(fa5bc168399356b4e8b48a498dfed282) Importer(2089858483,0ecaa5967403d082aa24f35e1b516d23)
Start importing Assets/LUTE/ThirdPartyAssets/InventoryEngine/MMTools/MMAudio/MMSoundManager/Events/MMSoundManagerSoundPlayEvent.cs using Guid(fa5bc168399356b4e8b48a498dfed282) Importer(2089858483,0ecaa5967403d082aa24f35e1b516d23) (ScriptedImporter) -> (artifact id: '8193e7159ef33bc79259b2b6b0372dec') in 0.019513 seconds
Number of updated asset objects reloaded before import = 0Number of asset objects unloaded after import = 0

========================================================================
Received Import Request.
  Time since last request: 0.000047 seconds.
  path: Assets/LUTE_Starter Scenes/Scenes/Games/DesignerCreated/Testing/AlbertoDemo/Prefabs/Banks_front.mat
  artifactKey: Guid(db6b400c0ae8b6e47a287891d06a726a) Importer(2089858483,0ecaa5967403d082aa24f35e1b516d23)
Start importing Assets/LUTE_Starter Scenes/Scenes/Games/DesignerCreated/Testing/AlbertoDemo/Prefabs/Banks_front.mat using Guid(db6b400c0ae8b6e47a287891d06a726a) Importer(2089858483,0ecaa5967403d082aa24f35e1b516d23) (ScriptedImporter) -> (artifact id: 'b16d2c9582e4e4537d66ba14257bc9a2') in 0.419473 seconds
Number of updated asset objects reloaded before import = 0Number of asset objects unloaded after import = 2

========================================================================
Received Import Request.
  Time since last request: 0.000033 seconds.
  path: Assets/LUTE_Starter Scenes/Mapbox/Core/mapbox-sdk-cs/Tests/UnitTests/Editor/MapboxUnitTests_Geocoder.cs
  artifactKey: Guid(e32c94248ffc8435ea3385aa22e5b67e) Importer(2089858483,0ecaa5967403d082aa24f35e1b516d23)
Start importing Assets/LUTE_Starter Scenes/Mapbox/Core/mapbox-sdk-cs/Tests/UnitTests/Editor/MapboxUnitTests_Geocoder.cs using Guid(e32c94248ffc8435ea3385aa22e5b67e) Importer(2089858483,0ecaa5967403d082aa24f35e1b516d23) (ScriptedImporter) -> (artifact id: '275e3b5fb5b0760be97c373a23d35bf9') in 0.0230582 seconds
Number of updated asset objects reloaded before import = 0Number of asset objects unloaded after import = 0

========================================================================
Received Import Request.
  Time since last request: 0.000055 seconds.
  path: Assets/LUTE_Starter Scenes/Mapbox/Core/Plugins/Mapbox/vector-tile-cs/portable-net45+uap10/Mapbox.VectorTile.PbfReader.dll
  artifactKey: Guid(11d5b9a726730e34ea222ff8e6b1def9) Importer(2089858483,0ecaa5967403d082aa24f35e1b516d23)
Start importing Assets/LUTE_Starter Scenes/Mapbox/Core/Plugins/Mapbox/vector-tile-cs/portable-net45+uap10/Mapbox.VectorTile.PbfReader.dll using Guid(11d5b9a726730e34ea222ff8e6b1def9) Importer(2089858483,0ecaa5967403d082aa24f35e1b516d23) (ScriptedImporter) -> (artifact id: 'd8b7334b427e8696614b92b015f15aa7') in 0.0361095 seconds
Number of updated asset objects reloaded before import = 0Number of asset objects unloaded after import = 0

========================================================================
Received Import Request.
  Time since last request: 0.000039 seconds.
  path: Assets/LUTE_Starter Scenes/Scenes/Games/DesignerCreated/Testing/AlbertoDemo/Audio/Eliminate the Impossible.ogg
  artifactKey: Guid(0c611cf3d9e29964fb303c6d8460dffe) Importer(2089858483,0ecaa5967403d082aa24f35e1b516d23)
Start importing Assets/LUTE_Starter Scenes/Scenes/Games/DesignerCreated/Testing/AlbertoDemo/Audio/Eliminate the Impossible.ogg using Guid(0c611cf3d9e29964fb303c6d8460dffe) Importer(2089858483,0ecaa5967403d082aa24f35e1b516d23) (ScriptedImporter) -> (artifact id: '1ba50ae73ec85c3cb7e2f3e5307e89d4') in 0.1078676 seconds
Number of updated asset objects reloaded before import = 0Number of asset objects unloaded after import = 1

========================================================================
Received Import Request.
  Time since last request: 0.000583 seconds.
  path: Assets/LUTE_Starter Scenes/Scenes/Games/DesignerCreated/Testing/AlbertoDemo/Prefabs/Obelisk_back.mat
  artifactKey: Guid(66faa539f093ae645af0818fcc8bcffb) Importer(2089858483,0ecaa5967403d082aa24f35e1b516d23)
Start importing Assets/LUTE_Starter Scenes/Scenes/Games/DesignerCreated/Testing/AlbertoDemo/Prefabs/Obelisk_back.mat using Guid(66faa539f093ae645af0818fcc8bcffb) Importer(2089858483,0ecaa5967403d082aa24f35e1b516d23) (ScriptedImporter) -> (artifact id: 'd9192014cd26dfad73ca92c3efbc41a3') in 0.0392119 seconds
Number of updated asset objects reloaded before import = 0Number of asset objects unloaded after import = 2

========================================================================
Received Import Request.
  Time since last request: 0.000022 seconds.
  path: Assets/LUTE_Starter Scenes/Scenes/Games/DesignerCreated/Testing/AlbertoDemo/Prefabs/model_drwebb.prefab
  artifactKey: Guid(5e4630398a00830488357058efcfeb92) Importer(2089858483,0ecaa5967403d082aa24f35e1b516d23)
Start importing Assets/LUTE_Starter Scenes/Scenes/Games/DesignerCreated/Testing/AlbertoDemo/Prefabs/model_drwebb.prefab using Guid(5e4630398a00830488357058efcfeb92) Importer(2089858483,0ecaa5967403d082aa24f35e1b516d23) (ScriptedImporter) -> (artifact id: 'bcd76b17855026fb9477bb226a50eef6') in 0.0906309 seconds
Number of updated asset objects reloaded before import = 0Number of asset objects unloaded after import = 31

========================================================================
Received Import Request.
  Time since last request: 0.000034 seconds.
  path: Assets/LUTE/ThirdPartyAssets/XR/Samples/XR Interaction Toolkit/3.0.7/AR Starter Assets/Prefabs/Screen Space Ray Interactor.prefab
  artifactKey: Guid(7c070065b342ebb4bb41fcc9d84592d2) Importer(2089858483,0ecaa5967403d082aa24f35e1b516d23)
Start importing Assets/LUTE/ThirdPartyAssets/XR/Samples/XR Interaction Toolkit/3.0.7/AR Starter Assets/Prefabs/Screen Space Ray Interactor.prefab using Guid(7c070065b342ebb4bb41fcc9d84592d2) Importer(2089858483,0ecaa5967403d082aa24f35e1b516d23) (ScriptedImporter) -> (artifact id: '31dd4a799f45358664797fc1c58f9e5b') in 0.5487416 seconds
Number of updated asset objects reloaded before import = 0Number of asset objects unloaded after import = 19

========================================================================
Received Import Request.
  Time since last request: 0.000039 seconds.
  path: Assets/LUTE/ThirdPartyAssets/XR/Samples/XR Interaction Toolkit/3.0.7/Starter Assets/Animations/Climb Teleport Arrow.controller
  artifactKey: Guid(eb5eacf74ec78b24eba74ae8cb6cfa69) Importer(2089858483,0ecaa5967403d082aa24f35e1b516d23)
Start importing Assets/LUTE/ThirdPartyAssets/XR/Samples/XR Interaction Toolkit/3.0.7/Starter Assets/Animations/Climb Teleport Arrow.controller using Guid(eb5eacf74ec78b24eba74ae8cb6cfa69) Importer(2089858483,0ecaa5967403d082aa24f35e1b516d23) (ScriptedImporter) -> (artifact id: 'aa90ae87402089665610927412a540f4') in 0.0350151 seconds
Number of updated asset objects reloaded before import = 0Number of asset objects unloaded after import = 3

========================================================================
Received Import Request.
  Time since last request: 0.000020 seconds.
  path: Assets/LUTE_Starter Scenes/Mapbox/Core/Plugins/iOS/MapboxMobileEvents/include/MapboxMobileEvents/MMEConstants.h
  artifactKey: Guid(6718394795f184698a40cb2aaeb50e0f) Importer(2089858483,0ecaa5967403d082aa24f35e1b516d23)
Start importing Assets/LUTE_Starter Scenes/Mapbox/Core/Plugins/iOS/MapboxMobileEvents/include/MapboxMobileEvents/MMEConstants.h using Guid(6718394795f184698a40cb2aaeb50e0f) Importer(2089858483,0ecaa5967403d082aa24f35e1b516d23) (ScriptedImporter) -> (artifact id: '1f46fea50c48aef6aecbc8135f4add22') in 0.0204108 seconds
Number of updated asset objects reloaded before import = 0Number of asset objects unloaded after import = 0

========================================================================
Received Import Request.
  Time since last request: 0.000064 seconds.
  path: Assets/LUTE/ThirdPartyAssets/XR/Samples/XR Interaction Toolkit/3.0.7/Starter Assets/Scripts/MaterialPipelineHandler.cs
  artifactKey: Guid(27f6b842ee012fb4c93d0ba0485b6512) Importer(2089858483,0ecaa5967403d082aa24f35e1b516d23)
Start importing Assets/LUTE/ThirdPartyAssets/XR/Samples/XR Interaction Toolkit/3.0.7/Starter Assets/Scripts/MaterialPipelineHandler.cs using Guid(27f6b842ee012fb4c93d0ba0485b6512) Importer(2089858483,0ecaa5967403d082aa24f35e1b516d23) (ScriptedImporter) -> (artifact id: '9ada09ba88949521fdd72a499cdb30a9') in 0.2033337 seconds
Number of updated asset objects reloaded before import = 0Number of asset objects unloaded after import = 0

========================================================================
Received Import Request.
  Time since last request: 0.000049 seconds.
  path: Assets/LUTE/ThirdPartyAssets/XR/Samples/XR Interaction Toolkit/3.0.7/AR Starter Assets/ARDemoSceneAssets/AffordanceThemes/InteractionColor.asset
  artifactKey: Guid(48c6dba61d82a764c910293420193919) Importer(2089858483,0ecaa5967403d082aa24f35e1b516d23)
Start importing Assets/LUTE/ThirdPartyAssets/XR/Samples/XR Interaction Toolkit/3.0.7/AR Starter Assets/ARDemoSceneAssets/AffordanceThemes/InteractionColor.asset using Guid(48c6dba61d82a764c910293420193919) Importer(2089858483,0ecaa5967403d082aa24f35e1b516d23) (ScriptedImporter) -> (artifact id: '4382bd2f9b36925a809631ee9d55b5ab') in 0.0494396 seconds
Number of updated asset objects reloaded before import = 0Number of asset objects unloaded after import = 1

========================================================================
Received Import Request.
  Time since last request: 0.000042 seconds.
  path: Assets/LUTE_Starter Scenes/Scenes/Games/DesignerCreated/Testing/AlbertoDemo/Sprites/Portraits/portrait_angela.png
  artifactKey: Guid(7176a911d29efbc4b89a1994bb1ac4ca) Importer(2089858483,0ecaa5967403d082aa24f35e1b516d23)
Start importing Assets/LUTE_Starter Scenes/Scenes/Games/DesignerCreated/Testing/AlbertoDemo/Sprites/Portraits/portrait_angela.png using Guid(7176a911d29efbc4b89a1994bb1ac4ca) Importer(2089858483,0ecaa5967403d082aa24f35e1b516d23) (ScriptedImporter) -> (artifact id: '789a95d47c0c843b008cc4d252812605') in 0.0647551 seconds
Number of updated asset objects reloaded before import = 0Number of asset objects unloaded after import = 3

========================================================================
Received Import Request.
  Time since last request: 0.000024 seconds.
  path: Assets/LUTE_Starter Scenes/Scenes/Games/DesignerCreated/Testing/AlbertoDemo/Resources/UI/img_locationpanel_barberstone.png
  artifactKey: Guid(7d5c8123e10f2bb45af17fd97a0163e6) Importer(2089858483,0ecaa5967403d082aa24f35e1b516d23)
Start importing Assets/LUTE_Starter Scenes/Scenes/Games/DesignerCreated/Testing/AlbertoDemo/Resources/UI/img_locationpanel_barberstone.png using Guid(7d5c8123e10f2bb45af17fd97a0163e6) Importer(2089858483,0ecaa5967403d082aa24f35e1b516d23) (ScriptedImporter) -> (artifact id: 'cea31b0d4ca31774e9ecb801509ac157') in 0.0660119 seconds
Number of updated asset objects reloaded before import = 0Number of asset objects unloaded after import = 3

========================================================================
Received Import Request.
  Time since last request: 0.000017 seconds.
  path: Assets/LUTE/ThirdPartyAssets/XR/Samples/XR Interaction Toolkit/3.0.7/Starter Assets/Scripts/ObjectSpawner.cs
  artifactKey: Guid(3294a4012a23b954791563a18135207b) Importer(2089858483,0ecaa5967403d082aa24f35e1b516d23)
Start importing Assets/LUTE/ThirdPartyAssets/XR/Samples/XR Interaction Toolkit/3.0.7/Starter Assets/Scripts/ObjectSpawner.cs using Guid(3294a4012a23b954791563a18135207b) Importer(2089858483,0ecaa5967403d082aa24f35e1b516d23) (ScriptedImporter) -> (artifact id: '40103fa0155d04089661616f531b947c') in 0.0228841 seconds
Number of updated asset objects reloaded before import = 0Number of asset objects unloaded after import = 0

========================================================================
Received Import Request.
  Time since last request: 0.002346 seconds.
  path: Assets/LUTE_Starter Scenes/Scenes/Games/DesignerCreated/Testing/AlbertoDemo/Resources/Animator/logo_ringspin.anim
  artifactKey: Guid(c47a821c28f072549ae0b1a89d5b5803) Importer(2089858483,0ecaa5967403d082aa24f35e1b516d23)
Start importing Assets/LUTE_Starter Scenes/Scenes/Games/DesignerCreated/Testing/AlbertoDemo/Resources/Animator/logo_ringspin.anim using Guid(c47a821c28f072549ae0b1a89d5b5803) Importer(2089858483,0ecaa5967403d082aa24f35e1b516d23) (ScriptedImporter) -> (artifact id: '13c89fb760a3deb08f3d07e846a500f5') in 0.0276537 seconds
Number of updated asset objects reloaded before import = 0Number of asset objects unloaded after import = 1

========================================================================
Received Import Request.
  Time since last request: 0.000023 seconds.
  path: Assets/LUTE_Starter Scenes/Scenes/Games/DesignerCreated/Testing/AlbertoDemo/Resources/Prefabs/ObjectInfoPanel_alberto_.prefab
  artifactKey: Guid(ecbc705784ae4514295ca214bcad8ba0) Importer(2089858483,0ecaa5967403d082aa24f35e1b516d23)
Start importing Assets/LUTE_Starter Scenes/Scenes/Games/DesignerCreated/Testing/AlbertoDemo/Resources/Prefabs/ObjectInfoPanel_alberto_.prefab using Guid(ecbc705784ae4514295ca214bcad8ba0) Importer(2089858483,0ecaa5967403d082aa24f35e1b516d23) (ScriptedImporter) -> (artifact id: '67ffb0f4bf12f4d0c17fe9f7d6620467') in 0.1611117 seconds
Number of updated asset objects reloaded before import = 0Number of asset objects unloaded after import = 104

========================================================================
Received Import Request.
  Time since last request: 0.000046 seconds.
  path: Assets/LUTE/ThirdPartyAssets/XR/Samples/XR Interaction Toolkit/3.0.7/AR Starter Assets/ARDemoSceneAssets/Sprites/Button - Rounded Radius - 4px.png
  artifactKey: Guid(df12de0a7297cf24b9f43987f312fedd) Importer(2089858483,0ecaa5967403d082aa24f35e1b516d23)
Start importing Assets/LUTE/ThirdPartyAssets/XR/Samples/XR Interaction Toolkit/3.0.7/AR Starter Assets/ARDemoSceneAssets/Sprites/Button - Rounded Radius - 4px.png using Guid(df12de0a7297cf24b9f43987f312fedd) Importer(2089858483,0ecaa5967403d082aa24f35e1b516d23) (ScriptedImporter) -> (artifact id: '5615881bcf9db9a65c5dc5a72cffdc52') in 0.0398937 seconds
Number of updated asset objects reloaded before import = 0Number of asset objects unloaded after import = 3

========================================================================
Received Import Request.
  Time since last request: 0.000036 seconds.
  path: Assets/LUTE/ThirdPartyAssets/XR/Samples/XR Interaction Toolkit/3.0.7/AR Starter Assets/ARDemoSceneAssets/Prefabs/Wedge.prefab
  artifactKey: Guid(417bcb5d4f560d44399074a57ca4c6ab) Importer(2089858483,0ecaa5967403d082aa24f35e1b516d23)
Start importing Assets/LUTE/ThirdPartyAssets/XR/Samples/XR Interaction Toolkit/3.0.7/AR Starter Assets/ARDemoSceneAssets/Prefabs/Wedge.prefab using Guid(417bcb5d4f560d44399074a57ca4c6ab) Importer(2089858483,0ecaa5967403d082aa24f35e1b516d23) (ScriptedImporter) -> (artifact id: 'c5fa46efa2eb114dd0247d0f57e9c948') in 0.0890331 seconds
Number of updated asset objects reloaded before import = 0Number of asset objects unloaded after import = 16

========================================================================
Received Import Request.
  Time since last request: 0.000018 seconds.
  path: Assets/LUTE/ThirdPartyAssets/XR/Samples/XR Interaction Toolkit/3.0.7/AR Starter Assets/ARDemoSceneAssets/Sprites/Icon - Delete.png
  artifactKey: Guid(bc8bf1243b37b5b46a186d677d3a7215) Importer(2089858483,0ecaa5967403d082aa24f35e1b516d23)
Start importing Assets/LUTE/ThirdPartyAssets/XR/Samples/XR Interaction Toolkit/3.0.7/AR Starter Assets/ARDemoSceneAssets/Sprites/Icon - Delete.png using Guid(bc8bf1243b37b5b46a186d677d3a7215) Importer(2089858483,0ecaa5967403d082aa24f35e1b516d23) (ScriptedImporter) -> (artifact id: '288263b478a2e97e73ba3dac24147841') in 0.072357 seconds
Number of updated asset objects reloaded before import = 0Number of asset objects unloaded after import = 3

========================================================================
Received Import Request.
  Time since last request: 0.000016 seconds.
  path: Assets/LUTE/ThirdPartyAssets/XR/Samples/XR Interaction Toolkit/3.0.7/Starter Assets/Animations/ArrowBounce.anim
  artifactKey: Guid(d295107de65999e438749dc33c4e7853) Importer(2089858483,0ecaa5967403d082aa24f35e1b516d23)
Start importing Assets/LUTE/ThirdPartyAssets/XR/Samples/XR Interaction Toolkit/3.0.7/Starter Assets/Animations/ArrowBounce.anim using Guid(d295107de65999e438749dc33c4e7853) Importer(2089858483,0ecaa5967403d082aa24f35e1b516d23) (ScriptedImporter) -> (artifact id: '3c39c097fd1675f2d1b8d5d9b13e05e2') in 0.0576647 seconds
Number of updated asset objects reloaded before import = 0Number of asset objects unloaded after import = 1

========================================================================
Received Import Request.
  Time since last request: 0.000028 seconds.
  path: Assets/LUTE_Starter Scenes/Scenes/Games/DesignerCreated/Testing/AlbertoDemo/Resources/UI/img_locationpanel_obelisk.png
  artifactKey: Guid(9a0241ed2963f1b46a3b822b04ca82ef) Importer(2089858483,0ecaa5967403d082aa24f35e1b516d23)
Start importing Assets/LUTE_Starter Scenes/Scenes/Games/DesignerCreated/Testing/AlbertoDemo/Resources/UI/img_locationpanel_obelisk.png using Guid(9a0241ed2963f1b46a3b822b04ca82ef) Importer(2089858483,0ecaa5967403d082aa24f35e1b516d23) (ScriptedImporter) -> (artifact id: 'dfac86aa62e55ffd5b41a3697657af4d') in 0.0701614 seconds
Number of updated asset objects reloaded before import = 0Number of asset objects unloaded after import = 3

========================================================================
Received Import Request.
  Time since last request: 0.000030 seconds.
  path: Assets/LUTE_Starter Scenes/Scenes/Games/DesignerCreated/Testing/AlbertoDemo/Resources/Prefabs/ObjectInfoPanel.prefab
  artifactKey: Guid(485e5780e37038b4f9f2d32af5f72e1d) Importer(2089858483,0ecaa5967403d082aa24f35e1b516d23)
Start importing Assets/LUTE_Starter Scenes/Scenes/Games/DesignerCreated/Testing/AlbertoDemo/Resources/Prefabs/ObjectInfoPanel.prefab using Guid(485e5780e37038b4f9f2d32af5f72e1d) Importer(2089858483,0ecaa5967403d082aa24f35e1b516d23) (ScriptedImporter) -> (artifact id: '92cef2bfac9529a802d69c4555bd7aa8') in 0.4163211 seconds
Number of updated asset objects reloaded before import = 0Number of asset objects unloaded after import = 104

========================================================================
Received Import Request.
  Time since last request: 0.000019 seconds.
  path: Assets/LUTE/ThirdPartyAssets/XR/Samples/XR Interaction Toolkit/3.0.7/Starter Assets/DemoSceneAssets/Prefabs/Interactables Sample.prefab
  artifactKey: Guid(906319eb40b6093488facf2042a36222) Importer(2089858483,0ecaa5967403d082aa24f35e1b516d23)
Start importing Assets/LUTE/ThirdPartyAssets/XR/Samples/XR Interaction Toolkit/3.0.7/Starter Assets/DemoSceneAssets/Prefabs/Interactables Sample.prefab using Guid(906319eb40b6093488facf2042a36222) Importer(2089858483,0ecaa5967403d082aa24f35e1b516d23) (ScriptedImporter) -> (artifact id: '913be0b3641dd6bb527bf07c0002bbe2') in 0.0427945 seconds
Number of updated asset objects reloaded before import = 0Number of asset objects unloaded after import = 10

========================================================================
Received Import Request.
  Time since last request: 0.000090 seconds.
  path: Assets/LUTE/ThirdPartyAssets/XR/Samples/XR Interaction Toolkit/3.0.7/Starter Assets/DemoSceneAssets/Prefabs/Poke Interactions Sample.prefab
  artifactKey: Guid(a66f25b395f63e84299db41c21a43fb2) Importer(2089858483,0ecaa5967403d082aa24f35e1b516d23)
Start importing Assets/LUTE/ThirdPartyAssets/XR/Samples/XR Interaction Toolkit/3.0.7/Starter Assets/DemoSceneAssets/Prefabs/Poke Interactions Sample.prefab using Guid(a66f25b395f63e84299db41c21a43fb2) Importer(2089858483,0ecaa5967403d082aa24f35e1b516d23) (ScriptedImporter) -> (artifact id: 'c8f6e0a6b484319f1d82a6d084aa2ea6') in 0.0370998 seconds
Number of updated asset objects reloaded before import = 0Number of asset objects unloaded after import = 30

========================================================================
Received Import Request.
  Time since last request: 0.000019 seconds.
  path: Assets/LUTE/ThirdPartyAssets/XR/Samples/XR Interaction Toolkit/3.0.7/Starter Assets/DemoSceneAssets/Textures/Concrete_Metallic.tif
  artifactKey: Guid(e84915dbdadf94a48a78daf4ec1281af) Importer(2089858483,0ecaa5967403d082aa24f35e1b516d23)
Start importing Assets/LUTE/ThirdPartyAssets/XR/Samples/XR Interaction Toolkit/3.0.7/Starter Assets/DemoSceneAssets/Textures/Concrete_Metallic.tif using Guid(e84915dbdadf94a48a78daf4ec1281af) Importer(2089858483,0ecaa5967403d082aa24f35e1b516d23) (ScriptedImporter) -> (artifact id: 'd5d7092417069187d91df52d006ed44d') in 0.0616064 seconds
Number of updated asset objects reloaded before import = 0Number of asset objects unloaded after import = 1

========================================================================
Received Import Request.
  Time since last request: 0.000019 seconds.
  path: Assets/LUTE_Starter Scenes/Scenes/Games/DesignerCreated/Testing/AlbertoDemo/Resources/ObjectInfo/HistoryInfo_TheCove.asset
  artifactKey: Guid(58c03fa8ba422134b88f8ffcbc0b8271) Importer(2089858483,0ecaa5967403d082aa24f35e1b516d23)
Start importing Assets/LUTE_Starter Scenes/Scenes/Games/DesignerCreated/Testing/AlbertoDemo/Resources/ObjectInfo/HistoryInfo_TheCove.asset using Guid(58c03fa8ba422134b88f8ffcbc0b8271) Importer(2089858483,0ecaa5967403d082aa24f35e1b516d23) (ScriptedImporter) -> (artifact id: 'f01e50f34ca7bb60eb5343e18fbb31ea') in 0.0258644 seconds
Number of updated asset objects reloaded before import = 0Number of asset objects unloaded after import = 18

========================================================================
Received Import Request.
  Time since last request: 0.000020 seconds.
  path: Assets/LUTE/ThirdPartyAssets/XR/Samples/XR Interaction Toolkit/3.0.7/Starter Assets/DemoSceneAssets/Scripts/IncrementUIText.cs
  artifactKey: Guid(9ec1193f72ab3fa45a3510eed576a80f) Importer(2089858483,0ecaa5967403d082aa24f35e1b516d23)
Start importing Assets/LUTE/ThirdPartyAssets/XR/Samples/XR Interaction Toolkit/3.0.7/Starter Assets/DemoSceneAssets/Scripts/IncrementUIText.cs using Guid(9ec1193f72ab3fa45a3510eed576a80f) Importer(2089858483,0ecaa5967403d082aa24f35e1b516d23) (ScriptedImporter) -> (artifact id: '04b7073c9b64a14a0cecdced199226da') in 0.0186414 seconds
Number of updated asset objects reloaded before import = 0Number of asset objects unloaded after import = 0

========================================================================
Received Import Request.
  Time since last request: 0.000110 seconds.
  path: Assets/LUTE_Starter Scenes/Mapbox/Resources/MapboxStyles/Styles/MapboxSampleStyles/Dark/Assets/Materials/DarkTopMaterial.mat
  artifactKey: Guid(1c7d76a44fa2d4908bf4ee096556a5db) Importer(2089858483,0ecaa5967403d082aa24f35e1b516d23)
Start importing Assets/LUTE_Starter Scenes/Mapbox/Resources/MapboxStyles/Styles/MapboxSampleStyles/Dark/Assets/Materials/DarkTopMaterial.mat using Guid(1c7d76a44fa2d4908bf4ee096556a5db) Importer(2089858483,0ecaa5967403d082aa24f35e1b516d23) (ScriptedImporter) -> (artifact id: 'f2f5db15266a4bc0efda115c611e1d51') in 0.0292483 seconds
Number of updated asset objects reloaded before import = 0Number of asset objects unloaded after import = 1

========================================================================
Received Import Request.
  Time since last request: 0.000020 seconds.
  path: Assets/LUTE_Starter Scenes/Mapbox/Resources/MapboxStyles/Styles/MapboxSampleStyles/Fantasy/Assets/Textures/FantasyAlbedo.png
  artifactKey: Guid(4a6fbea75bd8b4efd965f0e8562736f7) Importer(2089858483,0ecaa5967403d082aa24f35e1b516d23)
Start importing Assets/LUTE_Starter Scenes/Mapbox/Resources/MapboxStyles/Styles/MapboxSampleStyles/Fantasy/Assets/Textures/FantasyAlbedo.png using Guid(4a6fbea75bd8b4efd965f0e8562736f7) Importer(2089858483,0ecaa5967403d082aa24f35e1b516d23) (ScriptedImporter) -> (artifact id: '25f40dfcc750d5de5c2fa55f6df0315c') in 0.3149622 seconds
Number of updated asset objects reloaded before import = 0Number of asset objects unloaded after import = 1

========================================================================
Received Import Request.
  Time since last request: 0.000047 seconds.
  path: Assets/LUTE/ThirdPartyAssets/XR/Samples/XR Interaction Toolkit/3.0.7/Starter Assets/Prefabs/Interactors/Right_NearFarInteractor.prefab
  artifactKey: Guid(b55316e03b93266498c4a3883fb1d512) Importer(2089858483,0ecaa5967403d082aa24f35e1b516d23)
Start importing Assets/LUTE/ThirdPartyAssets/XR/Samples/XR Interaction Toolkit/3.0.7/Starter Assets/Prefabs/Interactors/Right_NearFarInteractor.prefab using Guid(b55316e03b93266498c4a3883fb1d512) Importer(2089858483,0ecaa5967403d082aa24f35e1b516d23) (ScriptedImporter) -> (artifact id: 'cbf932937d981db299d19eb21e628aa0') in 0.050281 seconds
Number of updated asset objects reloaded before import = 0Number of asset objects unloaded after import = 2

========================================================================
Received Import Request.
  Time since last request: 0.000291 seconds.
  path: Assets/LUTE_Starter Scenes/Mapbox/Resources/MapboxStyles/Styles/MapboxSampleStyles/Realistic/Assets/Textures/RealisticSideAO.png
  artifactKey: Guid(feda69b01240b4568a23a5a754012e5a) Importer(2089858483,0ecaa5967403d082aa24f35e1b516d23)
Start importing Assets/LUTE_Starter Scenes/Mapbox/Resources/MapboxStyles/Styles/MapboxSampleStyles/Realistic/Assets/Textures/RealisticSideAO.png using Guid(feda69b01240b4568a23a5a754012e5a) Importer(2089858483,0ecaa5967403d082aa24f35e1b516d23) (ScriptedImporter) -> (artifact id: 'ff7eaefbcc7943559dafef6f96f8dadd') in 0.1549472 seconds
Number of updated asset objects reloaded before import = 0Number of asset objects unloaded after import = 1

========================================================================
Received Import Request.
  Time since last request: 0.000045 seconds.
  path: Assets/LUTE_Starter Scenes/Mapbox/Resources/MapboxStyles/Styles/MapboxSampleStyles/Simple/Assets/Palettes/Rainbow.asset
  artifactKey: Guid(3da751952f9a14bbdb3da2db7a7a675a) Importer(2089858483,0ecaa5967403d082aa24f35e1b516d23)
Start importing Assets/LUTE_Starter Scenes/Mapbox/Resources/MapboxStyles/Styles/MapboxSampleStyles/Simple/Assets/Palettes/Rainbow.asset using Guid(3da751952f9a14bbdb3da2db7a7a675a) Importer(2089858483,0ecaa5967403d082aa24f35e1b516d23) (ScriptedImporter) -> (artifact id: '552e9781d3dcce7ceab74cfaf9bee5f8') in 0.0673183 seconds
Number of updated asset objects reloaded before import = 0Number of asset objects unloaded after import = 1

========================================================================
Received Import Request.
  Time since last request: 0.000024 seconds.
  path: Assets/LUTE_Starter Scenes/Mapbox/Resources/MapboxStyles/Styles/MapboxSampleStyles/Color/Assets/Atlas/ColorAtlasInfo.asset
  artifactKey: Guid(05066a15aa3b24c6493cc83636625fe3) Importer(2089858483,0ecaa5967403d082aa24f35e1b516d23)
Start importing Assets/LUTE_Starter Scenes/Mapbox/Resources/MapboxStyles/Styles/MapboxSampleStyles/Color/Assets/Atlas/ColorAtlasInfo.asset using Guid(05066a15aa3b24c6493cc83636625fe3) Importer(2089858483,0ecaa5967403d082aa24f35e1b516d23) (ScriptedImporter) -> (artifact id: 'fc1e41725b39b5243b891116f63cf663') in 0.1265663 seconds
Number of updated asset objects reloaded before import = 0Number of asset objects unloaded after import = 1

========================================================================
Received Import Request.
  Time since last request: 0.000042 seconds.
  path: Assets/LUTE_Starter Scenes/Mapbox/Resources/MapboxStyles/Styles/MapboxSampleStyles/Realistic/Assets/Textures/RealisticTopNormal.png
  artifactKey: Guid(f99015b7b1a6f497bab611412ee65c90) Importer(2089858483,0ecaa5967403d082aa24f35e1b516d23)
Start importing Assets/LUTE_Starter Scenes/Mapbox/Resources/MapboxStyles/Styles/MapboxSampleStyles/Realistic/Assets/Textures/RealisticTopNormal.png using Guid(f99015b7b1a6f497bab611412ee65c90) Importer(2089858483,0ecaa5967403d082aa24f35e1b516d23) (ScriptedImporter) -> (artifact id: 'd5d6bf9fda8cafd0b502612c0a5c18b0') in 0.1214032 seconds
Number of updated asset objects reloaded before import = 0Number of asset objects unloaded after import = 1

========================================================================
Received Import Request.
  Time since last request: 0.000029 seconds.
  path: Assets/LUTE/ThirdPartyAssets/XR/Samples/XR Interaction Toolkit/3.0.7/AR Starter Assets/ARDemoSceneAssets/Sprites/Icon - Object - Debug Cube.png
  artifactKey: Guid(1ac0a641da0536f45b537eb2eaad916f) Importer(2089858483,0ecaa5967403d082aa24f35e1b516d23)
Start importing Assets/LUTE/ThirdPartyAssets/XR/Samples/XR Interaction Toolkit/3.0.7/AR Starter Assets/ARDemoSceneAssets/Sprites/Icon - Object - Debug Cube.png using Guid(1ac0a641da0536f45b537eb2eaad916f) Importer(2089858483,0ecaa5967403d082aa24f35e1b516d23) (ScriptedImporter) -> (artifact id: '74c9e73980b037500b2d8e796ab1378e') in 0.0916901 seconds
Number of updated asset objects reloaded before import = 0Number of asset objects unloaded after import = 3

========================================================================
Received Import Request.
  Time since last request: 0.000025 seconds.
  path: Assets/LUTE_Starter Scenes/Scenes/Games/DesignerCreated/Testing/AlbertoDemo/Resources/Locations/LOCINFO5.asset
  artifactKey: Guid(53511e5d7409dc1468297807e9f347d1) Importer(2089858483,0ecaa5967403d082aa24f35e1b516d23)
Start importing Assets/LUTE_Starter Scenes/Scenes/Games/DesignerCreated/Testing/AlbertoDemo/Resources/Locations/LOCINFO5.asset using Guid(53511e5d7409dc1468297807e9f347d1) Importer(2089858483,0ecaa5967403d082aa24f35e1b516d23) (ScriptedImporter) -> (artifact id: '2c571d8eb7d664d2227af357d4580962') in 0.0286465 seconds
Number of updated asset objects reloaded before import = 0Number of asset objects unloaded after import = 4

========================================================================
Received Import Request.
  Time since last request: 0.000035 seconds.
  path: Assets/LUTE_Starter Scenes/Scenes/Games/DesignerCreated/Testing/AlbertoDemo/Resources/Font/Inter-VariableFont_opsz,wght SDF.asset
  artifactKey: Guid(e0347551b45f96943a46dded20c93ee9) Importer(2089858483,0ecaa5967403d082aa24f35e1b516d23)
Start importing Assets/LUTE_Starter Scenes/Scenes/Games/DesignerCreated/Testing/AlbertoDemo/Resources/Font/Inter-VariableFont_opsz,wght SDF.asset using Guid(e0347551b45f96943a46dded20c93ee9) Importer(2089858483,0ecaa5967403d082aa24f35e1b516d23) (ScriptedImporter) -> (artifact id: '3feccaccbb0fa7db6f68df46a0c5ea63') in 0.0974858 seconds
Number of updated asset objects reloaded before import = 0Number of asset objects unloaded after import = 3

========================================================================
Received Import Request.
  Time since last request: 0.000029 seconds.
  path: Assets/LUTE_Starter Scenes/Mapbox/Resources/MapboxStyles/Styles/MapboxSampleStyles/Simple/Assets/Textures/BuildingAtlasFacades_detailMask_1.png
  artifactKey: Guid(36bfefc139bfa434daf90848bb333e1d) Importer(2089858483,0ecaa5967403d082aa24f35e1b516d23)
Start importing Assets/LUTE_Starter Scenes/Mapbox/Resources/MapboxStyles/Styles/MapboxSampleStyles/Simple/Assets/Textures/BuildingAtlasFacades_detailMask_1.png using Guid(36bfefc139bfa434daf90848bb333e1d) Importer(2089858483,0ecaa5967403d082aa24f35e1b516d23) (ScriptedImporter) -> (artifact id: 'e12954daadbd42865fc4f4f899b51d8f') in 0.1140949 seconds
Number of updated asset objects reloaded before import = 0Number of asset objects unloaded after import = 1

========================================================================
Received Import Request.
  Time since last request: 0.000564 seconds.
  path: Assets/LUTE/ThirdPartyAssets/XR/Samples/XR Interaction Toolkit/3.0.7/Starter Assets/DemoSceneAssets/Prefabs/Interactables/Pot.prefab
  artifactKey: Guid(1bdfddea65033ec4395af7c0537dcd04) Importer(2089858483,0ecaa5967403d082aa24f35e1b516d23)
Start importing Assets/LUTE/ThirdPartyAssets/XR/Samples/XR Interaction Toolkit/3.0.7/Starter Assets/DemoSceneAssets/Prefabs/Interactables/Pot.prefab using Guid(1bdfddea65033ec4395af7c0537dcd04) Importer(2089858483,0ecaa5967403d082aa24f35e1b516d23) (ScriptedImporter) -> (artifact id: '8915677d34134cc324fdcfc5544b668a') in 0.0652574 seconds
Number of updated asset objects reloaded before import = 0Number of asset objects unloaded after import = 13

========================================================================
Received Import Request.
  Time since last request: 0.000021 seconds.
  path: Assets/LUTE_Starter Scenes/Scenes/Games/DesignerCreated/Testing/AlbertoDemo/Sprites/Icons/UI/icon_settings.png
  artifactKey: Guid(bf01c73da455bc446be28c24cf1b3ce5) Importer(2089858483,0ecaa5967403d082aa24f35e1b516d23)
Start importing Assets/LUTE_Starter Scenes/Scenes/Games/DesignerCreated/Testing/AlbertoDemo/Sprites/Icons/UI/icon_settings.png using Guid(bf01c73da455bc446be28c24cf1b3ce5) Importer(2089858483,0ecaa5967403d082aa24f35e1b516d23) (ScriptedImporter) -> (artifact id: 'c22bf446502987882a5d85c5292178b9') in 0.0501294 seconds
Number of updated asset objects reloaded before import = 0Number of asset objects unloaded after import = 3

========================================================================
Received Import Request.
  Time since last request: 0.000022 seconds.
  path: Assets/LUTE_Starter Scenes/Scenes/Games/DesignerCreated/Testing/AlbertoDemo/Sprites/Icons/UI/icon_achievement_4.png
  artifactKey: Guid(3ac4deb21cc575543bb2ffc56f593398) Importer(2089858483,0ecaa5967403d082aa24f35e1b516d23)
Start importing Assets/LUTE_Starter Scenes/Scenes/Games/DesignerCreated/Testing/AlbertoDemo/Sprites/Icons/UI/icon_achievement_4.png using Guid(3ac4deb21cc575543bb2ffc56f593398) Importer(2089858483,0ecaa5967403d082aa24f35e1b516d23) (ScriptedImporter) -> (artifact id: 'ece950affb36aff8c8f9f198ba6a4b4c') in 0.0535015 seconds
Number of updated asset objects reloaded before import = 0Number of asset objects unloaded after import = 3

========================================================================
Received Import Request.
  Time since last request: 0.000026 seconds.
  path: Assets/LUTE/ThirdPartyAssets/XR/Samples/XR Interaction Toolkit/3.0.7/Starter Assets/DemoSceneAssets/Prefabs/Interactables/Push Button.prefab
  artifactKey: Guid(706988b7d16d7c94a998d14b474f26e2) Importer(2089858483,0ecaa5967403d082aa24f35e1b516d23)
Start importing Assets/LUTE/ThirdPartyAssets/XR/Samples/XR Interaction Toolkit/3.0.7/Starter Assets/DemoSceneAssets/Prefabs/Interactables/Push Button.prefab using Guid(706988b7d16d7c94a998d14b474f26e2) Importer(2089858483,0ecaa5967403d082aa24f35e1b516d23) (ScriptedImporter) -> (artifact id: '3a94801fe393a8c443a6b1125c7a4d6d') in 0.0825005 seconds
Number of updated asset objects reloaded before import = 0Number of asset objects unloaded after import = 22

========================================================================
Received Import Request.
  Time since last request: 0.000303 seconds.
  path: Assets/LUTE_Starter Scenes/Scenes/Games/DesignerCreated/Testing/AlbertoDemo/Sprites/Icons/Geotags/progress100_new.png
  artifactKey: Guid(bb16fc8f730e49d41bfad390322f8654) Importer(2089858483,0ecaa5967403d082aa24f35e1b516d23)
Start importing Assets/LUTE_Starter Scenes/Scenes/Games/DesignerCreated/Testing/AlbertoDemo/Sprites/Icons/Geotags/progress100_new.png using Guid(bb16fc8f730e49d41bfad390322f8654) Importer(2089858483,0ecaa5967403d082aa24f35e1b516d23) (ScriptedImporter) -> (artifact id: '3a4ecc921b6fe9f9d4f9df4ef0765587') in 0.0349763 seconds
Number of updated asset objects reloaded before import = 0Number of asset objects unloaded after import = 3

========================================================================
Received Import Request.
  Time since last request: 0.000042 seconds.
  path: Assets/LUTE_Starter Scenes/Scenes/Games/DesignerCreated/Testing/AlbertoDemo/Sprites/Icons/UI/icon_achievement_3.png
  artifactKey: Guid(96b20197b12599541a030bd1a80d41ef) Importer(2089858483,0ecaa5967403d082aa24f35e1b516d23)
Start importing Assets/LUTE_Starter Scenes/Scenes/Games/DesignerCreated/Testing/AlbertoDemo/Sprites/Icons/UI/icon_achievement_3.png using Guid(96b20197b12599541a030bd1a80d41ef) Importer(2089858483,0ecaa5967403d082aa24f35e1b516d23) (ScriptedImporter) -> (artifact id: '1ae4b3f86889e04ff3ab253cab4ced5d') in 0.0455972 seconds
Number of updated asset objects reloaded before import = 0Number of asset objects unloaded after import = 3

========================================================================
Received Import Request.
  Time since last request: 0.000025 seconds.
  path: Assets/LUTE_Starter Scenes/Scenes/Games/DesignerCreated/Testing/AlbertoDemo/Sprites/Icons/UI/icon_back.png
  artifactKey: Guid(a0f0a6501dc54f443901c243244da116) Importer(2089858483,0ecaa5967403d082aa24f35e1b516d23)
Start importing Assets/LUTE_Starter Scenes/Scenes/Games/DesignerCreated/Testing/AlbertoDemo/Sprites/Icons/UI/icon_back.png using Guid(a0f0a6501dc54f443901c243244da116) Importer(2089858483,0ecaa5967403d082aa24f35e1b516d23) (ScriptedImporter) -> (artifact id: 'b78dc00b61663173df37321f579d05b2') in 0.0481791 seconds
Number of updated asset objects reloaded before import = 0Number of asset objects unloaded after import = 3

========================================================================
Received Import Request.
  Time since last request: 0.000020 seconds.
  path: Assets/LUTE_Starter Scenes/Scenes/Games/DesignerCreated/Testing/AlbertoDemo/Resources/Items/HistoryInventory_StoneCircle.asset
  artifactKey: Guid(b90b2c84a5fbecd4598af07014273a6c) Importer(2089858483,0ecaa5967403d082aa24f35e1b516d23)
Start importing Assets/LUTE_Starter Scenes/Scenes/Games/DesignerCreated/Testing/AlbertoDemo/Resources/Items/HistoryInventory_StoneCircle.asset using Guid(b90b2c84a5fbecd4598af07014273a6c) Importer(2089858483,0ecaa5967403d082aa24f35e1b516d23) (ScriptedImporter) -> (artifact id: '9f45d97ff60beef24ba15bfacd64bb67') in 0.0583415 seconds
Number of updated asset objects reloaded before import = 0Number of asset objects unloaded after import = 34

========================================================================
Received Import Request.
  Time since last request: 0.000026 seconds.
  path: Assets/LUTE_Starter Scenes/Scenes/Games/DesignerCreated/Testing/AlbertoDemo/Resources/ObjectInfo/HistoryInfo_Barn.asset
  artifactKey: Guid(15bee95146a297441ac693c44c55da6a) Importer(2089858483,0ecaa5967403d082aa24f35e1b516d23)
Start importing Assets/LUTE_Starter Scenes/Scenes/Games/DesignerCreated/Testing/AlbertoDemo/Resources/ObjectInfo/HistoryInfo_Barn.asset using Guid(15bee95146a297441ac693c44c55da6a) Importer(2089858483,0ecaa5967403d082aa24f35e1b516d23) (ScriptedImporter) -> (artifact id: 'a7d0b3d2c9cf26e18425d8e8fc34957b') in 0.096821 seconds
Number of updated asset objects reloaded before import = 0Number of asset objects unloaded after import = 32

========================================================================
Received Import Request.
  Time since last request: 0.000046 seconds.
  path: Assets/LUTE/ThirdPartyAssets/XR/Samples/XR Interaction Toolkit/3.0.7/Starter Assets/DemoSceneAssets/Prefabs/Interactables/Torus-Cut.prefab
  artifactKey: Guid(dbfca85017774c94b9b4c1e9adc92f58) Importer(2089858483,0ecaa5967403d082aa24f35e1b516d23)
Start importing Assets/LUTE/ThirdPartyAssets/XR/Samples/XR Interaction Toolkit/3.0.7/Starter Assets/DemoSceneAssets/Prefabs/Interactables/Torus-Cut.prefab using Guid(dbfca85017774c94b9b4c1e9adc92f58) Importer(2089858483,0ecaa5967403d082aa24f35e1b516d23) (ScriptedImporter) -> (artifact id: '2a17fe56ba062d11e5b536446b3608d6') in 0.067636 seconds
Number of updated asset objects reloaded before import = 0Number of asset objects unloaded after import = 13

========================================================================
Received Import Request.
  Time since last request: 0.000027 seconds.
  path: Assets/LUTE/ThirdPartyAssets/XR/Samples/XR Interaction Toolkit/3.0.7/Starter Assets/DemoSceneAssets/Prefabs/UI/TextButton.prefab
  artifactKey: Guid(fd66aebdc6af26c4cb88dca0700978bc) Importer(2089858483,0ecaa5967403d082aa24f35e1b516d23)
Start importing Assets/LUTE/ThirdPartyAssets/XR/Samples/XR Interaction Toolkit/3.0.7/Starter Assets/DemoSceneAssets/Prefabs/UI/TextButton.prefab using Guid(fd66aebdc6af26c4cb88dca0700978bc) Importer(2089858483,0ecaa5967403d082aa24f35e1b516d23) (ScriptedImporter) -> (artifact id: 'eb7e3ae07097924b8cdb815c2b17aad1') in 0.1219654 seconds
Number of updated asset objects reloaded before import = 0Number of asset objects unloaded after import = 22

========================================================================
Received Import Request.
  Time since last request: 0.000019 seconds.
  path: Assets/LUTE_Starter Scenes/Mapbox/Resources/MapboxStyles/Styles/MapboxSampleStyles/Simple/Assets/Materials/SimpleTopMaterial.mat
  artifactKey: Guid(d4d7464e3429a44e090f55a4ac17f110) Importer(2089858483,0ecaa5967403d082aa24f35e1b516d23)
Start importing Assets/LUTE_Starter Scenes/Mapbox/Resources/MapboxStyles/Styles/MapboxSampleStyles/Simple/Assets/Materials/SimpleTopMaterial.mat using Guid(d4d7464e3429a44e090f55a4ac17f110) Importer(2089858483,0ecaa5967403d082aa24f35e1b516d23) (ScriptedImporter) -> (artifact id: 'f1f9d7a873bcabf31fcc3a26b30dd343') in 0.1626256 seconds
Number of updated asset objects reloaded before import = 0Number of asset objects unloaded after import = 4

========================================================================
Received Import Request.
  Time since last request: 0.000132 seconds.
  path: Assets/LUTE_Starter Scenes/Scenes/Games/DesignerCreated/Testing/AlbertoDemo/Resources/ObjectInfo/UnlockFeedback.prefab
  artifactKey: Guid(7375a7b708d14794caf3203e1d2f6e0a) Importer(2089858483,0ecaa5967403d082aa24f35e1b516d23)
Start importing Assets/LUTE_Starter Scenes/Scenes/Games/DesignerCreated/Testing/AlbertoDemo/Resources/ObjectInfo/UnlockFeedback.prefab using Guid(7375a7b708d14794caf3203e1d2f6e0a) Importer(2089858483,0ecaa5967403d082aa24f35e1b516d23) (ScriptedImporter) -> (artifact id: '04151cf98a90cc29c79e2ff81130f8f0') in 0.051878 seconds
Number of updated asset objects reloaded before import = 0Number of asset objects unloaded after import = 6

========================================================================
Received Import Request.
  Time since last request: 0.000266 seconds.
  path: Assets/LUTE_Starter Scenes/Mapbox/Core/Plugins/Android/UniAndroidPermission/UniAndroidPermission_v1_2.jar
  artifactKey: Guid(d6467263296c74b919030e7bfae469ca) Importer(2089858483,0ecaa5967403d082aa24f35e1b516d23)
Start importing Assets/LUTE_Starter Scenes/Mapbox/Core/Plugins/Android/UniAndroidPermission/UniAndroidPermission_v1_2.jar using Guid(d6467263296c74b919030e7bfae469ca) Importer(2089858483,0ecaa5967403d082aa24f35e1b516d23) (ScriptedImporter) -> (artifact id: 'e48cf8ba02c604910a17c04d73635d80') in 0.0283446 seconds
Number of updated asset objects reloaded before import = 0Number of asset objects unloaded after import = 0

========================================================================
Received Import Request.
  Time since last request: 0.000078 seconds.
  path: Assets/LUTE_Starter Scenes/Mapbox/Unity/Editor/PropertyDrawers/RangeTileProviderOptionsDrawer.cs
  artifactKey: Guid(59524ff7910c146abad051df9ab054db) Importer(2089858483,0ecaa5967403d082aa24f35e1b516d23)
Start importing Assets/LUTE_Starter Scenes/Mapbox/Unity/Editor/PropertyDrawers/RangeTileProviderOptionsDrawer.cs using Guid(59524ff7910c146abad051df9ab054db) Importer(2089858483,0ecaa5967403d082aa24f35e1b516d23) (ScriptedImporter) -> (artifact id: '96334471f865aab184df7310295fea15') in 0.0206872 seconds
Number of updated asset objects reloaded before import = 0Number of asset objects unloaded after import = 0

========================================================================
Received Import Request.
  Time since last request: 0.000072 seconds.
  path: Assets/LUTE_Starter Scenes/Mapbox/Unity/MeshGeneration/Factories/TerrainStrategies/FlatTerrainStrategy.cs
  artifactKey: Guid(dc77d6f0c5be2cb49bf8014f58feeb43) Importer(2089858483,0ecaa5967403d082aa24f35e1b516d23)
Start importing Assets/LUTE_Starter Scenes/Mapbox/Unity/MeshGeneration/Factories/TerrainStrategies/FlatTerrainStrategy.cs using Guid(dc77d6f0c5be2cb49bf8014f58feeb43) Importer(2089858483,0ecaa5967403d082aa24f35e1b516d23) (ScriptedImporter) -> (artifact id: '2466b8f4f5d61aac96cc9c0b25c82585') in 0.0177138 seconds
Number of updated asset objects reloaded before import = 0Number of asset objects unloaded after import = 0

========================================================================
Received Import Request.
  Time since last request: 0.000076 seconds.
  path: Assets/LUTE_Starter Scenes/Mapbox/Unity/MeshGeneration/Data/KdTree/KDTree.cs
  artifactKey: Guid(c297650f28b0efc4d97523269824786d) Importer(2089858483,0ecaa5967403d082aa24f35e1b516d23)
Start importing Assets/LUTE_Starter Scenes/Mapbox/Unity/MeshGeneration/Data/KdTree/KDTree.cs using Guid(c297650f28b0efc4d97523269824786d) Importer(2089858483,0ecaa5967403d082aa24f35e1b516d23) (ScriptedImporter) -> (artifact id: 'adcc5fe097dd5480615eea0226298f32') in 0.0191867 seconds
Number of updated asset objects reloaded before import = 0Number of asset objects unloaded after import = 0

========================================================================
Received Import Request.
  Time since last request: 0.000071 seconds.
  path: Assets/LUTE_Starter Scenes/Mapbox/Examples/1_DataExplorer/Modules/Contour/ExplorerContourLayer.asset
  artifactKey: Guid(4e4efb2d5605dca45b383e202df750ed) Importer(2089858483,0ecaa5967403d082aa24f35e1b516d23)
Start importing Assets/LUTE_Starter Scenes/Mapbox/Examples/1_DataExplorer/Modules/Contour/ExplorerContourLayer.asset using Guid(4e4efb2d5605dca45b383e202df750ed) Importer(2089858483,0ecaa5967403d082aa24f35e1b516d23) (ScriptedImporter) -> (artifact id: 'cfc160cb1af7bea5a78b848fe810d1a8') in 0.0398032 seconds
Number of updated asset objects reloaded before import = 0Number of asset objects unloaded after import = 1

========================================================================
Received Import Request.
  Time since last request: 0.000018 seconds.
  path: Assets/LUTE/ThirdPartyAssets/XR/Samples/XR Interaction Toolkit/3.0.7/Starter Assets/Scripts/ClimbTeleportDestinationIndicator.cs
  artifactKey: Guid(958a2c4446467cd48912eda332dd93cd) Importer(2089858483,0ecaa5967403d082aa24f35e1b516d23)
Start importing Assets/LUTE/ThirdPartyAssets/XR/Samples/XR Interaction Toolkit/3.0.7/Starter Assets/Scripts/ClimbTeleportDestinationIndicator.cs using Guid(958a2c4446467cd48912eda332dd93cd) Importer(2089858483,0ecaa5967403d082aa24f35e1b516d23) (ScriptedImporter) -> (artifact id: 'e53ca5d11ee31d8c893f9196ad88a1f0') in 0.025238 seconds
Number of updated asset objects reloaded before import = 0Number of asset objects unloaded after import = 0

========================================================================
Received Import Request.
  Time since last request: 0.000048 seconds.
  path: Assets/LUTE_Starter Scenes/Mapbox/Core/Plugins/Mapbox/vector-tile-cs/portable-net45+uap10/Mapbox.VectorTile.Geometry.dll
  artifactKey: Guid(752172c26201c084c8526c6e9a837897) Importer(2089858483,0ecaa5967403d082aa24f35e1b516d23)
Start importing Assets/LUTE_Starter Scenes/Mapbox/Core/Plugins/Mapbox/vector-tile-cs/portable-net45+uap10/Mapbox.VectorTile.Geometry.dll using Guid(752172c26201c084c8526c6e9a837897) Importer(2089858483,0ecaa5967403d082aa24f35e1b516d23) (ScriptedImporter) -> (artifact id: '2716113268ed6f2cfe008a12362aad3c') in 0.0360765 seconds
Number of updated asset objects reloaded before import = 0Number of asset objects unloaded after import = 0

========================================================================
Received Import Request.
  Time since last request: 0.000049 seconds.
  path: Assets/LUTE_Starter Scenes/Scenes/Games/DesignerCreated/Testing/AlbertoDemo/Prefabs/drwebb_back.mat
  artifactKey: Guid(e5a117dcf527a65489b43041677dd218) Importer(2089858483,0ecaa5967403d082aa24f35e1b516d23)
Start importing Assets/LUTE_Starter Scenes/Scenes/Games/DesignerCreated/Testing/AlbertoDemo/Prefabs/drwebb_back.mat using Guid(e5a117dcf527a65489b43041677dd218) Importer(2089858483,0ecaa5967403d082aa24f35e1b516d23) (ScriptedImporter) -> (artifact id: '3b7ab2213a83aaba853665689f216330') in 0.0533009 seconds
Number of updated asset objects reloaded before import = 0Number of asset objects unloaded after import = 2

========================================================================
Received Import Request.
  Time since last request: 0.000019 seconds.
  path: Assets/LUTE_Starter Scenes/Mapbox/Resources/HeroStructures/Materials/StatueOfLibertyBase.mat
  artifactKey: Guid(07e8a1a7dedf44e8180a04f153bb8f93) Importer(2089858483,0ecaa5967403d082aa24f35e1b516d23)
Start importing Assets/LUTE_Starter Scenes/Mapbox/Resources/HeroStructures/Materials/StatueOfLibertyBase.mat using Guid(07e8a1a7dedf44e8180a04f153bb8f93) Importer(2089858483,0ecaa5967403d082aa24f35e1b516d23) (ScriptedImporter) -> (artifact id: 'ecef1bfe4279222ca59fd338a4db6365') in 0.0407485 seconds
Number of updated asset objects reloaded before import = 0Number of asset objects unloaded after import = 1

========================================================================
Received Import Request.
  Time since last request: 0.000342 seconds.
  path: Assets/LUTE_Starter Scenes/Mapbox/Core/mapbox-sdk-cs/Platform/Cache/CachingWebFileSource.cs
  artifactKey: Guid(149bb7da83149324dab3982be7bc8cca) Importer(2089858483,0ecaa5967403d082aa24f35e1b516d23)
Start importing Assets/LUTE_Starter Scenes/Mapbox/Core/mapbox-sdk-cs/Platform/Cache/CachingWebFileSource.cs using Guid(149bb7da83149324dab3982be7bc8cca) Importer(2089858483,0ecaa5967403d082aa24f35e1b516d23) (ScriptedImporter) -> (artifact id: '8430ef9af3574b180aece808c685349f') in 0.0201632 seconds
Number of updated asset objects reloaded before import = 0Number of asset objects unloaded after import = 0

========================================================================
Received Import Request.
  Time since last request: 0.001870 seconds.
  path: Assets/LUTE_Starter Scenes/Mapbox/Examples/2_AstronautGame/AstronautGame/Park/LocationGameSpawnTreeModifier.asset
  artifactKey: Guid(e425dc440a40d9a4080794105e9f66ef) Importer(2089858483,0ecaa5967403d082aa24f35e1b516d23)
Start importing Assets/LUTE_Starter Scenes/Mapbox/Examples/2_AstronautGame/AstronautGame/Park/LocationGameSpawnTreeModifier.asset using Guid(e425dc440a40d9a4080794105e9f66ef) Importer(2089858483,0ecaa5967403d082aa24f35e1b516d23) (ScriptedImporter) -> (artifact id: 'ed8c899b882b20f00ed2b97ce5b016d1') in 0.0280876 seconds
Number of updated asset objects reloaded before import = 0Number of asset objects unloaded after import = 7

========================================================================
Received Import Request.
  Time since last request: 0.000024 seconds.
  path: Assets/LUTE_Starter Scenes/Scenes/Games/DesignerCreated/Testing/AlbertoDemo/Sprites/Portraits/portrait_maji.png
  artifactKey: Guid(050945650c5e38142b673e2cdd52c56c) Importer(2089858483,0ecaa5967403d082aa24f35e1b516d23)
Start importing Assets/LUTE_Starter Scenes/Scenes/Games/DesignerCreated/Testing/AlbertoDemo/Sprites/Portraits/portrait_maji.png using Guid(050945650c5e38142b673e2cdd52c56c) Importer(2089858483,0ecaa5967403d082aa24f35e1b516d23) (ScriptedImporter) -> (artifact id: '9df90126205c3e4aee0fd441fef3d4ec') in 0.1198022 seconds
Number of updated asset objects reloaded before import = 0Number of asset objects unloaded after import = 3

========================================================================
Received Import Request.
  Time since last request: 0.000034 seconds.
  path: Assets/LUTE_Starter Scenes/Sprites/CharacterHeads/Animals/Round/rabbit.png
  artifactKey: Guid(e01465a4048390045822af46cd462669) Importer(2089858483,0ecaa5967403d082aa24f35e1b516d23)
Start importing Assets/LUTE_Starter Scenes/Sprites/CharacterHeads/Animals/Round/rabbit.png using Guid(e01465a4048390045822af46cd462669) Importer(2089858483,0ecaa5967403d082aa24f35e1b516d23) (ScriptedImporter) -> (artifact id: '0052eb6b11d53b6cd2a7b8afdb9363fa') in 0.0501335 seconds
Number of updated asset objects reloaded before import = 0Number of asset objects unloaded after import = 3

========================================================================
Received Import Request.
  Time since last request: 0.000038 seconds.
  path: Assets/LUTE_Starter Scenes/Sprites/CharacterHeads/Animals/Round (outline)/snake.png
  artifactKey: Guid(57776b7d32c21a34dbb9b375fee01480) Importer(2089858483,0ecaa5967403d082aa24f35e1b516d23)
Start importing Assets/LUTE_Starter Scenes/Sprites/CharacterHeads/Animals/Round (outline)/snake.png using Guid(57776b7d32c21a34dbb9b375fee01480) Importer(2089858483,0ecaa5967403d082aa24f35e1b516d23) (ScriptedImporter) -> (artifact id: 'f816bcb90165552332f6085255834c84') in 0.0457219 seconds
Number of updated asset objects reloaded before import = 0Number of asset objects unloaded after import = 3

========================================================================
Received Import Request.
  Time since last request: 0.000021 seconds.
  path: Assets/LUTE_Starter Scenes/Scenes/Games/DesignerCreated/Testing/AlbertoDemo/Resources/ObjectInfo/HistoryInfo_BarberStone.asset
  artifactKey: Guid(9e804432ad7fb9842804e8b28f8fe5dd) Importer(2089858483,0ecaa5967403d082aa24f35e1b516d23)
Start importing Assets/LUTE_Starter Scenes/Scenes/Games/DesignerCreated/Testing/AlbertoDemo/Resources/ObjectInfo/HistoryInfo_BarberStone.asset using Guid(9e804432ad7fb9842804e8b28f8fe5dd) Importer(2089858483,0ecaa5967403d082aa24f35e1b516d23) (ScriptedImporter) -> (artifact id: '7e94a926a0d9f369bbbed9f02830f45f') in 0.0374745 seconds
Number of updated asset objects reloaded before import = 0Number of asset objects unloaded after import = 32

========================================================================
Received Import Request.
  Time since last request: 0.000022 seconds.
  path: Assets/LUTE/ThirdPartyAssets/TextMesh Pro/Examples & Extras/Resources/Fonts & Materials/Bangers SDF Glow.mat
  artifactKey: Guid(d75b8f41e959450c84ac6e967084d3e1) Importer(2089858483,0ecaa5967403d082aa24f35e1b516d23)
Start importing Assets/LUTE/ThirdPartyAssets/TextMesh Pro/Examples & Extras/Resources/Fonts & Materials/Bangers SDF Glow.mat using Guid(d75b8f41e959450c84ac6e967084d3e1) Importer(2089858483,0ecaa5967403d082aa24f35e1b516d23) (ScriptedImporter) -> (artifact id: '9d2029d73d7f0671c5c8f7ababf41402') in 0.0524536 seconds
Number of updated asset objects reloaded before import = 0Number of asset objects unloaded after import = 3

========================================================================
Received Import Request.
  Time since last request: 0.000022 seconds.
  path: Assets/LUTE_Starter Scenes/Sprites/CharacterHeads/Animals/Round (outline)/Thumbs.db
  artifactKey: Guid(eeb4d8b627ffae049b19af4d5fe79417) Importer(2089858483,0ecaa5967403d082aa24f35e1b516d23)
Start importing Assets/LUTE_Starter Scenes/Sprites/CharacterHeads/Animals/Round (outline)/Thumbs.db using Guid(eeb4d8b627ffae049b19af4d5fe79417) Importer(2089858483,0ecaa5967403d082aa24f35e1b516d23) (ScriptedImporter) -> (artifact id: '94e6b0cdd86b7cd0bddae52addc0d841') in 0.0158846 seconds
Number of updated asset objects reloaded before import = 0Number of asset objects unloaded after import = 1

========================================================================
Received Import Request.
  Time since last request: 0.000072 seconds.
  path: Assets/LUTE_Starter Scenes/Mapbox/Examples/Resources/maki/rail-15.png
  artifactKey: Guid(8d57544bec7e2c34fa61c15afe16e9bf) Importer(2089858483,0ecaa5967403d082aa24f35e1b516d23)
Start importing Assets/LUTE_Starter Scenes/Mapbox/Examples/Resources/maki/rail-15.png using Guid(8d57544bec7e2c34fa61c15afe16e9bf) Importer(2089858483,0ecaa5967403d082aa24f35e1b516d23) (ScriptedImporter) -> (artifact id: 'c3707455ec5c73a9d869b9ddbc2c1bf1') in 0.044765 seconds
Number of updated asset objects reloaded before import = 0Number of asset objects unloaded after import = 3

========================================================================
Received Import Request.
  Time since last request: 0.000026 seconds.
  path: Assets/LUTE_Starter Scenes/Scenes/Games/DesignerCreated/Testing/AlbertoDemo/Prefabs/diff_Cove_back.png
  artifactKey: Guid(547af00336c477f4b961c6e280fcf10e) Importer(2089858483,0ecaa5967403d082aa24f35e1b516d23)
Start importing Assets/LUTE_Starter Scenes/Scenes/Games/DesignerCreated/Testing/AlbertoDemo/Prefabs/diff_Cove_back.png using Guid(547af00336c477f4b961c6e280fcf10e) Importer(2089858483,0ecaa5967403d082aa24f35e1b516d23) (ScriptedImporter) -> (artifact id: '248ad355447379d5f50ec122a5433aa6') in 0.0371112 seconds
Number of updated asset objects reloaded before import = 0Number of asset objects unloaded after import = 3

========================================================================
Received Import Request.
  Time since last request: 0.000029 seconds.
  path: Assets/LUTE/ThirdPartyAssets/XR/Samples/XR Interaction Toolkit/3.0.7/Starter Assets/Shaders/UI-NoZTest.shader
  artifactKey: Guid(e8a1f2d6db65a4f459468db252bd5193) Importer(2089858483,0ecaa5967403d082aa24f35e1b516d23)
Start importing Assets/LUTE/ThirdPartyAssets/XR/Samples/XR Interaction Toolkit/3.0.7/Starter Assets/Shaders/UI-NoZTest.shader using Guid(e8a1f2d6db65a4f459468db252bd5193) Importer(2089858483,0ecaa5967403d082aa24f35e1b516d23) (ScriptedImporter) -> (artifact id: '672dbeb3742444d082b920a17ff0dcea') in 0.0210652 seconds
Number of updated asset objects reloaded before import = 0Number of asset objects unloaded after import = 1

========================================================================
Received Import Request.
  Time since last request: 0.000017 seconds.
  path: Assets/LUTE_Starter Scenes/Mapbox/Unity/Map/Interfaces/IMap.cs
  artifactKey: Guid(d5a989744ad8746e5bc533ee230d00c6) Importer(2089858483,0ecaa5967403d082aa24f35e1b516d23)
Start importing Assets/LUTE_Starter Scenes/Mapbox/Unity/Map/Interfaces/IMap.cs using Guid(d5a989744ad8746e5bc533ee230d00c6) Importer(2089858483,0ecaa5967403d082aa24f35e1b516d23) (ScriptedImporter) -> (artifact id: '5430becbf1290cc79d55d557e0352fea') in 0.0192923 seconds
Number of updated asset objects reloaded before import = 0Number of asset objects unloaded after import = 0

========================================================================
Received Import Request.
  Time since last request: 0.000122 seconds.
  path: Assets/LUTE_Starter Scenes/Mapbox/Examples/1_DataExplorer/Modules/LanduseLayer/ExplorerLanduseLayer.asset
  artifactKey: Guid(daf79693ba3413847a5a924516fefe2b) Importer(2089858483,0ecaa5967403d082aa24f35e1b516d23)
Start importing Assets/LUTE_Starter Scenes/Mapbox/Examples/1_DataExplorer/Modules/LanduseLayer/ExplorerLanduseLayer.asset using Guid(daf79693ba3413847a5a924516fefe2b) Importer(2089858483,0ecaa5967403d082aa24f35e1b516d23) (ScriptedImporter) -> (artifact id: '314cbff39fa6122b3c15578ecf4434f7') in 0.0326892 seconds
Number of updated asset objects reloaded before import = 0Number of asset objects unloaded after import = 1

========================================================================
Received Import Request.
  Time since last request: 0.000027 seconds.
  path: Assets/LUTE_Starter Scenes/Scenes/Games/AR/Prefabs/DefaultSimulationEnvironment1.prefab
  artifactKey: Guid(94c258bba48bc854fb6a1926ae590be5) Importer(2089858483,0ecaa5967403d082aa24f35e1b516d23)
Start importing Assets/LUTE_Starter Scenes/Scenes/Games/AR/Prefabs/DefaultSimulationEnvironment1.prefab using Guid(94c258bba48bc854fb6a1926ae590be5) Importer(2089858483,0ecaa5967403d082aa24f35e1b516d23) (ScriptedImporter) -> (artifact id: 'd9558c4779374d9cce8ceb76af8d303e') in 0.1056504 seconds
Number of updated asset objects reloaded before import = 0Number of asset objects unloaded after import = 58

========================================================================
Received Import Request.
  Time since last request: 0.000024 seconds.
  path: Assets/LUTE_Starter Scenes/Mapbox/Examples/Resources/maki/parking-15.png
  artifactKey: Guid(1209017340b51ee40aed0e7a2eebaa8e) Importer(2089858483,0ecaa5967403d082aa24f35e1b516d23)
Start importing Assets/LUTE_Starter Scenes/Mapbox/Examples/Resources/maki/parking-15.png using Guid(1209017340b51ee40aed0e7a2eebaa8e) Importer(2089858483,0ecaa5967403d082aa24f35e1b516d23) (ScriptedImporter) -> (artifact id: 'f2f9b4977d89a9065100304de8d32018') in 0.0420028 seconds
Number of updated asset objects reloaded before import = 0Number of asset objects unloaded after import = 3

========================================================================
Received Import Request.
  Time since last request: 0.000040 seconds.
  path: Assets/LUTE_Starter Scenes/Mapbox/Examples/Resources/maki/harbor-15.png
  artifactKey: Guid(296d283c62a405146aaccf32d610de63) Importer(2089858483,0ecaa5967403d082aa24f35e1b516d23)
Start importing Assets/LUTE_Starter Scenes/Mapbox/Examples/Resources/maki/harbor-15.png using Guid(296d283c62a405146aaccf32d610de63) Importer(2089858483,0ecaa5967403d082aa24f35e1b516d23) (ScriptedImporter) -> (artifact id: 'bf82da4e257f476fe374bcf77ce837dd') in 0.046877 seconds
Number of updated asset objects reloaded before import = 0Number of asset objects unloaded after import = 3

========================================================================
Received Import Request.
  Time since last request: 0.000028 seconds.
  path: Assets/LUTE_Starter Scenes/Mapbox/Examples/1_DataExplorer/Modules/LabelLayers/ExplorerPoiLabelLayer.asset
  artifactKey: Guid(320b64bfd7d45a34e995592e72078663) Importer(2089858483,0ecaa5967403d082aa24f35e1b516d23)
Start importing Assets/LUTE_Starter Scenes/Mapbox/Examples/1_DataExplorer/Modules/LabelLayers/ExplorerPoiLabelLayer.asset using Guid(320b64bfd7d45a34e995592e72078663) Importer(2089858483,0ecaa5967403d082aa24f35e1b516d23) (ScriptedImporter) -> (artifact id: '5949b69f9aead0257a4f94276ca65693') in 0.03001 seconds
Number of updated asset objects reloaded before import = 0Number of asset objects unloaded after import = 1

========================================================================
Received Import Request.
  Time since last request: 0.000022 seconds.
  path: Assets/LUTE_Starter Scenes/Mapbox/Examples/1_DataExplorer/Modules/Aeroway/ExplorerDefaultAeroway.asset
  artifactKey: Guid(a0c57e4d169041b489c1d894b283c3f2) Importer(2089858483,0ecaa5967403d082aa24f35e1b516d23)
Start importing Assets/LUTE_Starter Scenes/Mapbox/Examples/1_DataExplorer/Modules/Aeroway/ExplorerDefaultAeroway.asset using Guid(a0c57e4d169041b489c1d894b283c3f2) Importer(2089858483,0ecaa5967403d082aa24f35e1b516d23) (ScriptedImporter) -> (artifact id: 'a70827a6f0a19e18fd1fb170d6c2041f') in 0.0270936 seconds
Number of updated asset objects reloaded before import = 0Number of asset objects unloaded after import = 4

========================================================================
Received Import Request.
  Time since last request: 0.000028 seconds.
  path: Assets/LUTE/ThirdPartyAssets/TextMesh Pro/Examples & Extras/Resources/Color Gradient Presets/Light to Dark Green - Vertical.asset
  artifactKey: Guid(5cf8ae092ca54931b443bec5148f3c59) Importer(2089858483,0ecaa5967403d082aa24f35e1b516d23)
Start importing Assets/LUTE/ThirdPartyAssets/TextMesh Pro/Examples & Extras/Resources/Color Gradient Presets/Light to Dark Green - Vertical.asset using Guid(5cf8ae092ca54931b443bec5148f3c59) Importer(2089858483,0ecaa5967403d082aa24f35e1b516d23) (ScriptedImporter) -> (artifact id: '70217509dacbd478b3985b0a2a762ddd') in 0.0321133 seconds
Number of updated asset objects reloaded before import = 0Number of asset objects unloaded after import = 1

========================================================================
Received Import Request.
  Time since last request: 0.000038 seconds.
  path: Assets/LUTE_Starter Scenes/Sprites/CharacterHeads/Animals/Square (outline)/elephant.png
  artifactKey: Guid(1479948e68ff2774e8e58862e123028d) Importer(2089858483,0ecaa5967403d082aa24f35e1b516d23)
Start importing Assets/LUTE_Starter Scenes/Sprites/CharacterHeads/Animals/Square (outline)/elephant.png using Guid(1479948e68ff2774e8e58862e123028d) Importer(2089858483,0ecaa5967403d082aa24f35e1b516d23) (ScriptedImporter) -> (artifact id: '55318d861c1a64f8738931d7d6fa9e6f') in 0.0541398 seconds
Number of updated asset objects reloaded before import = 0Number of asset objects unloaded after import = 3

========================================================================
Received Import Request.
  Time since last request: 0.000024 seconds.
  path: Assets/LUTE_Starter Scenes/Mapbox/Examples/Resources/maki/star-15.png
  artifactKey: Guid(4412d2f8f47b513428b2823fa66d55e5) Importer(2089858483,0ecaa5967403d082aa24f35e1b516d23)
Start importing Assets/LUTE_Starter Scenes/Mapbox/Examples/Resources/maki/star-15.png using Guid(4412d2f8f47b513428b2823fa66d55e5) Importer(2089858483,0ecaa5967403d082aa24f35e1b516d23) (ScriptedImporter) -> (artifact id: '237a253847e5062260af23ca0530f885') in 0.0444669 seconds
Number of updated asset objects reloaded before import = 0Number of asset objects unloaded after import = 3

========================================================================
Received Import Request.
  Time since last request: 0.000024 seconds.
  path: Assets/LUTE/ThirdPartyAssets/TextMesh Pro/Examples & Extras/Scenes/21 - Script Example.unity
  artifactKey: Guid(50f52f9274434ecfb34dd87f0836f323) Importer(2089858483,0ecaa5967403d082aa24f35e1b516d23)
Start importing Assets/LUTE/ThirdPartyAssets/TextMesh Pro/Examples & Extras/Scenes/21 - Script Example.unity using Guid(50f52f9274434ecfb34dd87f0836f323) Importer(2089858483,0ecaa5967403d082aa24f35e1b516d23) (ScriptedImporter) -> (artifact id: 'd46f60f1d7953981a988a996ccb63c2f') in 0.0243272 seconds
Number of updated asset objects reloaded before import = 0Number of asset objects unloaded after import = 1

========================================================================
Received Import Request.
  Time since last request: 0.000057 seconds.
  path: Assets/LUTE/ThirdPartyAssets/InventoryEngine/MMTools/MMAudio/MMAudioListener/MMAudioListener.cs
  artifactKey: Guid(0e8aa3525151bb343b66b059b6095946) Importer(2089858483,0ecaa5967403d082aa24f35e1b516d23)
Start importing Assets/LUTE/ThirdPartyAssets/InventoryEngine/MMTools/MMAudio/MMAudioListener/MMAudioListener.cs using Guid(0e8aa3525151bb343b66b059b6095946) Importer(2089858483,0ecaa5967403d082aa24f35e1b516d23) (ScriptedImporter) -> (artifact id: 'be1ed0005f32129861d080a6a8efc6b5') in 0.0169884 seconds
Number of updated asset objects reloaded before import = 0Number of asset objects unloaded after import = 0

========================================================================
Received Import Request.
  Time since last request: 0.000046 seconds.
  path: Assets/LUTE_Starter Scenes/Mapbox/Examples/8_VoxelMap/Models/Bush.fbx
  artifactKey: Guid(1786fd9efa6de9347b96fc8cfd796f27) Importer(2089858483,0ecaa5967403d082aa24f35e1b516d23)
Start importing Assets/LUTE_Starter Scenes/Mapbox/Examples/8_VoxelMap/Models/Bush.fbx using Guid(1786fd9efa6de9347b96fc8cfd796f27) Importer(2089858483,0ecaa5967403d082aa24f35e1b516d23) (ScriptedImporter) -> (artifact id: 'bc08452270889385e7a7e59f1e013326') in 0.0484715 seconds
Number of updated asset objects reloaded before import = 0Number of asset objects unloaded after import = 8

========================================================================
Received Import Request.
  Time since last request: 0.000023 seconds.
  path: Assets/LUTE_Starter Scenes/Scenes/Games/AR/Prefabs/AR Point Cloud Debug Visualizer.prefab
  artifactKey: Guid(5eb8dccc8c676cc479dc2734af5dcf00) Importer(2089858483,0ecaa5967403d082aa24f35e1b516d23)
Start importing Assets/LUTE_Starter Scenes/Scenes/Games/AR/Prefabs/AR Point Cloud Debug Visualizer.prefab using Guid(5eb8dccc8c676cc479dc2734af5dcf00) Importer(2089858483,0ecaa5967403d082aa24f35e1b516d23) (ScriptedImporter) -> (artifact id: '3d91e862405340a077ab3e93cacf672e') in 0.2064015 seconds
Number of updated asset objects reloaded before import = 0Number of asset objects unloaded after import = 8

========================================================================
Received Import Request.
  Time since last request: 0.000026 seconds.
  path: Assets/LUTE_Starter Scenes/Mapbox/Examples/1_DataExplorer/Modules/LandcoverLayer/ExplorerDarkGreen.mat
  artifactKey: Guid(ff2f824fb9ab7b54b90a44e4394d18ea) Importer(2089858483,0ecaa5967403d082aa24f35e1b516d23)
Start importing Assets/LUTE_Starter Scenes/Mapbox/Examples/1_DataExplorer/Modules/LandcoverLayer/ExplorerDarkGreen.mat using Guid(ff2f824fb9ab7b54b90a44e4394d18ea) Importer(2089858483,0ecaa5967403d082aa24f35e1b516d23) (ScriptedImporter) -> (artifact id: 'ea9158e9254c11edaf1e0c6dd345a4aa') in 0.0312618 seconds
Number of updated asset objects reloaded before import = 0Number of asset objects unloaded after import = 1

========================================================================
Received Import Request.
  Time since last request: 0.000031 seconds.
  path: Assets/LUTE_Starter Scenes/Sprites/CharacterHeads/Animals/Square/panda.png
  artifactKey: Guid(dcb9bf86f97ab8445a174a4a5c395e68) Importer(2089858483,0ecaa5967403d082aa24f35e1b516d23)
Start importing Assets/LUTE_Starter Scenes/Sprites/CharacterHeads/Animals/Square/panda.png using Guid(dcb9bf86f97ab8445a174a4a5c395e68) Importer(2089858483,0ecaa5967403d082aa24f35e1b516d23) (ScriptedImporter) -> (artifact id: 'dbe2444002cddddf51d2148e85f13973') in 0.0476937 seconds
Number of updated asset objects reloaded before import = 0Number of asset objects unloaded after import = 3

========================================================================
Received Import Request.
  Time since last request: 0.000022 seconds.
  path: Assets/LUTE_Starter Scenes/Mapbox/Examples/1_DataExplorer/Modules/BuildingLayer/ExplorerBuildingLayer.asset
  artifactKey: Guid(1d2c597868e13c84b9c6c8e013ef80e5) Importer(2089858483,0ecaa5967403d082aa24f35e1b516d23)
Start importing Assets/LUTE_Starter Scenes/Mapbox/Examples/1_DataExplorer/Modules/BuildingLayer/ExplorerBuildingLayer.asset using Guid(1d2c597868e13c84b9c6c8e013ef80e5) Importer(2089858483,0ecaa5967403d082aa24f35e1b516d23) (ScriptedImporter) -> (artifact id: 'c4a58997af237103bf7439cbc874bcad') in 0.0240256 seconds
Number of updated asset objects reloaded before import = 0Number of asset objects unloaded after import = 1

========================================================================
Received Prepare
Begin MonoManager ReloadAssembly
- Loaded All Assemblies, in  1.186 seconds
Script 'VideoPlayer' has the same name as built-in Unity component.
AddComponent and GetComponent will not work with this script.
Refreshing native plugins compatible for Editor in 5.95 ms, found 6 plugins.
Native extension for Android target not found
Native extension for WindowsStandalone target not found
[Package Manager] Failed to launch server process. Reason: Unity was launched with the -noUpm command-line argument
[Package Manager] Unable to send message (not connected to server process).
[Package Manager] Cannot connect to Unity Package Manager local server
[Package Manager] Failed to launch server process. Reason: Unity was launched with the -noUpm command-line argument
[Package Manager] Unable to send message (not connected to server process).
[Package Manager] Cannot connect to Unity Package Manager local server
System.Reflection.TargetInvocationException: Exception has been thrown by the target of an invocation. ---> System.TypeInitializationException: The type initializer for 'UnityEditor.XR.Interaction.Toolkit.Samples.ARStarterAssets.Editor.ARStarterAssetsSampleProjectValidation' threw an exception. ---> System.NullReferenceException: Object reference not set to an instance of an object
  at Unity.XR.CoreUtils.Editor.PackageVersionUtility.UpdatePackageVersions () [0x00034] in .\Library\PackageCache\com.unity.xr.core-utils\Editor\ProjectValidation\PackageVersionUtility.cs:46 
  at Unity.XR.CoreUtils.Editor.PackageVersionUtility.GetPackageVersion (System.String packageName) [0x00011] in .\Library\PackageCache\com.unity.xr.core-utils\Editor\ProjectValidation\PackageVersionUtility.cs:67 
  at UnityEditor.XR.Interaction.Toolkit.Samples.ARStarterAssets.Editor.ARStarterAssetsSampleProjectValidation..cctor () [0x00032] in F:\Game Design\LoGa\Game 2\AH_LoGaGame2\Assets\LUTE\ThirdPartyAssets\XR\Samples\XR Interaction Toolkit\3.0.7\AR Starter Assets\Editor\Scripts\ARStarterAssetsSampleProjectValidation.cs:32 
   --- End of inner exception stack trace ---
  at (wrapper managed-to-native) System.Object.__icall_wrapper_mono_gc_wbarrier_generic_nostore_internal(intptr)
  at (wrapper write-barrier) System.Object.wbarrier_conc(intptr)
  at (wrapper managed-to-native) System.Reflection.RuntimeMethodInfo.InternalInvoke(System.Reflection.RuntimeMethodInfo,object,object[],System.Exception&)
  at System.Reflection.RuntimeMethodInfo.Invoke (System.Object obj, System.Reflection.BindingFlags invokeAttr, System.Reflection.Binder binder, System.Object[] parameters, System.Globalization.CultureInfo culture) [0x0006a] in <ed969b0e627d471da4848289f9c322df>:0 
   --- End of inner exception stack trace ---
  at System.Reflection.RuntimeMethodInfo.Invoke (System.Object obj, System.Reflection.BindingFlags invokeAttr, System.Reflection.Binder binder, System.Object[] parameters, System.Globalization.CultureInfo culture) [0x00083] in <ed969b0e627d471da4848289f9c322df>:0 
  at System.Reflection.MethodBase.Invoke (System.Object obj, System.Object[] parameters) [0x00000] in <ed969b0e627d471da4848289f9c322df>:0 
  at UnityEditor.EditorAssemblies.ProcessInitializeOnLoadMethodAttributes () [0x00056] in <20f98a04ac634cc8bf5f95425bb19bb9>:0 
UnityEngine.Debug:ExtractStackTraceNoAlloc (byte*,int,string)
UnityEngine.StackTraceUtility:ExtractStackTrace ()
UnityEngine.DebugLogHandler:Internal_Log (UnityEngine.LogType,UnityEngine.LogOption,string,UnityEngine.Object)
UnityEngine.DebugLogHandler:LogFormat (UnityEngine.LogType,UnityEngine.Object,string,object[])
UnityEngine.Logger:Log (UnityEngine.LogType,object)
UnityEngine.Debug:LogError (object)
UnityEditor.EditorAssemblies:ProcessInitializeOnLoadMethodAttributes ()

Mono: successfully reloaded assembly
[Package Manager] Failed to launch server process. Reason: Unity was launched with the -noUpm command-line argument
[Package Manager] Unable to send message (not connected to server process).
[Package Manager] Cannot connect to Unity Package Manager local server
- Finished resetting the current domain, in  1.468 seconds
Domain Reload Profiling: 2655ms
	BeginReloadAssembly (333ms)
		ExecutionOrderSort (0ms)
		DisableScriptedObjects (20ms)
		BackupInstance (0ms)
		ReleaseScriptingObjects (0ms)
		CreateAndSetChildDomain (131ms)
	RebuildCommonClasses (45ms)
	RebuildNativeTypeToScriptingClass (18ms)
	initialDomainReloadingComplete (36ms)
	LoadAllAssembliesAndSetupDomain (754ms)
		LoadAssemblies (534ms)
		RebuildTransferFunctionScriptingTraits (0ms)
		AnalyzeDomain (353ms)
			TypeCache.Refresh (16ms)
				TypeCache.ScanAssembly (0ms)
			BuildScriptInfoCaches (304ms)
			ResolveRequiredComponents (28ms)
	FinalizeReload (1469ms)
		ReleaseScriptCaches (0ms)
		RebuildScriptCaches (0ms)
		SetupLoadedEditorAssemblies (1253ms)
			LogAssemblyErrors (0ms)
			InitializePlatformSupportModulesInManaged (14ms)
			SetLoadedEditorAssemblies (6ms)
			BeforeProcessingInitializeOnLoad (118ms)
			ProcessInitializeOnLoadAttributes (968ms)
			ProcessInitializeOnLoadMethodAttributes (138ms)
			AfterProcessingInitializeOnLoad (9ms)
			EditorAssembliesLoaded (1ms)
		ExecutionOrderSort2 (0ms)
		AwakeInstancesAfterBackupRestoration (8ms)
Refreshing native plugins compatible for Editor in 10.69 ms, found 6 plugins.
Preloading 0 native plugins for Editor in 0.00 ms.
Unloading 50 Unused Serialized files (Serialized files now loaded: 0)
Unloading 8544 unused Assets / (11.2 MB). Loaded Objects now: 9045.
Memory consumption went from 243.7 MB to 232.5 MB.
Total: 36.715900 ms (FindLiveObjects: 1.388600 ms CreateObjectMapping: 4.575500 ms MarkObjects: 15.033300 ms  DeleteObjects: 15.716600 ms)

Prepare: number of updated asset objects reloaded= 0
========================================================================
Received Prepare
Begin MonoManager ReloadAssembly
- Loaded All Assemblies, in  1.098 seconds
Script 'VideoPlayer' has the same name as built-in Unity component.
AddComponent and GetComponent will not work with this script.
Refreshing native plugins compatible for Editor in 6.58 ms, found 6 plugins.
Native extension for Android target not found
Native extension for WindowsStandalone target not found
[Package Manager] Failed to launch server process. Reason: Unity was launched with the -noUpm command-line argument
[Package Manager] Unable to send message (not connected to server process).
[Package Manager] Cannot connect to Unity Package Manager local server
[Package Manager] Failed to launch server process. Reason: Unity was launched with the -noUpm command-line argument
[Package Manager] Unable to send message (not connected to server process).
[Package Manager] Cannot connect to Unity Package Manager local server
System.Reflection.TargetInvocationException: Exception has been thrown by the target of an invocation. ---> System.TypeInitializationException: The type initializer for 'UnityEditor.XR.Interaction.Toolkit.Samples.ARStarterAssets.Editor.ARStarterAssetsSampleProjectValidation' threw an exception. ---> System.NullReferenceException: Object reference not set to an instance of an object
  at Unity.XR.CoreUtils.Editor.PackageVersionUtility.UpdatePackageVersions () [0x00034] in .\Library\PackageCache\com.unity.xr.core-utils\Editor\ProjectValidation\PackageVersionUtility.cs:46 
  at Unity.XR.CoreUtils.Editor.PackageVersionUtility.GetPackageVersion (System.String packageName) [0x00011] in .\Library\PackageCache\com.unity.xr.core-utils\Editor\ProjectValidation\PackageVersionUtility.cs:67 
  at UnityEditor.XR.Interaction.Toolkit.Samples.ARStarterAssets.Editor.ARStarterAssetsSampleProjectValidation..cctor () [0x00032] in F:\Game Design\LoGa\Game 2\AH_LoGaGame2\Assets\LUTE\ThirdPartyAssets\XR\Samples\XR Interaction Toolkit\3.0.7\AR Starter Assets\Editor\Scripts\ARStarterAssetsSampleProjectValidation.cs:32 
   --- End of inner exception stack trace ---
  at (wrapper managed-to-native) System.Object.__icall_wrapper_mono_gc_wbarrier_generic_nostore_internal(intptr)
  at (wrapper write-barrier) System.Object.wbarrier_conc(intptr)
  at (wrapper managed-to-native) System.Reflection.RuntimeMethodInfo.InternalInvoke(System.Reflection.RuntimeMethodInfo,object,object[],System.Exception&)
  at System.Reflection.RuntimeMethodInfo.Invoke (System.Object obj, System.Reflection.BindingFlags invokeAttr, System.Reflection.Binder binder, System.Object[] parameters, System.Globalization.CultureInfo culture) [0x0006a] in <ed969b0e627d471da4848289f9c322df>:0 
   --- End of inner exception stack trace ---
  at System.Reflection.RuntimeMethodInfo.Invoke (System.Object obj, System.Reflection.BindingFlags invokeAttr, System.Reflection.Binder binder, System.Object[] parameters, System.Globalization.CultureInfo culture) [0x00083] in <ed969b0e627d471da4848289f9c322df>:0 
  at System.Reflection.MethodBase.Invoke (System.Object obj, System.Object[] parameters) [0x00000] in <ed969b0e627d471da4848289f9c322df>:0 
  at UnityEditor.EditorAssemblies.ProcessInitializeOnLoadMethodAttributes () [0x00056] in <20f98a04ac634cc8bf5f95425bb19bb9>:0 
UnityEngine.Debug:ExtractStackTraceNoAlloc (byte*,int,string)
UnityEngine.StackTraceUtility:ExtractStackTrace ()
UnityEngine.DebugLogHandler:Internal_Log (UnityEngine.LogType,UnityEngine.LogOption,string,UnityEngine.Object)
UnityEngine.DebugLogHandler:LogFormat (UnityEngine.LogType,UnityEngine.Object,string,object[])
UnityEngine.Logger:Log (UnityEngine.LogType,object)
UnityEngine.Debug:LogError (object)
UnityEditor.EditorAssemblies:ProcessInitializeOnLoadMethodAttributes ()

Mono: successfully reloaded assembly
[Package Manager] Failed to launch server process. Reason: Unity was launched with the -noUpm command-line argument
[Package Manager] Unable to send message (not connected to server process).
[Package Manager] Cannot connect to Unity Package Manager local server
- Finished resetting the current domain, in  1.481 seconds
Domain Reload Profiling: 2579ms
	BeginReloadAssembly (242ms)
		ExecutionOrderSort (0ms)
		DisableScriptedObjects (16ms)
		BackupInstance (0ms)
		ReleaseScriptingObjects (0ms)
		CreateAndSetChildDomain (63ms)
	RebuildCommonClasses (43ms)
	RebuildNativeTypeToScriptingClass (16ms)
	initialDomainReloadingComplete (39ms)
	LoadAllAssembliesAndSetupDomain (757ms)
		LoadAssemblies (482ms)
		RebuildTransferFunctionScriptingTraits (0ms)
		AnalyzeDomain (390ms)
			TypeCache.Refresh (17ms)
				TypeCache.ScanAssembly (0ms)
			BuildScriptInfoCaches (343ms)
			ResolveRequiredComponents (24ms)
	FinalizeReload (1481ms)
		ReleaseScriptCaches (0ms)
		RebuildScriptCaches (0ms)
		SetupLoadedEditorAssemblies (1252ms)
			LogAssemblyErrors (0ms)
			InitializePlatformSupportModulesInManaged (16ms)
			SetLoadedEditorAssemblies (7ms)
			BeforeProcessingInitializeOnLoad (123ms)
			ProcessInitializeOnLoadAttributes (984ms)
			ProcessInitializeOnLoadMethodAttributes (109ms)
			AfterProcessingInitializeOnLoad (12ms)
			EditorAssembliesLoaded (1ms)
		ExecutionOrderSort2 (0ms)
		AwakeInstancesAfterBackupRestoration (11ms)
Refreshing native plugins compatible for Editor in 9.10 ms, found 6 plugins.
Preloading 0 native plugins for Editor in 0.00 ms.
Unloading 50 Unused Serialized files (Serialized files now loaded: 0)
Unloading 8538 unused Assets / (9.5 MB). Loaded Objects now: 9048.
Memory consumption went from 243.6 MB to 234.1 MB.
Total: 22.674800 ms (FindLiveObjects: 1.409600 ms CreateObjectMapping: 2.094600 ms MarkObjects: 8.618800 ms  DeleteObjects: 10.549900 ms)

Prepare: number of updated asset objects reloaded= 0
========================================================================
Received Prepare
Begin MonoManager ReloadAssembly
- Loaded All Assemblies, in  1.136 seconds
Script 'VideoPlayer' has the same name as built-in Unity component.
AddComponent and GetComponent will not work with this script.
Refreshing native plugins compatible for Editor in 7.87 ms, found 6 plugins.
Native extension for Android target not found
Native extension for WindowsStandalone target not found
[Package Manager] Failed to launch server process. Reason: Unity was launched with the -noUpm command-line argument
[Package Manager] Unable to send message (not connected to server process).
[Package Manager] Cannot connect to Unity Package Manager local server
[Package Manager] Failed to launch server process. Reason: Unity was launched with the -noUpm command-line argument
[Package Manager] Unable to send message (not connected to server process).
[Package Manager] Cannot connect to Unity Package Manager local server
System.Reflection.TargetInvocationException: Exception has been thrown by the target of an invocation. ---> System.TypeInitializationException: The type initializer for 'UnityEditor.XR.Interaction.Toolkit.Samples.ARStarterAssets.Editor.ARStarterAssetsSampleProjectValidation' threw an exception. ---> System.NullReferenceException: Object reference not set to an instance of an object
  at Unity.XR.CoreUtils.Editor.PackageVersionUtility.UpdatePackageVersions () [0x00034] in .\Library\PackageCache\com.unity.xr.core-utils\Editor\ProjectValidation\PackageVersionUtility.cs:46 
  at Unity.XR.CoreUtils.Editor.PackageVersionUtility.GetPackageVersion (System.String packageName) [0x00011] in .\Library\PackageCache\com.unity.xr.core-utils\Editor\ProjectValidation\PackageVersionUtility.cs:67 
  at UnityEditor.XR.Interaction.Toolkit.Samples.ARStarterAssets.Editor.ARStarterAssetsSampleProjectValidation..cctor () [0x00032] in F:\Game Design\LoGa\Game 2\AH_LoGaGame2\Assets\LUTE\ThirdPartyAssets\XR\Samples\XR Interaction Toolkit\3.0.7\AR Starter Assets\Editor\Scripts\ARStarterAssetsSampleProjectValidation.cs:32 
   --- End of inner exception stack trace ---
  at (wrapper managed-to-native) System.Object.__icall_wrapper_mono_gc_wbarrier_generic_nostore_internal(intptr)
  at (wrapper write-barrier) System.Object.wbarrier_conc(intptr)
  at (wrapper managed-to-native) System.Reflection.RuntimeMethodInfo.InternalInvoke(System.Reflection.RuntimeMethodInfo,object,object[],System.Exception&)
  at System.Reflection.RuntimeMethodInfo.Invoke (System.Object obj, System.Reflection.BindingFlags invokeAttr, System.Reflection.Binder binder, System.Object[] parameters, System.Globalization.CultureInfo culture) [0x0006a] in <ed969b0e627d471da4848289f9c322df>:0 
   --- End of inner exception stack trace ---
  at System.Reflection.RuntimeMethodInfo.Invoke (System.Object obj, System.Reflection.BindingFlags invokeAttr, System.Reflection.Binder binder, System.Object[] parameters, System.Globalization.CultureInfo culture) [0x00083] in <ed969b0e627d471da4848289f9c322df>:0 
  at System.Reflection.MethodBase.Invoke (System.Object obj, System.Object[] parameters) [0x00000] in <ed969b0e627d471da4848289f9c322df>:0 
  at UnityEditor.EditorAssemblies.ProcessInitializeOnLoadMethodAttributes () [0x00056] in <20f98a04ac634cc8bf5f95425bb19bb9>:0 
UnityEngine.Debug:ExtractStackTraceNoAlloc (byte*,int,string)
UnityEngine.StackTraceUtility:ExtractStackTrace ()
UnityEngine.DebugLogHandler:Internal_Log (UnityEngine.LogType,UnityEngine.LogOption,string,UnityEngine.Object)
UnityEngine.DebugLogHandler:LogFormat (UnityEngine.LogType,UnityEngine.Object,string,object[])
UnityEngine.Logger:Log (UnityEngine.LogType,object)
UnityEngine.Debug:LogError (object)
UnityEditor.EditorAssemblies:ProcessInitializeOnLoadMethodAttributes ()

Mono: successfully reloaded assembly
[Package Manager] Failed to launch server process. Reason: Unity was launched with the -noUpm command-line argument
[Package Manager] Unable to send message (not connected to server process).
[Package Manager] Cannot connect to Unity Package Manager local server
- Finished resetting the current domain, in  1.438 seconds
Domain Reload Profiling: 2578ms
	BeginReloadAssembly (306ms)
		ExecutionOrderSort (0ms)
		DisableScriptedObjects (21ms)
		BackupInstance (0ms)
		ReleaseScriptingObjects (0ms)
		CreateAndSetChildDomain (66ms)
	RebuildCommonClasses (43ms)
	RebuildNativeTypeToScriptingClass (23ms)
	initialDomainReloadingComplete (37ms)
	LoadAllAssembliesAndSetupDomain (727ms)
		LoadAssemblies (506ms)
		RebuildTransferFunctionScriptingTraits (0ms)
		AnalyzeDomain (386ms)
			TypeCache.Refresh (11ms)
				TypeCache.ScanAssembly (0ms)
			BuildScriptInfoCaches (337ms)
			ResolveRequiredComponents (32ms)
	FinalizeReload (1441ms)
		ReleaseScriptCaches (0ms)
		RebuildScriptCaches (0ms)
		SetupLoadedEditorAssemblies (1224ms)
			LogAssemblyErrors (0ms)
			InitializePlatformSupportModulesInManaged (15ms)
			SetLoadedEditorAssemblies (5ms)
			BeforeProcessingInitializeOnLoad (113ms)
			ProcessInitializeOnLoadAttributes (973ms)
			ProcessInitializeOnLoadMethodAttributes (106ms)
			AfterProcessingInitializeOnLoad (10ms)
			EditorAssembliesLoaded (1ms)
		ExecutionOrderSort2 (0ms)
		AwakeInstancesAfterBackupRestoration (10ms)
Refreshing native plugins compatible for Editor in 10.15 ms, found 6 plugins.
Preloading 0 native plugins for Editor in 0.00 ms.
Unloading 50 Unused Serialized files (Serialized files now loaded: 0)
Unloading 8538 unused Assets / (9.9 MB). Loaded Objects now: 9051.
Memory consumption went from 243.6 MB to 233.7 MB.
Total: 23.542100 ms (FindLiveObjects: 1.399800 ms CreateObjectMapping: 2.671700 ms MarkObjects: 10.368100 ms  DeleteObjects: 9.100800 ms)

Prepare: number of updated asset objects reloaded= 0
