Using pre-set license
Built from '6000.0/release' branch; Version is '6000.0.29f1 (9fafe5c9db65) revision 10465253'; Using compiler version '193933523'; Build Type 'Release'
OS: 'Windows 10  (10.0.19045) 64bit Professional' Language: 'en' Physical Memory: 16302 MB
BatchMode: 1, IsHumanControllingUs: 0, StartBugReporterOnCrash: 0, Is64bit: 1, IsPro: 1

COMMAND LINE ARGUMENTS:
C:\Program Files\Unity\Hub\Editor\6000.0.29f1\Editor\Unity.exe
-adb2
-batchMode
-noUpm
-name
AssetImportWorker6
-projectPath
F:/Game Design/LoGa/Game 2/AH_LoGaGame2
-logFile
Logs/AssetImportWorker6.log
-srvPort
63134
-job-worker-count
5
-background-job-worker-count
8
-asset-garbage-collectors
1
Successfully changed project path to: F:/Game Design/LoGa/Game 2/AH_LoGaGame2
F:/Game Design/LoGa/Game 2/AH_LoGaGame2
[UnityMemory] Configuration Parameters - Can be set up in boot.config
    "memorysetup-bucket-allocator-granularity=16"
    "memorysetup-bucket-allocator-bucket-count=8"
    "memorysetup-bucket-allocator-block-size=33554432"
    "memorysetup-bucket-allocator-block-count=8"
    "memorysetup-main-allocator-block-size=16777216"
    "memorysetup-thread-allocator-block-size=16777216"
    "memorysetup-gfx-main-allocator-block-size=16777216"
    "memorysetup-gfx-thread-allocator-block-size=16777216"
    "memorysetup-cache-allocator-block-size=4194304"
    "memorysetup-typetree-allocator-block-size=2097152"
    "memorysetup-profiler-bucket-allocator-granularity=16"
    "memorysetup-profiler-bucket-allocator-bucket-count=8"
    "memorysetup-profiler-bucket-allocator-block-size=33554432"
    "memorysetup-profiler-bucket-allocator-block-count=8"
    "memorysetup-profiler-allocator-block-size=16777216"
    "memorysetup-profiler-editor-allocator-block-size=1048576"
    "memorysetup-temp-allocator-size-main=16777216"
    "memorysetup-job-temp-allocator-block-size=2097152"
    "memorysetup-job-temp-allocator-block-size-background=1048576"
    "memorysetup-job-temp-allocator-reduction-small-platforms=262144"
    "memorysetup-allocator-temp-initial-block-size-main=262144"
    "memorysetup-allocator-temp-initial-block-size-worker=262144"
    "memorysetup-temp-allocator-size-background-worker=32768"
    "memorysetup-temp-allocator-size-job-worker=262144"
    "memorysetup-temp-allocator-size-preload-manager=33554432"
    "memorysetup-temp-allocator-size-nav-mesh-worker=65536"
    "memorysetup-temp-allocator-size-audio-worker=65536"
    "memorysetup-temp-allocator-size-cloud-worker=32768"
    "memorysetup-temp-allocator-size-gi-baking-worker=262144"
    "memorysetup-temp-allocator-size-gi-baking-worker=262144"
    "memorysetup-temp-allocator-size-gi-baking-worker=262144"
    "memorysetup-temp-allocator-size-gi-baking-worker=262144"
    "memorysetup-temp-allocator-size-gi-baking-worker=262144"
    "memorysetup-temp-allocator-size-gfx=262144"
Player connection [40120]  Target information:

Player connection [40120]  * "[IP] 192.168.1.153 [Port] 0 [Flags] 2 [Guid] 3262741040 [EditorId] 3262741040 [Version] 1048832 [Id] WindowsEditor(7,AaronsDesktop) [Debug] 1 [PackageName] WindowsEditor [ProjectName] Editor" 

Player connection [40120] Host joined multi-casting on [225.0.0.222:54997]...
Player connection [40120] Host joined alternative multi-casting on [225.0.0.222:34997]...
JobSystem: Creating JobQueue using job-worker-count value 5
[Physics::Module] Initialized fallback backend.
[Physics::Module] Id: 0xdecafbad
Library Redirect Path: Library/
[Physics::Module] Selected backend.
[Physics::Module] Name: PhysX
[Physics::Module] Id: 0xf2b8ea05
[Physics::Module] SDK Version: 4.1.2
[Physics::Module] Integration Version: 1.0.0
[Physics::Module] Threading Mode: Multi-Threaded
Refreshing native plugins compatible for Editor in 403.01 ms, found 6 plugins.
Preloading 0 native plugins for Editor in 0.00 ms.
Initialize engine version: 6000.0.29f1 (9fafe5c9db65)
[Subsystems] Discovering subsystems at path C:/Program Files/Unity/Hub/Editor/6000.0.29f1/Editor/Data/Resources/UnitySubsystems
[Subsystems] Discovering subsystems at path F:/Game Design/LoGa/Game 2/AH_LoGaGame2/Assets
GfxDevice: creating device client; kGfxThreadingModeNonThreaded
Direct3D:
    Version:  Direct3D 11.0 [level 11.1]
    Renderer: NVIDIA GeForce GTX 1660 (ID=0x2184)
    Vendor:   NVIDIA
    VRAM:     5966 MB
    Driver:   32.0.15.7216
Initialize mono
Mono path[0] = 'C:/Program Files/Unity/Hub/Editor/6000.0.29f1/Editor/Data/Managed'
Mono path[1] = 'C:/Program Files/Unity/Hub/Editor/6000.0.29f1/Editor/Data/MonoBleedingEdge/lib/mono/unityjit-win32'
Mono config path = 'C:/Program Files/Unity/Hub/Editor/6000.0.29f1/Editor/Data/MonoBleedingEdge/etc'
Using monoOptions --debugger-agent=transport=dt_socket,embedding=1,server=y,suspend=n,address=127.0.0.1:56148
Begin MonoManager ReloadAssembly
Registering precompiled unity dll's ...
Register platform support module: C:/Program Files/Unity/Hub/Editor/6000.0.29f1/Editor/Data/PlaybackEngines/WindowsStandaloneSupport/UnityEditor.WindowsStandalone.Extensions.dll
Register platform support module: C:/Program Files/Unity/Hub/Editor/6000.0.29f1/Editor/Data/PlaybackEngines/AndroidPlayer/UnityEditor.Android.Extensions.dll
Registered in 0.010407 seconds.
- Loaded All Assemblies, in  1.602 seconds
Native extension for Android target not found
Android Extension - Scanning For ADB Devices 707 ms
Native extension for WindowsStandalone target not found
Mono: successfully reloaded assembly
- Finished resetting the current domain, in  1.775 seconds
Domain Reload Profiling: 3371ms
	BeginReloadAssembly (453ms)
		ExecutionOrderSort (0ms)
		DisableScriptedObjects (0ms)
		BackupInstance (0ms)
		ReleaseScriptingObjects (0ms)
		CreateAndSetChildDomain (1ms)
	RebuildCommonClasses (419ms)
	RebuildNativeTypeToScriptingClass (30ms)
	initialDomainReloadingComplete (90ms)
	LoadAllAssembliesAndSetupDomain (604ms)
		LoadAssemblies (448ms)
		RebuildTransferFunctionScriptingTraits (0ms)
		AnalyzeDomain (596ms)
			TypeCache.Refresh (594ms)
				TypeCache.ScanAssembly (569ms)
			BuildScriptInfoCaches (0ms)
			ResolveRequiredComponents (1ms)
	FinalizeReload (1775ms)
		ReleaseScriptCaches (0ms)
		RebuildScriptCaches (0ms)
		SetupLoadedEditorAssemblies (1672ms)
			LogAssemblyErrors (0ms)
			InitializePlatformSupportModulesInManaged (912ms)
			SetLoadedEditorAssemblies (7ms)
			BeforeProcessingInitializeOnLoad (18ms)
			ProcessInitializeOnLoadAttributes (577ms)
			ProcessInitializeOnLoadMethodAttributes (150ms)
			AfterProcessingInitializeOnLoad (7ms)
			EditorAssembliesLoaded (0ms)
		ExecutionOrderSort2 (0ms)
		AwakeInstancesAfterBackupRestoration (0ms)
========================================================================
Worker process is ready to serve import requests
Import Worker Mode flag is 0x00
Begin MonoManager ReloadAssembly
- Loaded All Assemblies, in  2.559 seconds
Script 'VideoPlayer' has the same name as built-in Unity component.
AddComponent and GetComponent will not work with this script.
Refreshing native plugins compatible for Editor in 25.92 ms, found 6 plugins.
Native extension for Android target not found
Native extension for WindowsStandalone target not found
Package Manager log level set to [2]
[Package Manager] Failed to launch server process. Reason: Unity was launched with the -noUpm command-line argument
[Package Manager] Unable to send message (not connected to server process).
[Package Manager] Cannot connect to Unity Package Manager local server
[Package Manager] Failed to launch server process. Reason: Unity was launched with the -noUpm command-line argument
[Package Manager] Unable to send message (not connected to server process).
[Package Manager] Cannot connect to Unity Package Manager local server
System.Reflection.TargetInvocationException: Exception has been thrown by the target of an invocation. ---> System.TypeInitializationException: The type initializer for 'UnityEditor.XR.Interaction.Toolkit.Samples.ARStarterAssets.Editor.ARStarterAssetsSampleProjectValidation' threw an exception. ---> System.NullReferenceException: Object reference not set to an instance of an object
  at Unity.XR.CoreUtils.Editor.PackageVersionUtility.UpdatePackageVersions () [0x00034] in .\Library\PackageCache\com.unity.xr.core-utils\Editor\ProjectValidation\PackageVersionUtility.cs:46 
  at Unity.XR.CoreUtils.Editor.PackageVersionUtility.GetPackageVersion (System.String packageName) [0x00011] in .\Library\PackageCache\com.unity.xr.core-utils\Editor\ProjectValidation\PackageVersionUtility.cs:67 
  at UnityEditor.XR.Interaction.Toolkit.Samples.ARStarterAssets.Editor.ARStarterAssetsSampleProjectValidation..cctor () [0x00032] in F:\Game Design\LoGa\Game 2\AH_LoGaGame2\Assets\LUTE\ThirdPartyAssets\XR\Samples\XR Interaction Toolkit\3.0.7\AR Starter Assets\Editor\Scripts\ARStarterAssetsSampleProjectValidation.cs:32 
   --- End of inner exception stack trace ---
  at (wrapper managed-to-native) System.Object.__icall_wrapper_mono_gc_wbarrier_generic_nostore_internal(intptr)
  at (wrapper write-barrier) System.Object.wbarrier_conc(intptr)
  at (wrapper managed-to-native) System.Reflection.RuntimeMethodInfo.InternalInvoke(System.Reflection.RuntimeMethodInfo,object,object[],System.Exception&)
  at System.Reflection.RuntimeMethodInfo.Invoke (System.Object obj, System.Reflection.BindingFlags invokeAttr, System.Reflection.Binder binder, System.Object[] parameters, System.Globalization.CultureInfo culture) [0x0006a] in <ed969b0e627d471da4848289f9c322df>:0 
   --- End of inner exception stack trace ---
  at System.Reflection.RuntimeMethodInfo.Invoke (System.Object obj, System.Reflection.BindingFlags invokeAttr, System.Reflection.Binder binder, System.Object[] parameters, System.Globalization.CultureInfo culture) [0x00083] in <ed969b0e627d471da4848289f9c322df>:0 
  at System.Reflection.MethodBase.Invoke (System.Object obj, System.Object[] parameters) [0x00000] in <ed969b0e627d471da4848289f9c322df>:0 
  at UnityEditor.EditorAssemblies.ProcessInitializeOnLoadMethodAttributes () [0x00056] in <20f98a04ac634cc8bf5f95425bb19bb9>:0 
UnityEngine.Debug:ExtractStackTraceNoAlloc (byte*,int,string)
UnityEngine.StackTraceUtility:ExtractStackTrace ()
UnityEngine.DebugLogHandler:Internal_Log (UnityEngine.LogType,UnityEngine.LogOption,string,UnityEngine.Object)
UnityEngine.DebugLogHandler:LogFormat (UnityEngine.LogType,UnityEngine.Object,string,object[])
UnityEngine.Logger:Log (UnityEngine.LogType,object)
UnityEngine.Debug:LogError (object)
UnityEditor.EditorAssemblies:ProcessInitializeOnLoadMethodAttributes ()

Mono: successfully reloaded assembly
[Package Manager] Failed to launch server process. Reason: Unity was launched with the -noUpm command-line argument
[Package Manager] Unable to send message (not connected to server process).
[Package Manager] Cannot connect to Unity Package Manager local server
[Package Manager] Failed to launch server process. Reason: Unity was launched with the -noUpm command-line argument
[Package Manager] Unable to send message (not connected to server process).
[Package Manager] Cannot connect to Unity Package Manager local server
- Finished resetting the current domain, in  3.014 seconds
Domain Reload Profiling: 5566ms
	BeginReloadAssembly (332ms)
		ExecutionOrderSort (0ms)
		DisableScriptedObjects (11ms)
		BackupInstance (0ms)
		ReleaseScriptingObjects (0ms)
		CreateAndSetChildDomain (59ms)
	RebuildCommonClasses (77ms)
	RebuildNativeTypeToScriptingClass (24ms)
	initialDomainReloadingComplete (82ms)
	LoadAllAssembliesAndSetupDomain (2036ms)
		LoadAssemblies (1247ms)
		RebuildTransferFunctionScriptingTraits (0ms)
		AnalyzeDomain (987ms)
			TypeCache.Refresh (650ms)
				TypeCache.ScanAssembly (570ms)
			BuildScriptInfoCaches (284ms)
			ResolveRequiredComponents (45ms)
	FinalizeReload (3014ms)
		ReleaseScriptCaches (0ms)
		RebuildScriptCaches (0ms)
		SetupLoadedEditorAssemblies (2640ms)
			LogAssemblyErrors (0ms)
			InitializePlatformSupportModulesInManaged (29ms)
			SetLoadedEditorAssemblies (23ms)
			BeforeProcessingInitializeOnLoad (361ms)
			ProcessInitializeOnLoadAttributes (1925ms)
			ProcessInitializeOnLoadMethodAttributes (279ms)
			AfterProcessingInitializeOnLoad (22ms)
			EditorAssembliesLoaded (1ms)
		ExecutionOrderSort2 (0ms)
		AwakeInstancesAfterBackupRestoration (13ms)
Launched and connected shader compiler UnityShaderCompiler.exe after 0.07 seconds
Refreshing native plugins compatible for Editor in 8.66 ms, found 6 plugins.
Preloading 0 native plugins for Editor in 0.00 ms.
Unloading 142 Unused Serialized files (Serialized files now loaded: 0)
Unloading 8540 unused Assets / (6.2 MB). Loaded Objects now: 9027.
Memory consumption went from 256.0 MB to 249.8 MB.
Total: 35.178900 ms (FindLiveObjects: 1.936500 ms CreateObjectMapping: 3.463500 ms MarkObjects: 17.258600 ms  DeleteObjects: 12.517000 ms)

========================================================================
Received Import Request.
  Time since last request: 685984.481906 seconds.
  path: Assets/LUTE_Starter Scenes/Mapbox/Examples/Resources/MapboxBlue.mat
  artifactKey: Guid(1f9f9c322fb5f4efeb40ada4f2f0c854) Importer(2089858483,0ecaa5967403d082aa24f35e1b516d23)
Start importing Assets/LUTE_Starter Scenes/Mapbox/Examples/Resources/MapboxBlue.mat using Guid(1f9f9c322fb5f4efeb40ada4f2f0c854) Importer(2089858483,0ecaa5967403d082aa24f35e1b516d23) (ScriptedImporter) -> (artifact id: '4fc881b5e6cb8a6a46efe2bb489ea69d') in 0.2520865 seconds
Number of updated asset objects reloaded before import = 0Number of asset objects unloaded after import = 1

========================================================================
Received Import Request.
  Time since last request: 0.000052 seconds.
  path: Assets/LUTE/ThirdPartyAssets/LeanTween/Testing/TestingSceneSwitching.unity
  artifactKey: Guid(2eedc500c8611491798b66b64c118120) Importer(2089858483,0ecaa5967403d082aa24f35e1b516d23)
Start importing Assets/LUTE/ThirdPartyAssets/LeanTween/Testing/TestingSceneSwitching.unity using Guid(2eedc500c8611491798b66b64c118120) Importer(2089858483,0ecaa5967403d082aa24f35e1b516d23) (ScriptedImporter) -> (artifact id: 'd0391faffaed22bff0a7fd4f99d4e9fc') in 0.0192652 seconds
Number of updated asset objects reloaded before import = 0Number of asset objects unloaded after import = 1

========================================================================
Received Import Request.
  Time since last request: 0.000038 seconds.
  path: Assets/LUTE_Starter Scenes/Mapbox/Examples/Prefabs/InfoCanvas.prefab
  artifactKey: Guid(98be219873e6d4dffb5949746f515a33) Importer(2089858483,0ecaa5967403d082aa24f35e1b516d23)
Start importing Assets/LUTE_Starter Scenes/Mapbox/Examples/Prefabs/InfoCanvas.prefab using Guid(98be219873e6d4dffb5949746f515a33) Importer(2089858483,0ecaa5967403d082aa24f35e1b516d23) (ScriptedImporter) -> (artifact id: '408f7173c675d4acad927594fba3dae7') in 0.1736731 seconds
Number of updated asset objects reloaded before import = 0Number of asset objects unloaded after import = 51

========================================================================
Received Import Request.
  Time since last request: 0.000041 seconds.
  path: Assets/LUTE/ThirdPartyAssets/LeanTween/Testing/TestingDescr.cs
  artifactKey: Guid(34cf2af3be6b8416a96944cea804f678) Importer(2089858483,0ecaa5967403d082aa24f35e1b516d23)
Start importing Assets/LUTE/ThirdPartyAssets/LeanTween/Testing/TestingDescr.cs using Guid(34cf2af3be6b8416a96944cea804f678) Importer(2089858483,0ecaa5967403d082aa24f35e1b516d23) (ScriptedImporter) -> (artifact id: '796a68350ed8bf802991c1f36e74868d') in 0.0225373 seconds
Number of updated asset objects reloaded before import = 0Number of asset objects unloaded after import = 0

========================================================================
Received Import Request.
  Time since last request: 0.000341 seconds.
  path: Assets/LUTE/ThirdPartyAssets/LeanTween/Testing/TestingOptionalCancel.cs
  artifactKey: Guid(073c63eedd7654d9dbde821193167cb7) Importer(2089858483,0ecaa5967403d082aa24f35e1b516d23)
Start importing Assets/LUTE/ThirdPartyAssets/LeanTween/Testing/TestingOptionalCancel.cs using Guid(073c63eedd7654d9dbde821193167cb7) Importer(2089858483,0ecaa5967403d082aa24f35e1b516d23) (ScriptedImporter) -> (artifact id: '52a1e045a5e1688671d0149805852db6') in 0.0213082 seconds
Number of updated asset objects reloaded before import = 0Number of asset objects unloaded after import = 0

========================================================================
Received Import Request.
  Time since last request: 0.000063 seconds.
  path: Assets/LUTE/ThirdPartyAssets/XR/UserSimulationSettings/SimulationEnvironmentAssetsManager.asset
  artifactKey: Guid(09044cd666f9a80499f295b53414efd6) Importer(2089858483,0ecaa5967403d082aa24f35e1b516d23)
Start importing Assets/LUTE/ThirdPartyAssets/XR/UserSimulationSettings/SimulationEnvironmentAssetsManager.asset using Guid(09044cd666f9a80499f295b53414efd6) Importer(2089858483,0ecaa5967403d082aa24f35e1b516d23) (ScriptedImporter) -> (artifact id: '73cbaf8bd4fe5d957e548e8da85678ea') in 0.0378081 seconds
Number of updated asset objects reloaded before import = 0Number of asset objects unloaded after import = 1

========================================================================
Received Import Request.
  Time since last request: 0.000026 seconds.
  path: Assets/LUTE_Starter Scenes/Mapbox/Core/cheap-ruler-cs/CheapRuler.cs
  artifactKey: Guid(70ae2609c58a0494fa3d7f9f58915037) Importer(2089858483,0ecaa5967403d082aa24f35e1b516d23)
Start importing Assets/LUTE_Starter Scenes/Mapbox/Core/cheap-ruler-cs/CheapRuler.cs using Guid(70ae2609c58a0494fa3d7f9f58915037) Importer(2089858483,0ecaa5967403d082aa24f35e1b516d23) (ScriptedImporter) -> (artifact id: 'c336f495b16aa11a8ecadb1e7530ffde') in 0.0228977 seconds
Number of updated asset objects reloaded before import = 0Number of asset objects unloaded after import = 0

========================================================================
Received Import Request.
  Time since last request: 0.000123 seconds.
  path: Assets/LUTE/ThirdPartyAssets/XR/Settings/ARCoreSettings.asset
  artifactKey: Guid(a3b44f079399f1e40bf8b146f79bb5bc) Importer(2089858483,0ecaa5967403d082aa24f35e1b516d23)
Start importing Assets/LUTE/ThirdPartyAssets/XR/Settings/ARCoreSettings.asset using Guid(a3b44f079399f1e40bf8b146f79bb5bc) Importer(2089858483,0ecaa5967403d082aa24f35e1b516d23) (ScriptedImporter) -> (artifact id: '46c242086faf7c100090d2221c60f859') in 0.0310572 seconds
Number of updated asset objects reloaded before import = 0Number of asset objects unloaded after import = 1

========================================================================
Received Import Request.
  Time since last request: 0.000027 seconds.
  path: Assets/LUTE/ThirdPartyAssets/XR/Loaders/OpenXRLoader.asset
  artifactKey: Guid(6831663c85fcfd645a057e6cee3acd31) Importer(2089858483,0ecaa5967403d082aa24f35e1b516d23)
Start importing Assets/LUTE/ThirdPartyAssets/XR/Loaders/OpenXRLoader.asset using Guid(6831663c85fcfd645a057e6cee3acd31) Importer(2089858483,0ecaa5967403d082aa24f35e1b516d23) (ScriptedImporter) -> (artifact id: 'f8f33e9ea89ed1882d58da2d49df31b7') in 0.0254065 seconds
Number of updated asset objects reloaded before import = 0Number of asset objects unloaded after import = 1

========================================================================
Received Import Request.
  Time since last request: 0.000146 seconds.
  path: Assets/LUTE/ThirdPartyAssets/LeanTween/Testing/TestingRotate.unity
  artifactKey: Guid(88db57df867844767a1535ae3671ae36) Importer(2089858483,0ecaa5967403d082aa24f35e1b516d23)
Start importing Assets/LUTE/ThirdPartyAssets/LeanTween/Testing/TestingRotate.unity using Guid(88db57df867844767a1535ae3671ae36) Importer(2089858483,0ecaa5967403d082aa24f35e1b516d23) (ScriptedImporter) -> (artifact id: 'f7b6ac24af5cf3f57a4db2985757859f') in 0.01879 seconds
Number of updated asset objects reloaded before import = 0Number of asset objects unloaded after import = 1

========================================================================
Received Import Request.
  Time since last request: 0.000020 seconds.
  path: Assets/LUTE/ThirdPartyAssets/LeanTween/Testing/TestingSceneSwitchingSettings.lighting
  artifactKey: Guid(6a8e0761c548895418c4b66b2489fb4f) Importer(2089858483,0ecaa5967403d082aa24f35e1b516d23)
Start importing Assets/LUTE/ThirdPartyAssets/LeanTween/Testing/TestingSceneSwitchingSettings.lighting using Guid(6a8e0761c548895418c4b66b2489fb4f) Importer(2089858483,0ecaa5967403d082aa24f35e1b516d23) (ScriptedImporter) -> (artifact id: 'a8c2062128fb90b6b497f63919b05cd0') in 0.0490141 seconds
Number of updated asset objects reloaded before import = 0Number of asset objects unloaded after import = 1

========================================================================
Received Import Request.
  Time since last request: 0.000018 seconds.
  path: Assets/LUTE_Starter Scenes/Mapbox/Examples/Prefabs/ReloadMapCanvas.prefab
  artifactKey: Guid(00f5bf1ff996842fc82384f8f686fda6) Importer(2089858483,0ecaa5967403d082aa24f35e1b516d23)
Start importing Assets/LUTE_Starter Scenes/Mapbox/Examples/Prefabs/ReloadMapCanvas.prefab using Guid(00f5bf1ff996842fc82384f8f686fda6) Importer(2089858483,0ecaa5967403d082aa24f35e1b516d23) (ScriptedImporter) -> (artifact id: '7bf7fe91bed7efcac668fc72bcfc4f43') in 0.0663865 seconds
Number of updated asset objects reloaded before import = 0Number of asset objects unloaded after import = 62

========================================================================
Received Import Request.
  Time since last request: 0.000028 seconds.
  path: Assets/LUTE/ThirdPartyAssets/LeanTween/Testing/Testing248.cs
  artifactKey: Guid(7f5c695e16dcb45d0a13ed0d3c75aae2) Importer(2089858483,0ecaa5967403d082aa24f35e1b516d23)
Start importing Assets/LUTE/ThirdPartyAssets/LeanTween/Testing/Testing248.cs using Guid(7f5c695e16dcb45d0a13ed0d3c75aae2) Importer(2089858483,0ecaa5967403d082aa24f35e1b516d23) (ScriptedImporter) -> (artifact id: '4ab192af8db646ec7e1743f8ac26461b') in 0.0166406 seconds
Number of updated asset objects reloaded before import = 0Number of asset objects unloaded after import = 0

========================================================================
Received Import Request.
  Time since last request: 0.000078 seconds.
  path: Assets/LUTE/ThirdPartyAssets/LeanTween/Testing/TestingMaxTweensSettings.lighting
  artifactKey: Guid(b93c2e6c531ee104e8219daf1c78253a) Importer(2089858483,0ecaa5967403d082aa24f35e1b516d23)
Start importing Assets/LUTE/ThirdPartyAssets/LeanTween/Testing/TestingMaxTweensSettings.lighting using Guid(b93c2e6c531ee104e8219daf1c78253a) Importer(2089858483,0ecaa5967403d082aa24f35e1b516d23) (ScriptedImporter) -> (artifact id: '5a2659758f0ec348d3e75a0d9d945590') in 0.0415914 seconds
Number of updated asset objects reloaded before import = 0Number of asset objects unloaded after import = 1

========================================================================
Received Import Request.
  Time since last request: 0.000027 seconds.
  path: Assets/LUTE_Starter Scenes/Mapbox/Examples/4_ReplaceFeatures/ReplaceFeatures.unity
  artifactKey: Guid(54d1b7ee40bee49559dd74210c7d5a57) Importer(2089858483,0ecaa5967403d082aa24f35e1b516d23)
Start importing Assets/LUTE_Starter Scenes/Mapbox/Examples/4_ReplaceFeatures/ReplaceFeatures.unity using Guid(54d1b7ee40bee49559dd74210c7d5a57) Importer(2089858483,0ecaa5967403d082aa24f35e1b516d23) (ScriptedImporter) -> (artifact id: '907b876a390cea0a692c3c91f553a74d') in 0.0241212 seconds
Number of updated asset objects reloaded before import = 0Number of asset objects unloaded after import = 1

========================================================================
Received Import Request.
  Time since last request: 0.000018 seconds.
  path: Assets/LUTE/ThirdPartyAssets/XR/Temp/XRSimulationRuntimeSettings.asset
  artifactKey: Guid(29bb3a61c25f0a04dade2e3b83780c38) Importer(2089858483,0ecaa5967403d082aa24f35e1b516d23)
Start importing Assets/LUTE/ThirdPartyAssets/XR/Temp/XRSimulationRuntimeSettings.asset using Guid(29bb3a61c25f0a04dade2e3b83780c38) Importer(2089858483,0ecaa5967403d082aa24f35e1b516d23) (ScriptedImporter) -> (artifact id: 'd032c1b5e188d4b801ceded96bc71087') in 0.0351012 seconds
Number of updated asset objects reloaded before import = 0Number of asset objects unloaded after import = 1

========================================================================
Received Import Request.
  Time since last request: 0.000034 seconds.
  path: Assets/LUTE_Starter Scenes/Mapbox/Examples/Resources/Bush.prefab
  artifactKey: Guid(3a36803f92a1f4fb98a10f9d00e184bc) Importer(2089858483,0ecaa5967403d082aa24f35e1b516d23)
Start importing Assets/LUTE_Starter Scenes/Mapbox/Examples/Resources/Bush.prefab using Guid(3a36803f92a1f4fb98a10f9d00e184bc) Importer(2089858483,0ecaa5967403d082aa24f35e1b516d23) (ScriptedImporter) -> (artifact id: 'b17d6ed81afacaa46e7229bf55ce88bb') in 0.0327409 seconds
Number of updated asset objects reloaded before import = 0Number of asset objects unloaded after import = 9

========================================================================
Received Import Request.
  Time since last request: 0.000025 seconds.
  path: Assets/LUTE/Resources/Textures/qouteBox.png
  artifactKey: Guid(24b2ea75dd580804180127e8f4050d9e) Importer(2089858483,0ecaa5967403d082aa24f35e1b516d23)
Start importing Assets/LUTE/Resources/Textures/qouteBox.png using Guid(24b2ea75dd580804180127e8f4050d9e) Importer(2089858483,0ecaa5967403d082aa24f35e1b516d23) (ScriptedImporter) -> (artifact id: '15a8c9fc43ec0f824fcc78c5fee558e4') in 0.0957699 seconds
Number of updated asset objects reloaded before import = 0Number of asset objects unloaded after import = 3

========================================================================
Received Import Request.
  Time since last request: 0.000025 seconds.
  path: Assets/LUTE_Starter Scenes/Mapbox/Examples/Resources/TransparentOrangeMaterial.mat
  artifactKey: Guid(65fb5c4ce7e4e4e1bbd063bbb561cde7) Importer(2089858483,0ecaa5967403d082aa24f35e1b516d23)
Start importing Assets/LUTE_Starter Scenes/Mapbox/Examples/Resources/TransparentOrangeMaterial.mat using Guid(65fb5c4ce7e4e4e1bbd063bbb561cde7) Importer(2089858483,0ecaa5967403d082aa24f35e1b516d23) (ScriptedImporter) -> (artifact id: '055d8f26739f12a32f6800c453f112be') in 0.0789784 seconds
Number of updated asset objects reloaded before import = 0Number of asset objects unloaded after import = 1

========================================================================
Received Import Request.
  Time since last request: 0.000036 seconds.
  path: Assets/LUTE_Starter Scenes/Mapbox/Examples/_sharedModules/PoiDemo3dPoiVisualizer.asset
  artifactKey: Guid(a493b030d561f34448a13f55bec8b7fc) Importer(2089858483,0ecaa5967403d082aa24f35e1b516d23)
Start importing Assets/LUTE_Starter Scenes/Mapbox/Examples/_sharedModules/PoiDemo3dPoiVisualizer.asset using Guid(a493b030d561f34448a13f55bec8b7fc) Importer(2089858483,0ecaa5967403d082aa24f35e1b516d23) (ScriptedImporter) -> (artifact id: '4009d1356b5a459e75533756223adff2') in 0.0309759 seconds
Number of updated asset objects reloaded before import = 0Number of asset objects unloaded after import = 1

========================================================================
Received Import Request.
  Time since last request: 0.000024 seconds.
  path: Assets/LUTE_Starter Scenes/Mapbox/Unity/Editor/FeatureSubLayerTreeView.cs
  artifactKey: Guid(6959c2320c56c4d89be4ff0e9d2a1b73) Importer(2089858483,0ecaa5967403d082aa24f35e1b516d23)
Start importing Assets/LUTE_Starter Scenes/Mapbox/Unity/Editor/FeatureSubLayerTreeView.cs using Guid(6959c2320c56c4d89be4ff0e9d2a1b73) Importer(2089858483,0ecaa5967403d082aa24f35e1b516d23) (ScriptedImporter) -> (artifact id: 'ee462071212fabfdfbb1229be34e2d0e') in 0.0218005 seconds
Number of updated asset objects reloaded before import = 0Number of asset objects unloaded after import = 0

========================================================================
Received Import Request.
  Time since last request: 0.000027 seconds.
  path: Assets/LUTE_Starter Scenes/Mapbox/Unity/DataContainers/MapLocationOptions.cs
  artifactKey: Guid(53cdeb2ee544b4361845e801728f9950) Importer(2089858483,0ecaa5967403d082aa24f35e1b516d23)
Start importing Assets/LUTE_Starter Scenes/Mapbox/Unity/DataContainers/MapLocationOptions.cs using Guid(53cdeb2ee544b4361845e801728f9950) Importer(2089858483,0ecaa5967403d082aa24f35e1b516d23) (ScriptedImporter) -> (artifact id: 'b4e46151ab82f0144204f44ed8e3aeae') in 0.0214557 seconds
Number of updated asset objects reloaded before import = 0Number of asset objects unloaded after import = 0

========================================================================
Received Import Request.
  Time since last request: 0.000061 seconds.
  path: Assets/LUTE_Starter Scenes/Mapbox/Unity/Editor/MapboxConfigurationWindow.cs
  artifactKey: Guid(276c74102975f4a52b0d286bdb580c2e) Importer(2089858483,0ecaa5967403d082aa24f35e1b516d23)
Start importing Assets/LUTE_Starter Scenes/Mapbox/Unity/Editor/MapboxConfigurationWindow.cs using Guid(276c74102975f4a52b0d286bdb580c2e) Importer(2089858483,0ecaa5967403d082aa24f35e1b516d23) (ScriptedImporter) -> (artifact id: '790b977391d4a887a12d3a56f70c91ce') in 0.0212922 seconds
Number of updated asset objects reloaded before import = 0Number of asset objects unloaded after import = 0

========================================================================
Received Import Request.
  Time since last request: 0.000074 seconds.
  path: Assets/LUTE_Starter Scenes/Mapbox/Examples/Scripts/TrafficUvAnimator.cs
  artifactKey: Guid(e63ef20f8dd90df4789bc9f4d8d22083) Importer(2089858483,0ecaa5967403d082aa24f35e1b516d23)
Start importing Assets/LUTE_Starter Scenes/Mapbox/Examples/Scripts/TrafficUvAnimator.cs using Guid(e63ef20f8dd90df4789bc9f4d8d22083) Importer(2089858483,0ecaa5967403d082aa24f35e1b516d23) (ScriptedImporter) -> (artifact id: 'ae975395706cf3399bb083f0959cb506') in 0.0183917 seconds
Number of updated asset objects reloaded before import = 0Number of asset objects unloaded after import = 0

========================================================================
Received Import Request.
  Time since last request: 0.000051 seconds.
  path: Assets/LUTE_Starter Scenes/Mapbox/Examples/_sharedModules/TerrainBuildingStack.asset
  artifactKey: Guid(11b79b69f7d364409b9f32b249c41b82) Importer(2089858483,0ecaa5967403d082aa24f35e1b516d23)
Start importing Assets/LUTE_Starter Scenes/Mapbox/Examples/_sharedModules/TerrainBuildingStack.asset using Guid(11b79b69f7d364409b9f32b249c41b82) Importer(2089858483,0ecaa5967403d082aa24f35e1b516d23) (ScriptedImporter) -> (artifact id: 'a7bbf8052b993e4174a0a6d9f856b624') in 0.0772614 seconds
Number of updated asset objects reloaded before import = 0Number of asset objects unloaded after import = 6

========================================================================
Received Import Request.
  Time since last request: 0.000021 seconds.
  path: Assets/LUTE_Starter Scenes/Mapbox/Examples/Scripts/ImmediatePositionWithLocationProvider.cs
  artifactKey: Guid(7760043eea2cd452ba7117f2c97e0038) Importer(2089858483,0ecaa5967403d082aa24f35e1b516d23)
Start importing Assets/LUTE_Starter Scenes/Mapbox/Examples/Scripts/ImmediatePositionWithLocationProvider.cs using Guid(7760043eea2cd452ba7117f2c97e0038) Importer(2089858483,0ecaa5967403d082aa24f35e1b516d23) (ScriptedImporter) -> (artifact id: '430ce10117e2dd1a8bfa47afa963375e') in 0.0197439 seconds
Number of updated asset objects reloaded before import = 0Number of asset objects unloaded after import = 0

========================================================================
Received Import Request.
  Time since last request: 0.000047 seconds.
  path: Assets/LUTE_Starter Scenes/Mapbox/Examples/Textures/RoundCornerStroke.png
  artifactKey: Guid(57f0feb9c22325a428aed5b9785af52a) Importer(2089858483,0ecaa5967403d082aa24f35e1b516d23)
Start importing Assets/LUTE_Starter Scenes/Mapbox/Examples/Textures/RoundCornerStroke.png using Guid(57f0feb9c22325a428aed5b9785af52a) Importer(2089858483,0ecaa5967403d082aa24f35e1b516d23) (ScriptedImporter) -> (artifact id: 'eab4098bdd4cfba5c46b4ca645587bdd') in 0.0321774 seconds
Number of updated asset objects reloaded before import = 0Number of asset objects unloaded after import = 3

========================================================================
Received Import Request.
  Time since last request: 0.000025 seconds.
  path: Assets/LUTE_Starter Scenes/Mapbox/Examples/Textures/SharpCornerFill.png
  artifactKey: Guid(1a7e8c44c480f4dc7abb2af0695e76a5) Importer(2089858483,0ecaa5967403d082aa24f35e1b516d23)
Start importing Assets/LUTE_Starter Scenes/Mapbox/Examples/Textures/SharpCornerFill.png using Guid(1a7e8c44c480f4dc7abb2af0695e76a5) Importer(2089858483,0ecaa5967403d082aa24f35e1b516d23) (ScriptedImporter) -> (artifact id: 'd19a75446a29eaf828a17a14ff3bdc99') in 0.0410517 seconds
Number of updated asset objects reloaded before import = 0Number of asset objects unloaded after import = 1

========================================================================
Received Import Request.
  Time since last request: 0.000266 seconds.
  path: Assets/LUTE_Starter Scenes/Mapbox/Examples/Scripts/PoiMarkerHelper.cs
  artifactKey: Guid(73a4653526c970849afac4be5c5930ba) Importer(2089858483,0ecaa5967403d082aa24f35e1b516d23)
Start importing Assets/LUTE_Starter Scenes/Mapbox/Examples/Scripts/PoiMarkerHelper.cs using Guid(73a4653526c970849afac4be5c5930ba) Importer(2089858483,0ecaa5967403d082aa24f35e1b516d23) (ScriptedImporter) -> (artifact id: '9138be0c42e60342cbf8165f15356d2f') in 0.0184191 seconds
Number of updated asset objects reloaded before import = 0Number of asset objects unloaded after import = 0

========================================================================
Received Import Request.
  Time since last request: 0.000076 seconds.
  path: Assets/LUTE_Starter Scenes/Mapbox/Examples/_sharedModules/TransparentBlueSelectablePolygonStack.asset
  artifactKey: Guid(8c7bd733341fc0a47bfbaea08b5f15ba) Importer(2089858483,0ecaa5967403d082aa24f35e1b516d23)
Start importing Assets/LUTE_Starter Scenes/Mapbox/Examples/_sharedModules/TransparentBlueSelectablePolygonStack.asset using Guid(8c7bd733341fc0a47bfbaea08b5f15ba) Importer(2089858483,0ecaa5967403d082aa24f35e1b516d23) (ScriptedImporter) -> (artifact id: 'b2d7a501d4e184d71d0392808ec6cd54') in 0.0556721 seconds
Number of updated asset objects reloaded before import = 0Number of asset objects unloaded after import = 8

========================================================================
Received Import Request.
  Time since last request: 0.000019 seconds.
  path: Assets/LUTE_Starter Scenes/Mapbox/Unity/DataContainers/SpawnPrefabOptions.cs
  artifactKey: Guid(ae0dbe1711e344fd9908394c6270d93a) Importer(2089858483,0ecaa5967403d082aa24f35e1b516d23)
Start importing Assets/LUTE_Starter Scenes/Mapbox/Unity/DataContainers/SpawnPrefabOptions.cs using Guid(ae0dbe1711e344fd9908394c6270d93a) Importer(2089858483,0ecaa5967403d082aa24f35e1b516d23) (ScriptedImporter) -> (artifact id: 'c4e319616009cf345d6fb54b0ae9a30b') in 0.0216572 seconds
Number of updated asset objects reloaded before import = 0Number of asset objects unloaded after import = 0

========================================================================
Received Import Request.
  Time since last request: 0.000069 seconds.
  path: Assets/LUTE_Starter Scenes/Mapbox/Examples/_sharedModules/ScenicMapImageFactory.asset
  artifactKey: Guid(4304eeeba74ed4e48a435f96d9076abc) Importer(2089858483,0ecaa5967403d082aa24f35e1b516d23)
Start importing Assets/LUTE_Starter Scenes/Mapbox/Examples/_sharedModules/ScenicMapImageFactory.asset using Guid(4304eeeba74ed4e48a435f96d9076abc) Importer(2089858483,0ecaa5967403d082aa24f35e1b516d23) (ScriptedImporter) -> (artifact id: 'a4fddcf70db6fe50fc85730de0582e2e') in 0.0319473 seconds
Number of updated asset objects reloaded before import = 0Number of asset objects unloaded after import = 1

========================================================================
Received Import Request.
  Time since last request: 0.000025 seconds.
  path: Assets/LUTE_Starter Scenes/Mapbox/Resources/Mapbox/PrefabList.asset
  artifactKey: Guid(8d2ff5cb743b345f4a7ff8b3cdc69f27) Importer(2089858483,0ecaa5967403d082aa24f35e1b516d23)
Start importing Assets/LUTE_Starter Scenes/Mapbox/Resources/Mapbox/PrefabList.asset using Guid(8d2ff5cb743b345f4a7ff8b3cdc69f27) Importer(2089858483,0ecaa5967403d082aa24f35e1b516d23) (ScriptedImporter) -> (artifact id: '4769aca4bc9125d6470a983bb8e975cf') in 0.0634298 seconds
Number of updated asset objects reloaded before import = 0Number of asset objects unloaded after import = 12

========================================================================
Received Import Request.
  Time since last request: 0.000034 seconds.
  path: Assets/LUTE_Starter Scenes/Mapbox/Examples/Textures/LeftRoundCornerFill.png
  artifactKey: Guid(30e7307438b5b411ea17484304ecabf5) Importer(2089858483,0ecaa5967403d082aa24f35e1b516d23)
Start importing Assets/LUTE_Starter Scenes/Mapbox/Examples/Textures/LeftRoundCornerFill.png using Guid(30e7307438b5b411ea17484304ecabf5) Importer(2089858483,0ecaa5967403d082aa24f35e1b516d23) (ScriptedImporter) -> (artifact id: 'e0389656ac573e7d7ba4fe92da693ac1') in 0.0403795 seconds
Number of updated asset objects reloaded before import = 0Number of asset objects unloaded after import = 1

========================================================================
Received Import Request.
  Time since last request: 0.000037 seconds.
  path: Assets/LUTE_Starter Scenes/Mapbox/Examples/_sharedModules/DirectionsHeight.asset
  artifactKey: Guid(cd4bcff551c0d418997f52b78da87a0e) Importer(2089858483,0ecaa5967403d082aa24f35e1b516d23)
Start importing Assets/LUTE_Starter Scenes/Mapbox/Examples/_sharedModules/DirectionsHeight.asset using Guid(cd4bcff551c0d418997f52b78da87a0e) Importer(2089858483,0ecaa5967403d082aa24f35e1b516d23) (ScriptedImporter) -> (artifact id: 'be35d5dd2325cf0d221c44d54d09ad10') in 0.0198793 seconds
Number of updated asset objects reloaded before import = 0Number of asset objects unloaded after import = 1

========================================================================
Received Import Request.
  Time since last request: 0.000016 seconds.
  path: Assets/LUTE_Starter Scenes/Mapbox/Examples/_sharedModules/FeatureBehaviourModifier.asset
  artifactKey: Guid(69c9fbc203d6e934ea944041d43ea709) Importer(2089858483,0ecaa5967403d082aa24f35e1b516d23)
Start importing Assets/LUTE_Starter Scenes/Mapbox/Examples/_sharedModules/FeatureBehaviourModifier.asset using Guid(69c9fbc203d6e934ea944041d43ea709) Importer(2089858483,0ecaa5967403d082aa24f35e1b516d23) (ScriptedImporter) -> (artifact id: '2b5e3305fe8bd77e2ba3fa137a8c7888') in 0.0307629 seconds
Number of updated asset objects reloaded before import = 0Number of asset objects unloaded after import = 1

========================================================================
Received Import Request.
  Time since last request: 1.322121 seconds.
  path: Assets/LUTE_Starter Scenes/Mapbox/Unity/Editor/ScenesListEditor.cs
  artifactKey: Guid(20eb09b18012847c4a8c6108c22995a3) Importer(2089858483,0ecaa5967403d082aa24f35e1b516d23)
Start importing Assets/LUTE_Starter Scenes/Mapbox/Unity/Editor/ScenesListEditor.cs using Guid(20eb09b18012847c4a8c6108c22995a3) Importer(2089858483,0ecaa5967403d082aa24f35e1b516d23) (ScriptedImporter) -> (artifact id: '1ae6ede1c370d73d3a6f03aab2ed1d74') in 0.017272 seconds
Number of updated asset objects reloaded before import = 0Number of asset objects unloaded after import = 0

========================================================================
Received Import Request.
  Time since last request: 0.000034 seconds.
  path: Assets/LUTE_Starter Scenes/Mapbox/Unity/Styling/ScriptablePalette.cs
  artifactKey: Guid(324a61621a4444024b4a9423715bd22b) Importer(2089858483,0ecaa5967403d082aa24f35e1b516d23)
Start importing Assets/LUTE_Starter Scenes/Mapbox/Unity/Styling/ScriptablePalette.cs using Guid(324a61621a4444024b4a9423715bd22b) Importer(2089858483,0ecaa5967403d082aa24f35e1b516d23) (ScriptedImporter) -> (artifact id: '51fa8585cd4d8d382640805408a319ce') in 0.0185875 seconds
Number of updated asset objects reloaded before import = 0Number of asset objects unloaded after import = 0

========================================================================
Received Import Request.
  Time since last request: 0.000378 seconds.
  path: Assets/LUTE_Starter Scenes/Sprites/UI/Inventory/Icons.png
  artifactKey: Guid(075289b53d2214247aaee342cc134414) Importer(2089858483,0ecaa5967403d082aa24f35e1b516d23)
Start importing Assets/LUTE_Starter Scenes/Sprites/UI/Inventory/Icons.png using Guid(075289b53d2214247aaee342cc134414) Importer(2089858483,0ecaa5967403d082aa24f35e1b516d23) (ScriptedImporter) -> (artifact id: 'ea16b110367e170bde11f690b93bdf7d') in 0.065665 seconds
Number of updated asset objects reloaded before import = 0Number of asset objects unloaded after import = 15

========================================================================
Received Import Request.
  Time since last request: 0.000024 seconds.
  path: Assets/LUTE_Starter Scenes/Mapbox/Unity/SourceLayers/MapboxDefaultImagery.cs
  artifactKey: Guid(2ae5c1afa3223459b8343ea6c6d580a2) Importer(2089858483,0ecaa5967403d082aa24f35e1b516d23)
Start importing Assets/LUTE_Starter Scenes/Mapbox/Unity/SourceLayers/MapboxDefaultImagery.cs using Guid(2ae5c1afa3223459b8343ea6c6d580a2) Importer(2089858483,0ecaa5967403d082aa24f35e1b516d23) (ScriptedImporter) -> (artifact id: 'a2125a267f4cb108c783728f238fa04c') in 0.0187583 seconds
Number of updated asset objects reloaded before import = 0Number of asset objects unloaded after import = 0

========================================================================
Received Import Request.
  Time since last request: 0.000041 seconds.
  path: Assets/LUTE/ThirdPartyAssets/InventoryEngine/MMTools/MMInstantiation/MMSpawnAroundTester.cs
  artifactKey: Guid(25aad3ee60dba574fb749c6ea78d559d) Importer(2089858483,0ecaa5967403d082aa24f35e1b516d23)
Start importing Assets/LUTE/ThirdPartyAssets/InventoryEngine/MMTools/MMInstantiation/MMSpawnAroundTester.cs using Guid(25aad3ee60dba574fb749c6ea78d559d) Importer(2089858483,0ecaa5967403d082aa24f35e1b516d23) (ScriptedImporter) -> (artifact id: 'ab60d2610e56ec64a50cd2992e38c6fb') in 0.0216841 seconds
Number of updated asset objects reloaded before import = 0Number of asset objects unloaded after import = 0

========================================================================
Received Import Request.
  Time since last request: 0.000034 seconds.
  path: Assets/LUTE_Starter Scenes/Mapbox/Unity/SourceLayers/ISubLayerLightStyle.cs
  artifactKey: Guid(ad0c9ea89e78e425491adfc13c5cc0c0) Importer(2089858483,0ecaa5967403d082aa24f35e1b516d23)
Start importing Assets/LUTE_Starter Scenes/Mapbox/Unity/SourceLayers/ISubLayerLightStyle.cs using Guid(ad0c9ea89e78e425491adfc13c5cc0c0) Importer(2089858483,0ecaa5967403d082aa24f35e1b516d23) (ScriptedImporter) -> (artifact id: 'b61852c87244fe046dac93533ca60255') in 0.0173832 seconds
Number of updated asset objects reloaded before import = 0Number of asset objects unloaded after import = 0

========================================================================
Received Import Request.
  Time since last request: 0.000086 seconds.
  path: Assets/LUTE_Starter Scenes/Mapbox/Unity/Utilities/AndroidSettings.cs
  artifactKey: Guid(0e89e010c4fa7c04f9cdfc02a5775e35) Importer(2089858483,0ecaa5967403d082aa24f35e1b516d23)
Start importing Assets/LUTE_Starter Scenes/Mapbox/Unity/Utilities/AndroidSettings.cs using Guid(0e89e010c4fa7c04f9cdfc02a5775e35) Importer(2089858483,0ecaa5967403d082aa24f35e1b516d23) (ScriptedImporter) -> (artifact id: '140cbd22969010a7e81d5568b2f8e0d6') in 0.0174395 seconds
Number of updated asset objects reloaded before import = 0Number of asset objects unloaded after import = 0

========================================================================
Received Import Request.
  Time since last request: 0.000057 seconds.
  path: Assets/LUTE_Starter Scenes/Mapbox/Unity/LayerProperties/CoreVectorLayerProperties.cs
  artifactKey: Guid(e8e0a452aae974d349c48ba51e8cbfff) Importer(2089858483,0ecaa5967403d082aa24f35e1b516d23)
Start importing Assets/LUTE_Starter Scenes/Mapbox/Unity/LayerProperties/CoreVectorLayerProperties.cs using Guid(e8e0a452aae974d349c48ba51e8cbfff) Importer(2089858483,0ecaa5967403d082aa24f35e1b516d23) (ScriptedImporter) -> (artifact id: '385360543581c466b23dc54b89f1da58') in 0.0188004 seconds
Number of updated asset objects reloaded before import = 0Number of asset objects unloaded after import = 0

========================================================================
Received Import Request.
  Time since last request: 0.000049 seconds.
  path: Assets/LUTE_Starter Scenes/Mapbox/Unity/SourceLayers/SubLayerBehaviorModifiers.cs
  artifactKey: Guid(4777224cd8804cc09e27cec98766a375) Importer(2089858483,0ecaa5967403d082aa24f35e1b516d23)
Start importing Assets/LUTE_Starter Scenes/Mapbox/Unity/SourceLayers/SubLayerBehaviorModifiers.cs using Guid(4777224cd8804cc09e27cec98766a375) Importer(2089858483,0ecaa5967403d082aa24f35e1b516d23) (ScriptedImporter) -> (artifact id: 'cda8119ebd8c252fd9f62d15db76d3e6') in 0.0184508 seconds
Number of updated asset objects reloaded before import = 0Number of asset objects unloaded after import = 0

========================================================================
Received Import Request.
  Time since last request: 0.000057 seconds.
  path: Assets/LUTE_Starter Scenes/Mapbox/Unity/SourceLayers/ISubLayerExtrusionOptions.cs
  artifactKey: Guid(585a84b1db824dd4840e111be54f229e) Importer(2089858483,0ecaa5967403d082aa24f35e1b516d23)
Start importing Assets/LUTE_Starter Scenes/Mapbox/Unity/SourceLayers/ISubLayerExtrusionOptions.cs using Guid(585a84b1db824dd4840e111be54f229e) Importer(2089858483,0ecaa5967403d082aa24f35e1b516d23) (ScriptedImporter) -> (artifact id: '5914e9f39611845ccd91698885246bbd') in 0.020945 seconds
Number of updated asset objects reloaded before import = 0Number of asset objects unloaded after import = 0

========================================================================
Received Import Request.
  Time since last request: 0.000027 seconds.
  path: Assets/LUTE/ThirdPartyAssets/InventoryEngine/MMTools/MMAttributes/MMDebugLogCommandArgumentCountAttribute.cs
  artifactKey: Guid(cdec9bf9a59856c48a9bd8fe7caaedc7) Importer(2089858483,0ecaa5967403d082aa24f35e1b516d23)
Start importing Assets/LUTE/ThirdPartyAssets/InventoryEngine/MMTools/MMAttributes/MMDebugLogCommandArgumentCountAttribute.cs using Guid(cdec9bf9a59856c48a9bd8fe7caaedc7) Importer(2089858483,0ecaa5967403d082aa24f35e1b516d23) (ScriptedImporter) -> (artifact id: '2f85a1ffb834b9984efd9aa36d01be8c') in 0.0195408 seconds
Number of updated asset objects reloaded before import = 0Number of asset objects unloaded after import = 0

========================================================================
Received Import Request.
  Time since last request: 0.000052 seconds.
  path: Assets/LUTE/ThirdPartyAssets/InventoryEngine/MMTools/MMEvents/MMEventManager.cs
  artifactKey: Guid(7e05480e454f546b4b1780169ecf2d6c) Importer(2089858483,0ecaa5967403d082aa24f35e1b516d23)
Start importing Assets/LUTE/ThirdPartyAssets/InventoryEngine/MMTools/MMEvents/MMEventManager.cs using Guid(7e05480e454f546b4b1780169ecf2d6c) Importer(2089858483,0ecaa5967403d082aa24f35e1b516d23) (ScriptedImporter) -> (artifact id: 'f123657f91251bd032614d36c72d7013') in 0.0199879 seconds
Number of updated asset objects reloaded before import = 0Number of asset objects unloaded after import = 0

========================================================================
Received Import Request.
  Time since last request: 0.000068 seconds.
  path: Assets/LUTE/ThirdPartyAssets/InventoryEngine/MMTools/MMExtensions/MMArrayExtensions.cs
  artifactKey: Guid(a6e5aa704bd68fb42a198fccd658dbfb) Importer(2089858483,0ecaa5967403d082aa24f35e1b516d23)
Start importing Assets/LUTE/ThirdPartyAssets/InventoryEngine/MMTools/MMExtensions/MMArrayExtensions.cs using Guid(a6e5aa704bd68fb42a198fccd658dbfb) Importer(2089858483,0ecaa5967403d082aa24f35e1b516d23) (ScriptedImporter) -> (artifact id: 'b99aa6f9f39ef0f92e6c8d70b6b52dd8') in 0.0185536 seconds
Number of updated asset objects reloaded before import = 0Number of asset objects unloaded after import = 0

========================================================================
Received Import Request.
  Time since last request: 0.000128 seconds.
  path: Assets/LUTE_Starter Scenes/Mapbox/Unity/SourceLayers/ISubLayerStyle.cs
  artifactKey: Guid(f1c42abc9a20244c8b46c1cbb234eacf) Importer(2089858483,0ecaa5967403d082aa24f35e1b516d23)
Start importing Assets/LUTE_Starter Scenes/Mapbox/Unity/SourceLayers/ISubLayerStyle.cs using Guid(f1c42abc9a20244c8b46c1cbb234eacf) Importer(2089858483,0ecaa5967403d082aa24f35e1b516d23) (ScriptedImporter) -> (artifact id: '8ac0e49eb2d1f983386a1a0f9d5b03cd') in 0.0195897 seconds
Number of updated asset objects reloaded before import = 0Number of asset objects unloaded after import = 0

========================================================================
Received Import Request.
  Time since last request: 0.000088 seconds.
  path: Assets/LUTE/ThirdPartyAssets/InventoryEngine/MMTools/MMAttributes/MMHiddenAttribute.cs
  artifactKey: Guid(171bddfe1b8d24a049ab93c4b4d2323d) Importer(2089858483,0ecaa5967403d082aa24f35e1b516d23)
Start importing Assets/LUTE/ThirdPartyAssets/InventoryEngine/MMTools/MMAttributes/MMHiddenAttribute.cs using Guid(171bddfe1b8d24a049ab93c4b4d2323d) Importer(2089858483,0ecaa5967403d082aa24f35e1b516d23) (ScriptedImporter) -> (artifact id: 'ebbf15acbf7bbea3a9f8aa1e7eeac126') in 0.0156077 seconds
Number of updated asset objects reloaded before import = 0Number of asset objects unloaded after import = 0

========================================================================
Received Import Request.
  Time since last request: 0.000200 seconds.
  path: Assets/LUTE_Starter Scenes/Mapbox/Unity/Location/Location.cs
  artifactKey: Guid(7811c4b9fcda44ce39a09952d7e0af04) Importer(2089858483,0ecaa5967403d082aa24f35e1b516d23)
Start importing Assets/LUTE_Starter Scenes/Mapbox/Unity/Location/Location.cs using Guid(7811c4b9fcda44ce39a09952d7e0af04) Importer(2089858483,0ecaa5967403d082aa24f35e1b516d23) (ScriptedImporter) -> (artifact id: '9873e0287079a5250e5642ea07bd70f9') in 0.0170132 seconds
Number of updated asset objects reloaded before import = 0Number of asset objects unloaded after import = 0

========================================================================
Received Import Request.
  Time since last request: 0.000161 seconds.
  path: Assets/LUTE_Starter Scenes/Scenes/Games/BasicGame/BasicGame.unity
  artifactKey: Guid(1c32c43aecfee754b9cd100f85c1d5c6) Importer(2089858483,0ecaa5967403d082aa24f35e1b516d23)
Start importing Assets/LUTE_Starter Scenes/Scenes/Games/BasicGame/BasicGame.unity using Guid(1c32c43aecfee754b9cd100f85c1d5c6) Importer(2089858483,0ecaa5967403d082aa24f35e1b516d23) (ScriptedImporter) -> (artifact id: '330755eb707a4b86eec59407e9c0d299') in 0.0165385 seconds
Number of updated asset objects reloaded before import = 0Number of asset objects unloaded after import = 1

========================================================================
Received Import Request.
  Time since last request: 0.000021 seconds.
  path: Assets/LUTE_Starter Scenes/Mapbox/Unity/Location/EditorLocationProvider.cs
  artifactKey: Guid(60712efc3153a4819b0c79437175846d) Importer(2089858483,0ecaa5967403d082aa24f35e1b516d23)
Start importing Assets/LUTE_Starter Scenes/Mapbox/Unity/Location/EditorLocationProvider.cs using Guid(60712efc3153a4819b0c79437175846d) Importer(2089858483,0ecaa5967403d082aa24f35e1b516d23) (ScriptedImporter) -> (artifact id: '99111fcd8408ef46964a7b59b10f25c3') in 0.0237568 seconds
Number of updated asset objects reloaded before import = 0Number of asset objects unloaded after import = 0

========================================================================
Received Import Request.
  Time since last request: 0.000231 seconds.
  path: Assets/LUTE/Resources/Textures/SaveSystem/Outline/loadOutline.png
  artifactKey: Guid(57a02caa640de31499f1cb75b8ff312c) Importer(2089858483,0ecaa5967403d082aa24f35e1b516d23)
Start importing Assets/LUTE/Resources/Textures/SaveSystem/Outline/loadOutline.png using Guid(57a02caa640de31499f1cb75b8ff312c) Importer(2089858483,0ecaa5967403d082aa24f35e1b516d23) (ScriptedImporter) -> (artifact id: 'b9f4dbda6e8450bcc66159c1cacc2f4b') in 0.0283572 seconds
Number of updated asset objects reloaded before import = 0Number of asset objects unloaded after import = 3

========================================================================
Received Import Request.
  Time since last request: 0.000017 seconds.
  path: Assets/LUTE_Starter Scenes/Sprites/UI/GamePreviews/cliffCover.jpg
  artifactKey: Guid(cf207451c47848844ae8174c8db43880) Importer(2089858483,0ecaa5967403d082aa24f35e1b516d23)
Start importing Assets/LUTE_Starter Scenes/Sprites/UI/GamePreviews/cliffCover.jpg using Guid(cf207451c47848844ae8174c8db43880) Importer(2089858483,0ecaa5967403d082aa24f35e1b516d23) (ScriptedImporter) -> (artifact id: '539ac229539657039f215c92a8e55004') in 0.0722871 seconds
Number of updated asset objects reloaded before import = 0Number of asset objects unloaded after import = 3

========================================================================
Received Import Request.
  Time since last request: 0.000023 seconds.
  path: Assets/LUTE_Starter Scenes/Sprites/UI/GamePreviews/dragIcon.png
  artifactKey: Guid(df418bcb44fb89c4792c2dd3cdb95d16) Importer(2089858483,0ecaa5967403d082aa24f35e1b516d23)
Start importing Assets/LUTE_Starter Scenes/Sprites/UI/GamePreviews/dragIcon.png using Guid(df418bcb44fb89c4792c2dd3cdb95d16) Importer(2089858483,0ecaa5967403d082aa24f35e1b516d23) (ScriptedImporter) -> (artifact id: 'ded07d02b9dd23a32748f3e38334dd6d') in 0.0623616 seconds
Number of updated asset objects reloaded before import = 0Number of asset objects unloaded after import = 3

========================================================================
Received Import Request.
  Time since last request: 0.000029 seconds.
  path: Assets/LUTE_Starter Scenes/Mapbox/Unity/Map/AbstractMap.cs
  artifactKey: Guid(cd961b1c9541a4cee99686069ecce852) Importer(2089858483,0ecaa5967403d082aa24f35e1b516d23)
Start importing Assets/LUTE_Starter Scenes/Mapbox/Unity/Map/AbstractMap.cs using Guid(cd961b1c9541a4cee99686069ecce852) Importer(2089858483,0ecaa5967403d082aa24f35e1b516d23) (ScriptedImporter) -> (artifact id: '62574671fa405328c8b53a7a1c54af4e') in 0.0182323 seconds
Number of updated asset objects reloaded before import = 0Number of asset objects unloaded after import = 0

========================================================================
Received Import Request.
  Time since last request: 0.000069 seconds.
  path: Assets/LUTE_Starter Scenes/Mapbox/Unity/Location/AbstractEditorLocationProvider.cs
  artifactKey: Guid(024ae57d3173e4e709dda27b793eb996) Importer(2089858483,0ecaa5967403d082aa24f35e1b516d23)
Start importing Assets/LUTE_Starter Scenes/Mapbox/Unity/Location/AbstractEditorLocationProvider.cs using Guid(024ae57d3173e4e709dda27b793eb996) Importer(2089858483,0ecaa5967403d082aa24f35e1b516d23) (ScriptedImporter) -> (artifact id: 'b6fa71a20d5520e149574ed0febd1c9c') in 0.0283415 seconds
Number of updated asset objects reloaded before import = 0Number of asset objects unloaded after import = 0

========================================================================
Received Import Request.
  Time since last request: 0.000032 seconds.
  path: Assets/LUTE_Starter Scenes/Mapbox/Unity/SourceLayers/ISubLayerCustomStyleTiled.cs
  artifactKey: Guid(dec23fe931b534e3aad750e71921d9f7) Importer(2089858483,0ecaa5967403d082aa24f35e1b516d23)
Start importing Assets/LUTE_Starter Scenes/Mapbox/Unity/SourceLayers/ISubLayerCustomStyleTiled.cs using Guid(dec23fe931b534e3aad750e71921d9f7) Importer(2089858483,0ecaa5967403d082aa24f35e1b516d23) (ScriptedImporter) -> (artifact id: 'cc4b1edd04adc121cbcbbc2efdbdf767') in 0.0205919 seconds
Number of updated asset objects reloaded before import = 0Number of asset objects unloaded after import = 0

========================================================================
Received Import Request.
  Time since last request: 0.000074 seconds.
  path: Assets/LUTE/ThirdPartyAssets/InventoryEngine/MMTools/MMHelpers/MMImage.cs
  artifactKey: Guid(7e19dbc2273664c2d8ff6566055a994b) Importer(2089858483,0ecaa5967403d082aa24f35e1b516d23)
Start importing Assets/LUTE/ThirdPartyAssets/InventoryEngine/MMTools/MMHelpers/MMImage.cs using Guid(7e19dbc2273664c2d8ff6566055a994b) Importer(2089858483,0ecaa5967403d082aa24f35e1b516d23) (ScriptedImporter) -> (artifact id: '4c9ec776c95687f2399c3356ba31c937') in 0.025158 seconds
Number of updated asset objects reloaded before import = 0Number of asset objects unloaded after import = 0

========================================================================
Received Import Request.
  Time since last request: 0.000068 seconds.
  path: Assets/LUTE_Starter Scenes/Mapbox/Unity/Telemetry/TelemetryWebgl.cs
  artifactKey: Guid(cd7351c4625584230b9b6fbe75e801ca) Importer(2089858483,0ecaa5967403d082aa24f35e1b516d23)
Start importing Assets/LUTE_Starter Scenes/Mapbox/Unity/Telemetry/TelemetryWebgl.cs using Guid(cd7351c4625584230b9b6fbe75e801ca) Importer(2089858483,0ecaa5967403d082aa24f35e1b516d23) (ScriptedImporter) -> (artifact id: '14d971f49f02a543dca98d4e119a6367') in 0.0189989 seconds
Number of updated asset objects reloaded before import = 0Number of asset objects unloaded after import = 0

========================================================================
Received Import Request.
  Time since last request: 0.000047 seconds.
  path: Assets/LUTE/ThirdPartyAssets/InventoryEngine/MMTools/MMHelpers/MMTilemap.cs
  artifactKey: Guid(71bd7b8dc6ab21844b34803a4084a56e) Importer(2089858483,0ecaa5967403d082aa24f35e1b516d23)
Start importing Assets/LUTE/ThirdPartyAssets/InventoryEngine/MMTools/MMHelpers/MMTilemap.cs using Guid(71bd7b8dc6ab21844b34803a4084a56e) Importer(2089858483,0ecaa5967403d082aa24f35e1b516d23) (ScriptedImporter) -> (artifact id: 'cf197b374fa6d89586fe899cee035136') in 0.0186568 seconds
Number of updated asset objects reloaded before import = 0Number of asset objects unloaded after import = 0

========================================================================
Received Import Request.
  Time since last request: 0.000053 seconds.
  path: Assets/LUTE_Starter Scenes/Sprites/UI/GamePreviews/BUMural.jpg
  artifactKey: Guid(60a12c7b23c4d1b42aef9511a36c42b2) Importer(2089858483,0ecaa5967403d082aa24f35e1b516d23)
Start importing Assets/LUTE_Starter Scenes/Sprites/UI/GamePreviews/BUMural.jpg using Guid(60a12c7b23c4d1b42aef9511a36c42b2) Importer(2089858483,0ecaa5967403d082aa24f35e1b516d23) (ScriptedImporter) -> (artifact id: 'af71db8cf729ffacc975ede7acd7ff08') in 0.0408931 seconds
Number of updated asset objects reloaded before import = 0Number of asset objects unloaded after import = 3

========================================================================
Received Import Request.
  Time since last request: 0.000027 seconds.
  path: Assets/LUTE/ThirdPartyAssets/InventoryEngine/MMTools/MMExtensions/MMListExtensions.cs
  artifactKey: Guid(273f85de13f3ea84a9fe0139daf01c37) Importer(2089858483,0ecaa5967403d082aa24f35e1b516d23)
Start importing Assets/LUTE/ThirdPartyAssets/InventoryEngine/MMTools/MMExtensions/MMListExtensions.cs using Guid(273f85de13f3ea84a9fe0139daf01c37) Importer(2089858483,0ecaa5967403d082aa24f35e1b516d23) (ScriptedImporter) -> (artifact id: '8bf5d633089c6b227566930dc78e9a57') in 0.0191618 seconds
Number of updated asset objects reloaded before import = 0Number of asset objects unloaded after import = 0

========================================================================
Received Import Request.
  Time since last request: 0.000047 seconds.
  path: Assets/LUTE_Starter Scenes/Mapbox/Unity/Editor/TreeViewWithTreeModel.cs
  artifactKey: Guid(394bf097e2dc943bd991d0cdf80f82ed) Importer(2089858483,0ecaa5967403d082aa24f35e1b516d23)
Start importing Assets/LUTE_Starter Scenes/Mapbox/Unity/Editor/TreeViewWithTreeModel.cs using Guid(394bf097e2dc943bd991d0cdf80f82ed) Importer(2089858483,0ecaa5967403d082aa24f35e1b516d23) (ScriptedImporter) -> (artifact id: 'be2069804dd393fce932440ce7fd5a0f') in 0.0216615 seconds
Number of updated asset objects reloaded before import = 0Number of asset objects unloaded after import = 0

========================================================================
Received Import Request.
  Time since last request: 0.000034 seconds.
  path: Assets/LUTE_Starter Scenes/Mapbox/Unity/Location/LocationProviderFactory.cs
  artifactKey: Guid(b55f37f9a6f7e44f7bb35e6bc3863847) Importer(2089858483,0ecaa5967403d082aa24f35e1b516d23)
Start importing Assets/LUTE_Starter Scenes/Mapbox/Unity/Location/LocationProviderFactory.cs using Guid(b55f37f9a6f7e44f7bb35e6bc3863847) Importer(2089858483,0ecaa5967403d082aa24f35e1b516d23) (ScriptedImporter) -> (artifact id: '820026da784b50a1dfac4ab7b6cc75cf') in 0.0169713 seconds
Number of updated asset objects reloaded before import = 0Number of asset objects unloaded after import = 0

========================================================================
Received Import Request.
  Time since last request: 0.000021 seconds.
  path: Assets/LUTE/ThirdPartyAssets/BogGames/Bog_Tools/Bog_Attributes/GenericListPropertyAttribute.cs
  artifactKey: Guid(bcdf41800c0b053479deca32c36db160) Importer(2089858483,0ecaa5967403d082aa24f35e1b516d23)
Start importing Assets/LUTE/ThirdPartyAssets/BogGames/Bog_Tools/Bog_Attributes/GenericListPropertyAttribute.cs using Guid(bcdf41800c0b053479deca32c36db160) Importer(2089858483,0ecaa5967403d082aa24f35e1b516d23) (ScriptedImporter) -> (artifact id: '7b784d2be4cba19a81c1417d57cb10ef') in 0.0189908 seconds
Number of updated asset objects reloaded before import = 0Number of asset objects unloaded after import = 0

========================================================================
Received Import Request.
  Time since last request: 0.000071 seconds.
  path: Assets/LUTE/ThirdPartyAssets/InventoryEngine/MMTools/MMAttributes/MMRequiresConstantRepaintAttribute.cs
  artifactKey: Guid(ca6eb3d6d3c09444ca79e5047b01e58c) Importer(2089858483,0ecaa5967403d082aa24f35e1b516d23)
Start importing Assets/LUTE/ThirdPartyAssets/InventoryEngine/MMTools/MMAttributes/MMRequiresConstantRepaintAttribute.cs using Guid(ca6eb3d6d3c09444ca79e5047b01e58c) Importer(2089858483,0ecaa5967403d082aa24f35e1b516d23) (ScriptedImporter) -> (artifact id: '35545c3255d525efa4bf7d66e5e3788d') in 0.0178015 seconds
Number of updated asset objects reloaded before import = 0Number of asset objects unloaded after import = 0

========================================================================
Received Import Request.
  Time since last request: 0.980537 seconds.
  path: Assets/LUTE/ThirdPartyAssets/InventoryEngine/MMTools/MMSaveLoad/IMMPersistent.cs
  artifactKey: Guid(35d5d4d43a5ca4147b2488524fbe815e) Importer(2089858483,0ecaa5967403d082aa24f35e1b516d23)
Start importing Assets/LUTE/ThirdPartyAssets/InventoryEngine/MMTools/MMSaveLoad/IMMPersistent.cs using Guid(35d5d4d43a5ca4147b2488524fbe815e) Importer(2089858483,0ecaa5967403d082aa24f35e1b516d23) (ScriptedImporter) -> (artifact id: '4722487c2574211ee50ad7510fa9221c') in 0.0176122 seconds
Number of updated asset objects reloaded before import = 0Number of asset objects unloaded after import = 0

========================================================================
Received Import Request.
  Time since last request: 0.000166 seconds.
  path: Assets/LUTE/ThirdPartyAssets/TextMesh Pro/Examples & Extras/Fonts/Roboto-Bold - License.txt
  artifactKey: Guid(f0303f887b8fa7243a51432c478ff2f3) Importer(2089858483,0ecaa5967403d082aa24f35e1b516d23)
Start importing Assets/LUTE/ThirdPartyAssets/TextMesh Pro/Examples & Extras/Fonts/Roboto-Bold - License.txt using Guid(f0303f887b8fa7243a51432c478ff2f3) Importer(2089858483,0ecaa5967403d082aa24f35e1b516d23) (ScriptedImporter) -> (artifact id: '7bbc5d2e0fc3cf8441485b50806e3062') in 0.0291324 seconds
Number of updated asset objects reloaded before import = 0Number of asset objects unloaded after import = 1

========================================================================
Received Import Request.
  Time since last request: 0.000018 seconds.
  path: Assets/LUTE/ThirdPartyAssets/LeanTween/Examples/Scripts/PathSplineTrack.cs
  artifactKey: Guid(31af73f8be2864eda9a3fbb6d0d2a9c7) Importer(2089858483,0ecaa5967403d082aa24f35e1b516d23)
Start importing Assets/LUTE/ThirdPartyAssets/LeanTween/Examples/Scripts/PathSplineTrack.cs using Guid(31af73f8be2864eda9a3fbb6d0d2a9c7) Importer(2089858483,0ecaa5967403d082aa24f35e1b516d23) (ScriptedImporter) -> (artifact id: '3b9769663221470d60ce4d74e7330f75') in 0.0172201 seconds
Number of updated asset objects reloaded before import = 0Number of asset objects unloaded after import = 0

========================================================================
Received Import Request.
  Time since last request: 0.000060 seconds.
  path: Assets/LUTE/ThirdPartyAssets/LeanTween/Documentation/assets/favicon.ico
  artifactKey: Guid(751c9ec47ccc246ae9845f7503545585) Importer(2089858483,0ecaa5967403d082aa24f35e1b516d23)
Start importing Assets/LUTE/ThirdPartyAssets/LeanTween/Documentation/assets/favicon.ico using Guid(751c9ec47ccc246ae9845f7503545585) Importer(2089858483,0ecaa5967403d082aa24f35e1b516d23) (ScriptedImporter) -> (artifact id: 'cde974048c46d1339d9142abdecd94b2') in 0.0158015 seconds
Number of updated asset objects reloaded before import = 0Number of asset objects unloaded after import = 1

========================================================================
Received Import Request.
  Time since last request: 0.000029 seconds.
  path: Assets/LUTE/ThirdPartyAssets/LeanTween/Examples/Scripts/GeneralEasingTypes.cs
  artifactKey: Guid(94e9a883a33cd40b9be1a63f002c4db2) Importer(2089858483,0ecaa5967403d082aa24f35e1b516d23)
Start importing Assets/LUTE/ThirdPartyAssets/LeanTween/Examples/Scripts/GeneralEasingTypes.cs using Guid(94e9a883a33cd40b9be1a63f002c4db2) Importer(2089858483,0ecaa5967403d082aa24f35e1b516d23) (ScriptedImporter) -> (artifact id: 'e274df337264cfa96389d0e201c3b30e') in 0.0180996 seconds
Number of updated asset objects reloaded before import = 0Number of asset objects unloaded after import = 0

========================================================================
Received Import Request.
  Time since last request: 0.000031 seconds.
  path: Assets/LUTE/ThirdPartyAssets/LeanTween/Examples/Material/FrictionLess.physicMaterial
  artifactKey: Guid(1560575207a7b4f27bcd4ab2aeb2e3a1) Importer(2089858483,0ecaa5967403d082aa24f35e1b516d23)
Start importing Assets/LUTE/ThirdPartyAssets/LeanTween/Examples/Material/FrictionLess.physicMaterial using Guid(1560575207a7b4f27bcd4ab2aeb2e3a1) Importer(2089858483,0ecaa5967403d082aa24f35e1b516d23) (ScriptedImporter) -> (artifact id: '2e42c9b83a481720c2ac6c3cff2babc4') in 0.031352 seconds
Number of updated asset objects reloaded before import = 0Number of asset objects unloaded after import = 1

========================================================================
Received Import Request.
  Time since last request: 0.000021 seconds.
  path: Assets/LUTE/ThirdPartyAssets/LeanTween/Examples/Prefabs/Grids.prefab
  artifactKey: Guid(6a9d822b319924ae7a120c7f2ba0b067) Importer(2089858483,0ecaa5967403d082aa24f35e1b516d23)
Start importing Assets/LUTE/ThirdPartyAssets/LeanTween/Examples/Prefabs/Grids.prefab using Guid(6a9d822b319924ae7a120c7f2ba0b067) Importer(2089858483,0ecaa5967403d082aa24f35e1b516d23) (ScriptedImporter) -> (artifact id: '0a2d773bd93ee512d56a82f9d2d4e96b') in 0.0291154 seconds
Number of updated asset objects reloaded before import = 0Number of asset objects unloaded after import = 392

========================================================================
Received Import Request.
  Time since last request: 0.000021 seconds.
  path: Assets/LUTE/ThirdPartyAssets/LeanTween/Examples/Prefabs/AvatarDiffuse.prefab
  artifactKey: Guid(992f36b41308f41f1bc39908c2c27dda) Importer(2089858483,0ecaa5967403d082aa24f35e1b516d23)
Start importing Assets/LUTE/ThirdPartyAssets/LeanTween/Examples/Prefabs/AvatarDiffuse.prefab using Guid(992f36b41308f41f1bc39908c2c27dda) Importer(2089858483,0ecaa5967403d082aa24f35e1b516d23) (ScriptedImporter) -> (artifact id: '29b07704dbf3067c528498b863534836') in 0.0709954 seconds
Number of updated asset objects reloaded before import = 0Number of asset objects unloaded after import = 7

========================================================================
Received Import Request.
  Time since last request: 0.000026 seconds.
  path: Assets/LUTE/ThirdPartyAssets/LeanTween/Documentation/classes/LeanTween.html
  artifactKey: Guid(beea01b16f84c4f18a168afa5800b612) Importer(2089858483,0ecaa5967403d082aa24f35e1b516d23)
Start importing Assets/LUTE/ThirdPartyAssets/LeanTween/Documentation/classes/LeanTween.html using Guid(beea01b16f84c4f18a168afa5800b612) Importer(2089858483,0ecaa5967403d082aa24f35e1b516d23) (ScriptedImporter) -> (artifact id: 'a74c6d7340c320eb3d114e409f246723') in 0.0452749 seconds
Number of updated asset objects reloaded before import = 0Number of asset objects unloaded after import = 1

========================================================================
Received Import Request.
  Time since last request: 0.000031 seconds.
  path: Assets/LUTE/ThirdPartyAssets/InventoryEngine/MMTools/MMTilemaps/MMTilemapCleaner.cs
  artifactKey: Guid(158241bba510d154b9d2e7d7ab8d4fd7) Importer(2089858483,0ecaa5967403d082aa24f35e1b516d23)
Start importing Assets/LUTE/ThirdPartyAssets/InventoryEngine/MMTools/MMTilemaps/MMTilemapCleaner.cs using Guid(158241bba510d154b9d2e7d7ab8d4fd7) Importer(2089858483,0ecaa5967403d082aa24f35e1b516d23) (ScriptedImporter) -> (artifact id: 'c71d8738516ff2f6dfad4aebb915c470') in 0.015976 seconds
Number of updated asset objects reloaded before import = 0Number of asset objects unloaded after import = 0

========================================================================
Received Import Request.
  Time since last request: 0.000117 seconds.
  path: Assets/LUTE/ThirdPartyAssets/TextMesh Pro/Examples & Extras/Fonts/Electronic Highway Sign.TTF
  artifactKey: Guid(8a2b9e2a607dd2143b58c44bc32410b4) Importer(2089858483,0ecaa5967403d082aa24f35e1b516d23)
Start importing Assets/LUTE/ThirdPartyAssets/TextMesh Pro/Examples & Extras/Fonts/Electronic Highway Sign.TTF using Guid(8a2b9e2a607dd2143b58c44bc32410b4) Importer(2089858483,0ecaa5967403d082aa24f35e1b516d23) (ScriptedImporter) -> (artifact id: 'cb39e141bb2a4ec79a0fb71141089ad8') in 0.0399025 seconds
Number of updated asset objects reloaded before import = 0Number of asset objects unloaded after import = 3

========================================================================
Received Import Request.
  Time since last request: 0.000024 seconds.
  path: Assets/LUTE/ThirdPartyAssets/InventoryEngine/Scripts/GUI/InventoryCounterDisplay.cs
  artifactKey: Guid(13f80461df19c054f94eb78823a8d046) Importer(2089858483,0ecaa5967403d082aa24f35e1b516d23)
Start importing Assets/LUTE/ThirdPartyAssets/InventoryEngine/Scripts/GUI/InventoryCounterDisplay.cs using Guid(13f80461df19c054f94eb78823a8d046) Importer(2089858483,0ecaa5967403d082aa24f35e1b516d23) (ScriptedImporter) -> (artifact id: '025b4ba095391f533dc4bd7ac9003f25') in 0.0188639 seconds
Number of updated asset objects reloaded before import = 0Number of asset objects unloaded after import = 0

========================================================================
Received Import Request.
  Time since last request: 0.000025 seconds.
  path: Assets/LUTE/ThirdPartyAssets/LeanTween/Documentation/classes/LTRect.html
  artifactKey: Guid(b7ee5979c5f5f428d9c8735d84e09421) Importer(2089858483,0ecaa5967403d082aa24f35e1b516d23)
Start importing Assets/LUTE/ThirdPartyAssets/LeanTween/Documentation/classes/LTRect.html using Guid(b7ee5979c5f5f428d9c8735d84e09421) Importer(2089858483,0ecaa5967403d082aa24f35e1b516d23) (ScriptedImporter) -> (artifact id: '8c4dba5a9eb433e6039cd34bd57c1a6a') in 0.0369437 seconds
Number of updated asset objects reloaded before import = 0Number of asset objects unloaded after import = 1

========================================================================
Received Import Request.
  Time since last request: 0.000029 seconds.
  path: Assets/LUTE/ThirdPartyAssets/LeanTween/Examples/Scenes/GeneralEasingTypesSettings.lighting
  artifactKey: Guid(54915ce8ec416c84a8fb27237af18a43) Importer(2089858483,0ecaa5967403d082aa24f35e1b516d23)
Start importing Assets/LUTE/ThirdPartyAssets/LeanTween/Examples/Scenes/GeneralEasingTypesSettings.lighting using Guid(54915ce8ec416c84a8fb27237af18a43) Importer(2089858483,0ecaa5967403d082aa24f35e1b516d23) (ScriptedImporter) -> (artifact id: '805d5c8eb57ed6b2addf0896b817e048') in 0.0355707 seconds
Number of updated asset objects reloaded before import = 0Number of asset objects unloaded after import = 1

========================================================================
Received Import Request.
  Time since last request: 0.000024 seconds.
  path: Assets/LUTE/ThirdPartyAssets/TextMesh Pro/Examples & Extras/Fonts/Bangers - OFL.txt
  artifactKey: Guid(efe0bf4ac872451e91612d1ae593f480) Importer(2089858483,0ecaa5967403d082aa24f35e1b516d23)
Start importing Assets/LUTE/ThirdPartyAssets/TextMesh Pro/Examples & Extras/Fonts/Bangers - OFL.txt using Guid(efe0bf4ac872451e91612d1ae593f480) Importer(2089858483,0ecaa5967403d082aa24f35e1b516d23) (ScriptedImporter) -> (artifact id: 'a4f2ab978f124c3f15e6dea1116acd0b') in 0.0252995 seconds
Number of updated asset objects reloaded before import = 0Number of asset objects unloaded after import = 1

========================================================================
Received Import Request.
  Time since last request: 0.000023 seconds.
  path: Assets/LUTE/ThirdPartyAssets/InventoryEngine/MMTools/MMSingletons/MMReferencedScriptableObject.cs
  artifactKey: Guid(cfb03c2bcbc7bd64fbf6cc6081b9c441) Importer(2089858483,0ecaa5967403d082aa24f35e1b516d23)
Start importing Assets/LUTE/ThirdPartyAssets/InventoryEngine/MMTools/MMSingletons/MMReferencedScriptableObject.cs using Guid(cfb03c2bcbc7bd64fbf6cc6081b9c441) Importer(2089858483,0ecaa5967403d082aa24f35e1b516d23) (ScriptedImporter) -> (artifact id: 'a582d88fa54f3cdd8dbb9736b6ac7ed1') in 0.0191494 seconds
Number of updated asset objects reloaded before import = 0Number of asset objects unloaded after import = 0

========================================================================
Received Import Request.
  Time since last request: 0.000201 seconds.
  path: Assets/LUTE/ThirdPartyAssets/LeanTween/Examples/Material/Futoro_PersonSprites.png
  artifactKey: Guid(1201c14bb4ee74d8e99e56dc4f3f4fd1) Importer(2089858483,0ecaa5967403d082aa24f35e1b516d23)
Start importing Assets/LUTE/ThirdPartyAssets/LeanTween/Examples/Material/Futoro_PersonSprites.png using Guid(1201c14bb4ee74d8e99e56dc4f3f4fd1) Importer(2089858483,0ecaa5967403d082aa24f35e1b516d23) (ScriptedImporter) -> (artifact id: 'dbe307357bb87b17ac2fc3a673cb911e') in 0.0542198 seconds
Number of updated asset objects reloaded before import = 0Number of asset objects unloaded after import = 6

========================================================================
Received Import Request.
  Time since last request: 0.000024 seconds.
  path: Assets/LUTE/ThirdPartyAssets/LeanTween/Documentation/classes/LTSeq.html
  artifactKey: Guid(c2208e3213ef84ee28cb1745e7eb9b26) Importer(2089858483,0ecaa5967403d082aa24f35e1b516d23)
Start importing Assets/LUTE/ThirdPartyAssets/LeanTween/Documentation/classes/LTSeq.html using Guid(c2208e3213ef84ee28cb1745e7eb9b26) Importer(2089858483,0ecaa5967403d082aa24f35e1b516d23) (ScriptedImporter) -> (artifact id: '0a5b99a753e8766c89bea73d2b5aa570') in 0.0353738 seconds
Number of updated asset objects reloaded before import = 0Number of asset objects unloaded after import = 1

========================================================================
Received Import Request.
  Time since last request: 0.000073 seconds.
  path: Assets/LUTE/ThirdPartyAssets/TextMesh Pro/Examples & Extras/Materials/Small Crate_diffuse.mat
  artifactKey: Guid(22262639920f43d6be32430e4e58350d) Importer(2089858483,0ecaa5967403d082aa24f35e1b516d23)
Start importing Assets/LUTE/ThirdPartyAssets/TextMesh Pro/Examples & Extras/Materials/Small Crate_diffuse.mat using Guid(22262639920f43d6be32430e4e58350d) Importer(2089858483,0ecaa5967403d082aa24f35e1b516d23) (ScriptedImporter) -> (artifact id: 'bfbbf638154c8d0c12174be3fa08e6e1') in 0.0560577 seconds
Number of updated asset objects reloaded before import = 0Number of asset objects unloaded after import = 3

========================================================================
Received Import Request.
  Time since last request: 0.000021 seconds.
  path: Assets/LUTE/ThirdPartyAssets/InventoryEngine/MMTools/MMTween/MMSignal.cs
  artifactKey: Guid(2b0d2c9595529ed47a73e3b75de4eae6) Importer(2089858483,0ecaa5967403d082aa24f35e1b516d23)
Start importing Assets/LUTE/ThirdPartyAssets/InventoryEngine/MMTools/MMTween/MMSignal.cs using Guid(2b0d2c9595529ed47a73e3b75de4eae6) Importer(2089858483,0ecaa5967403d082aa24f35e1b516d23) (ScriptedImporter) -> (artifact id: 'b12ff8b7eb233dfdd68e0279c5fac44c') in 0.0202495 seconds
Number of updated asset objects reloaded before import = 0Number of asset objects unloaded after import = 0

========================================================================
Received Import Request.
  Time since last request: 0.000027 seconds.
  path: Assets/LUTE/ThirdPartyAssets/InventoryEngine/Sounds/DefaultSounds/ErrorWav.wav
  artifactKey: Guid(4fb0c4caea93e724982abebb4a341da2) Importer(2089858483,0ecaa5967403d082aa24f35e1b516d23)
Start importing Assets/LUTE/ThirdPartyAssets/InventoryEngine/Sounds/DefaultSounds/ErrorWav.wav using Guid(4fb0c4caea93e724982abebb4a341da2) Importer(2089858483,0ecaa5967403d082aa24f35e1b516d23) (ScriptedImporter) -> (artifact id: '0457d9e34a90182c7ba5d630869a9146') in 0.0632327 seconds
Number of updated asset objects reloaded before import = 0Number of asset objects unloaded after import = 1

========================================================================
Received Import Request.
  Time since last request: 0.000031 seconds.
  path: Assets/LUTE/ThirdPartyAssets/LeanTween/Documentation/classes/index.html
  artifactKey: Guid(a23cc63a765c44c9c82fb33b1ecb455f) Importer(2089858483,0ecaa5967403d082aa24f35e1b516d23)
Start importing Assets/LUTE/ThirdPartyAssets/LeanTween/Documentation/classes/index.html using Guid(a23cc63a765c44c9c82fb33b1ecb455f) Importer(2089858483,0ecaa5967403d082aa24f35e1b516d23) (ScriptedImporter) -> (artifact id: '7bca6573e6489e0f5fe0366900178a79') in 0.0269638 seconds
Number of updated asset objects reloaded before import = 0Number of asset objects unloaded after import = 1

========================================================================
Received Import Request.
  Time since last request: 0.000036 seconds.
  path: Assets/LUTE/ThirdPartyAssets/InventoryEngine/MMTools/MMTilemaps/MMTilemapShadow.cs
  artifactKey: Guid(96fdc4f00baddf6498aa5cfe735a2321) Importer(2089858483,0ecaa5967403d082aa24f35e1b516d23)
Start importing Assets/LUTE/ThirdPartyAssets/InventoryEngine/MMTools/MMTilemaps/MMTilemapShadow.cs using Guid(96fdc4f00baddf6498aa5cfe735a2321) Importer(2089858483,0ecaa5967403d082aa24f35e1b516d23) (ScriptedImporter) -> (artifact id: 'd1364a45f986a32e2846b55d75824ba2') in 0.0177399 seconds
Number of updated asset objects reloaded before import = 0Number of asset objects unloaded after import = 0

========================================================================
Received Import Request.
  Time since last request: 0.000194 seconds.
  path: Assets/LUTE/ThirdPartyAssets/TextMesh Pro/Examples & Extras/Fonts/Anton.ttf
  artifactKey: Guid(997a43b767814dd0a7642ec9b78cba41) Importer(2089858483,0ecaa5967403d082aa24f35e1b516d23)
Start importing Assets/LUTE/ThirdPartyAssets/TextMesh Pro/Examples & Extras/Fonts/Anton.ttf using Guid(997a43b767814dd0a7642ec9b78cba41) Importer(2089858483,0ecaa5967403d082aa24f35e1b516d23) (ScriptedImporter) -> (artifact id: '74a17bfe44914a7d41b5bca3418e64f6') in 0.0309859 seconds
Number of updated asset objects reloaded before import = 0Number of asset objects unloaded after import = 3

========================================================================
Received Import Request.
  Time since last request: 0.000015 seconds.
  path: Assets/LUTE/ThirdPartyAssets/TextMesh Pro/Examples & Extras/Prefabs/Text Popup.prefab
  artifactKey: Guid(b06f0e6c1dfa4356ac918da1bb32c603) Importer(2089858483,0ecaa5967403d082aa24f35e1b516d23)
Start importing Assets/LUTE/ThirdPartyAssets/TextMesh Pro/Examples & Extras/Prefabs/Text Popup.prefab using Guid(b06f0e6c1dfa4356ac918da1bb32c603) Importer(2089858483,0ecaa5967403d082aa24f35e1b516d23) (ScriptedImporter) -> (artifact id: 'e16618b42e434f66f18936d4da3cab39') in 0.1033245 seconds
Number of updated asset objects reloaded before import = 0Number of asset objects unloaded after import = 21

========================================================================
Received Import Request.
  Time since last request: 0.000023 seconds.
  path: Assets/LUTE/ThirdPartyAssets/LeanTween/Examples/Prefabs/BasicExamplesText.prefab
  artifactKey: Guid(0b4ce6f9ebfb948a58b5b05397daaaea) Importer(2089858483,0ecaa5967403d082aa24f35e1b516d23)
Start importing Assets/LUTE/ThirdPartyAssets/LeanTween/Examples/Prefabs/BasicExamplesText.prefab using Guid(0b4ce6f9ebfb948a58b5b05397daaaea) Importer(2089858483,0ecaa5967403d082aa24f35e1b516d23) (ScriptedImporter) -> (artifact id: '744a50c7b8332a0c7082c38fb0de26d5') in 0.0310821 seconds
Number of updated asset objects reloaded before import = 0Number of asset objects unloaded after import = 24

========================================================================
Received Import Request.
  Time since last request: 0.000026 seconds.
  path: Assets/LUTE/ThirdPartyAssets/TextMesh Pro/Examples & Extras/Materials/Crate - Surface Shader Scene.mat
  artifactKey: Guid(e6b9b44320f4448d9d5e0ee634259966) Importer(2089858483,0ecaa5967403d082aa24f35e1b516d23)
Start importing Assets/LUTE/ThirdPartyAssets/TextMesh Pro/Examples & Extras/Materials/Crate - Surface Shader Scene.mat using Guid(e6b9b44320f4448d9d5e0ee634259966) Importer(2089858483,0ecaa5967403d082aa24f35e1b516d23) (ScriptedImporter) -> (artifact id: '3b39630aa7a3c70305a4897d09ce59b1') in 0.050018 seconds
Number of updated asset objects reloaded before import = 0Number of asset objects unloaded after import = 3

========================================================================
Received Import Request.
  Time since last request: 0.000020 seconds.
  path: Assets/LUTE/ThirdPartyAssets/LeanTween/Examples/Scenes/FollowingSettings.lighting
  artifactKey: Guid(4d43336a227af70488f0440f9ea7babf) Importer(2089858483,0ecaa5967403d082aa24f35e1b516d23)
Start importing Assets/LUTE/ThirdPartyAssets/LeanTween/Examples/Scenes/FollowingSettings.lighting using Guid(4d43336a227af70488f0440f9ea7babf) Importer(2089858483,0ecaa5967403d082aa24f35e1b516d23) (ScriptedImporter) -> (artifact id: 'ae40cd1da6864df14aa8f7bd04f9806d') in 0.0341838 seconds
Number of updated asset objects reloaded before import = 0Number of asset objects unloaded after import = 1

========================================================================
Received Import Request.
  Time since last request: 0.000050 seconds.
  path: Assets/LUTE/ThirdPartyAssets/InventoryEngine/Sounds/DefaultSounds/ClickWav.wav
  artifactKey: Guid(27a8021c9a1a2a744840496d5fad5430) Importer(2089858483,0ecaa5967403d082aa24f35e1b516d23)
Start importing Assets/LUTE/ThirdPartyAssets/InventoryEngine/Sounds/DefaultSounds/ClickWav.wav using Guid(27a8021c9a1a2a744840496d5fad5430) Importer(2089858483,0ecaa5967403d082aa24f35e1b516d23) (ScriptedImporter) -> (artifact id: 'b74ece79234e8e70c430291141d45626') in 0.0878014 seconds
Number of updated asset objects reloaded before import = 0Number of asset objects unloaded after import = 1

========================================================================
Received Import Request.
  Time since last request: 0.000021 seconds.
  path: Assets/LUTE/ThirdPartyAssets/LeanTween/Examples/Scenes/PathSpline2d.unity
  artifactKey: Guid(b5daea63c1cc14d709cb8f5dc7d19173) Importer(2089858483,0ecaa5967403d082aa24f35e1b516d23)
Start importing Assets/LUTE/ThirdPartyAssets/LeanTween/Examples/Scenes/PathSpline2d.unity using Guid(b5daea63c1cc14d709cb8f5dc7d19173) Importer(2089858483,0ecaa5967403d082aa24f35e1b516d23) (ScriptedImporter) -> (artifact id: 'cade854e9d802fae498aa8e6627e9fa2') in 0.0174615 seconds
Number of updated asset objects reloaded before import = 0Number of asset objects unloaded after import = 1

========================================================================
Received Import Request.
  Time since last request: 0.000024 seconds.
  path: Assets/LUTE/ThirdPartyAssets/InventoryEngine/MMTools/MMSaveLoad/MMSaveLoadTestScene.unity
  artifactKey: Guid(a74b1b5d357902346825fdfd125ea399) Importer(2089858483,0ecaa5967403d082aa24f35e1b516d23)
Start importing Assets/LUTE/ThirdPartyAssets/InventoryEngine/MMTools/MMSaveLoad/MMSaveLoadTestScene.unity using Guid(a74b1b5d357902346825fdfd125ea399) Importer(2089858483,0ecaa5967403d082aa24f35e1b516d23) (ScriptedImporter) -> (artifact id: '9e77e49cb8879651c31ca29816b08a55') in 0.0159168 seconds
Number of updated asset objects reloaded before import = 0Number of asset objects unloaded after import = 1

========================================================================
Received Import Request.
  Time since last request: 0.000022 seconds.
  path: Assets/LUTE/ThirdPartyAssets/LeanTween/Examples/Scripts/Archive.zip
  artifactKey: Guid(950dff8c2dd5346409806b627ff3691f) Importer(2089858483,0ecaa5967403d082aa24f35e1b516d23)
Start importing Assets/LUTE/ThirdPartyAssets/LeanTween/Examples/Scripts/Archive.zip using Guid(950dff8c2dd5346409806b627ff3691f) Importer(2089858483,0ecaa5967403d082aa24f35e1b516d23) (ScriptedImporter) -> (artifact id: '3d50581cc601341beddee3df0585b244') in 0.0169056 seconds
Number of updated asset objects reloaded before import = 0Number of asset objects unloaded after import = 1

========================================================================
Received Import Request.
  Time since last request: 0.436114 seconds.
  path: Assets/LUTE/ThirdPartyAssets/TextMesh Pro/Examples & Extras/Scenes/06 - Extra Rich Text Examples.unity
  artifactKey: Guid(39a1fa96ad2a449b908fca29d4297a74) Importer(2089858483,0ecaa5967403d082aa24f35e1b516d23)
Start importing Assets/LUTE/ThirdPartyAssets/TextMesh Pro/Examples & Extras/Scenes/06 - Extra Rich Text Examples.unity using Guid(39a1fa96ad2a449b908fca29d4297a74) Importer(2089858483,0ecaa5967403d082aa24f35e1b516d23) (ScriptedImporter) -> (artifact id: 'af7c13d05b157720de61bb8c33451a34') in 0.014403 seconds
Number of updated asset objects reloaded before import = 0Number of asset objects unloaded after import = 1

========================================================================
Received Import Request.
  Time since last request: 0.000022 seconds.
  path: Assets/LUTE_Starter Scenes/Mapbox/Core/mapbox-sdk-cs/Platform/HTTPRequestThreaded.cs
  artifactKey: Guid(7952dd05dd1ff40d0bff547dacc6e714) Importer(2089858483,0ecaa5967403d082aa24f35e1b516d23)
Start importing Assets/LUTE_Starter Scenes/Mapbox/Core/mapbox-sdk-cs/Platform/HTTPRequestThreaded.cs using Guid(7952dd05dd1ff40d0bff547dacc6e714) Importer(2089858483,0ecaa5967403d082aa24f35e1b516d23) (ScriptedImporter) -> (artifact id: '82032ca018e0ced0132b5f7c98f00667') in 0.0210583 seconds
Number of updated asset objects reloaded before import = 0Number of asset objects unloaded after import = 0

========================================================================
Received Import Request.
  Time since last request: 0.000057 seconds.
  path: Assets/LUTE/ThirdPartyAssets/TextMesh Pro/Examples & Extras/Textures/Text Overflow - Linked Text Image 1.png
  artifactKey: Guid(4ccf43d26c4748c792174516f4a8fcef) Importer(2089858483,0ecaa5967403d082aa24f35e1b516d23)
Start importing Assets/LUTE/ThirdPartyAssets/TextMesh Pro/Examples & Extras/Textures/Text Overflow - Linked Text Image 1.png using Guid(4ccf43d26c4748c792174516f4a8fcef) Importer(2089858483,0ecaa5967403d082aa24f35e1b516d23) (ScriptedImporter) -> (artifact id: 'df28675bd410733a3973bcd2b53e1323') in 0.0501319 seconds
Number of updated asset objects reloaded before import = 0Number of asset objects unloaded after import = 1

========================================================================
Received Import Request.
  Time since last request: 0.000194 seconds.
  path: Assets/LUTE_Starter Scenes/Mapbox/Examples/3_POIPlacement/Modifiers/TransportationPoiLabelModifier.asset
  artifactKey: Guid(b6825aebfa29f44be9c0d3c374a66d90) Importer(2089858483,0ecaa5967403d082aa24f35e1b516d23)
Start importing Assets/LUTE_Starter Scenes/Mapbox/Examples/3_POIPlacement/Modifiers/TransportationPoiLabelModifier.asset using Guid(b6825aebfa29f44be9c0d3c374a66d90) Importer(2089858483,0ecaa5967403d082aa24f35e1b516d23) (ScriptedImporter) -> (artifact id: 'c52b5850cc838646b421dd23e498ab23') in 0.0737587 seconds
Number of updated asset objects reloaded before import = 0Number of asset objects unloaded after import = 1

========================================================================
Received Import Request.
  Time since last request: 0.000026 seconds.
  path: Assets/LUTE_Starter Scenes/Mapbox/Examples/Resources/maki/industry-15.png
  artifactKey: Guid(dd7dd9c1baecd44419d86a91f50533e3) Importer(2089858483,0ecaa5967403d082aa24f35e1b516d23)
Start importing Assets/LUTE_Starter Scenes/Mapbox/Examples/Resources/maki/industry-15.png using Guid(dd7dd9c1baecd44419d86a91f50533e3) Importer(2089858483,0ecaa5967403d082aa24f35e1b516d23) (ScriptedImporter) -> (artifact id: '5e6581c328585d69950e435c0921b74b') in 0.0385185 seconds
Number of updated asset objects reloaded before import = 0Number of asset objects unloaded after import = 3

========================================================================
Received Import Request.
  Time since last request: 0.000022 seconds.
  path: Assets/LUTE/ThirdPartyAssets/TextMesh Pro/Examples & Extras/Scripts/CameraController.cs
  artifactKey: Guid(2d687537154440a3913a9a3c7977978c) Importer(2089858483,0ecaa5967403d082aa24f35e1b516d23)
Start importing Assets/LUTE/ThirdPartyAssets/TextMesh Pro/Examples & Extras/Scripts/CameraController.cs using Guid(2d687537154440a3913a9a3c7977978c) Importer(2089858483,0ecaa5967403d082aa24f35e1b516d23) (ScriptedImporter) -> (artifact id: '686d75f3e3eb50a5203bc5011a80de90') in 0.020541 seconds
Number of updated asset objects reloaded before import = 0Number of asset objects unloaded after import = 0

========================================================================
Received Import Request.
  Time since last request: 0.000029 seconds.
  path: Assets/LUTE_Starter Scenes/Mapbox/Core/mapbox-sdk-cs/MapMatching/MapMatcher.cs
  artifactKey: Guid(dfdfc6d95bc72494e8ae78580d2e6b44) Importer(2089858483,0ecaa5967403d082aa24f35e1b516d23)
Start importing Assets/LUTE_Starter Scenes/Mapbox/Core/mapbox-sdk-cs/MapMatching/MapMatcher.cs using Guid(dfdfc6d95bc72494e8ae78580d2e6b44) Importer(2089858483,0ecaa5967403d082aa24f35e1b516d23) (ScriptedImporter) -> (artifact id: '318caee0e23337ec7b8844ef46f9f4ef') in 0.0278519 seconds
Number of updated asset objects reloaded before import = 0Number of asset objects unloaded after import = 0

========================================================================
Received Import Request.
  Time since last request: 0.000107 seconds.
  path: Assets/LUTE_Starter Scenes/Mapbox/Examples/Resources/maki/america-football-15.png
  artifactKey: Guid(0ab7e81663cf1d94e9bd71c89d6f82d3) Importer(2089858483,0ecaa5967403d082aa24f35e1b516d23)
Start importing Assets/LUTE_Starter Scenes/Mapbox/Examples/Resources/maki/america-football-15.png using Guid(0ab7e81663cf1d94e9bd71c89d6f82d3) Importer(2089858483,0ecaa5967403d082aa24f35e1b516d23) (ScriptedImporter) -> (artifact id: '445f5e376c90a5d1d33658224e579cef') in 0.0429032 seconds
Number of updated asset objects reloaded before import = 0Number of asset objects unloaded after import = 3

========================================================================
Received Import Request.
  Time since last request: 0.000022 seconds.
  path: Assets/LUTE_Starter Scenes/Mapbox/Core/mapbox-sdk-cs/Map/VectorTile.cs
  artifactKey: Guid(bfd8ce307104a47389d62ff6cd67802c) Importer(2089858483,0ecaa5967403d082aa24f35e1b516d23)
Start importing Assets/LUTE_Starter Scenes/Mapbox/Core/mapbox-sdk-cs/Map/VectorTile.cs using Guid(bfd8ce307104a47389d62ff6cd67802c) Importer(2089858483,0ecaa5967403d082aa24f35e1b516d23) (ScriptedImporter) -> (artifact id: 'e5accdeaae114e926acecd1a9090c93a') in 0.0215986 seconds
Number of updated asset objects reloaded before import = 0Number of asset objects unloaded after import = 0

========================================================================
Received Import Request.
  Time since last request: 0.000044 seconds.
  path: Assets/LUTE/ThirdPartyAssets/WoLfulus/LineEnding/Documentation/Documentation.html
  artifactKey: Guid(f972ffd62a978474287a70b8e17d7049) Importer(2089858483,0ecaa5967403d082aa24f35e1b516d23)
Start importing Assets/LUTE/ThirdPartyAssets/WoLfulus/LineEnding/Documentation/Documentation.html using Guid(f972ffd62a978474287a70b8e17d7049) Importer(2089858483,0ecaa5967403d082aa24f35e1b516d23) (ScriptedImporter) -> (artifact id: 'fabe653830920c1528ab0005bd412e0d') in 0.0282172 seconds
Number of updated asset objects reloaded before import = 0Number of asset objects unloaded after import = 1

========================================================================
Received Import Request.
  Time since last request: 0.000021 seconds.
  path: Assets/LUTE_Starter Scenes/Mapbox/Examples/Resources/Assets/MapboxCombinedPin.fbx
  artifactKey: Guid(bb96716ce122749b2a0d52a7de62ff98) Importer(2089858483,0ecaa5967403d082aa24f35e1b516d23)
Start importing Assets/LUTE_Starter Scenes/Mapbox/Examples/Resources/Assets/MapboxCombinedPin.fbx using Guid(bb96716ce122749b2a0d52a7de62ff98) Importer(2089858483,0ecaa5967403d082aa24f35e1b516d23) (ScriptedImporter) -> (artifact id: '13990266321552b851453652053d92a8') in 0.1078418 seconds
Number of updated asset objects reloaded before import = 0Number of asset objects unloaded after import = 22

========================================================================
Received Import Request.
  Time since last request: 0.000024 seconds.
  path: Assets/LUTE/ThirdPartyAssets/TextMesh Pro/Examples & Extras/Scripts/VertexZoom.cs
  artifactKey: Guid(52ec835d14bd486f900952b77698b7eb) Importer(2089858483,0ecaa5967403d082aa24f35e1b516d23)
Start importing Assets/LUTE/ThirdPartyAssets/TextMesh Pro/Examples & Extras/Scripts/VertexZoom.cs using Guid(52ec835d14bd486f900952b77698b7eb) Importer(2089858483,0ecaa5967403d082aa24f35e1b516d23) (ScriptedImporter) -> (artifact id: 'd03887e319e70fec4a27a5bd4b8edf64') in 0.0182356 seconds
Number of updated asset objects reloaded before import = 0Number of asset objects unloaded after import = 0

========================================================================
Received Import Request.
  Time since last request: 0.000041 seconds.
  path: Assets/LUTE_Starter Scenes/Mapbox/Examples/1_DataExplorer/Traffic/DirectionLoft.asset
  artifactKey: Guid(72a54fd58e79618408c60d91df61d553) Importer(2089858483,0ecaa5967403d082aa24f35e1b516d23)
Start importing Assets/LUTE_Starter Scenes/Mapbox/Examples/1_DataExplorer/Traffic/DirectionLoft.asset using Guid(72a54fd58e79618408c60d91df61d553) Importer(2089858483,0ecaa5967403d082aa24f35e1b516d23) (ScriptedImporter) -> (artifact id: '12f83e4811fce5e97220ece67953470b') in 0.018691 seconds
Number of updated asset objects reloaded before import = 0Number of asset objects unloaded after import = 24

========================================================================
Received Import Request.
  Time since last request: 0.000022 seconds.
  path: Assets/LUTE_Starter Scenes/Mapbox/Core/mapbox-sdk-cs/Map/Tile.cs
  artifactKey: Guid(8010c0fffeba24190a0e4a5a5f4317c6) Importer(2089858483,0ecaa5967403d082aa24f35e1b516d23)
Start importing Assets/LUTE_Starter Scenes/Mapbox/Core/mapbox-sdk-cs/Map/Tile.cs using Guid(8010c0fffeba24190a0e4a5a5f4317c6) Importer(2089858483,0ecaa5967403d082aa24f35e1b516d23) (ScriptedImporter) -> (artifact id: 'f109840aa3c181274292f2248f77715a') in 0.0186091 seconds
Number of updated asset objects reloaded before import = 0Number of asset objects unloaded after import = 0

========================================================================
Received Import Request.
  Time since last request: 0.000059 seconds.
  path: Assets/LUTE_Starter Scenes/Mapbox/Examples/Resources/Assets/MapboxHollowPin.fbx
  artifactKey: Guid(2231802ad545a48be932a4e88996508f) Importer(2089858483,0ecaa5967403d082aa24f35e1b516d23)
Start importing Assets/LUTE_Starter Scenes/Mapbox/Examples/Resources/Assets/MapboxHollowPin.fbx using Guid(2231802ad545a48be932a4e88996508f) Importer(2089858483,0ecaa5967403d082aa24f35e1b516d23) (ScriptedImporter) -> (artifact id: '5c16ecf25e8f8ec380ca7e10808908aa') in 0.0491102 seconds
Number of updated asset objects reloaded before import = 0Number of asset objects unloaded after import = 17

========================================================================
Received Import Request.
  Time since last request: 0.000018 seconds.
  path: Assets/LUTE_Starter Scenes/Mapbox/Core/mapbox-sdk-cs/Map/RetinaRasterTile.cs
  artifactKey: Guid(9cd3514d26c4b4c7685f804af02d388b) Importer(2089858483,0ecaa5967403d082aa24f35e1b516d23)
Start importing Assets/LUTE_Starter Scenes/Mapbox/Core/mapbox-sdk-cs/Map/RetinaRasterTile.cs using Guid(9cd3514d26c4b4c7685f804af02d388b) Importer(2089858483,0ecaa5967403d082aa24f35e1b516d23) (ScriptedImporter) -> (artifact id: '4eaf4fffd80e27c6820d24ea335adb71') in 0.0237178 seconds
Number of updated asset objects reloaded before import = 0Number of asset objects unloaded after import = 0

========================================================================
Received Import Request.
  Time since last request: 0.000071 seconds.
  path: Assets/LUTE_Starter Scenes/Mapbox/Examples/3_POIPlacement/Modifiers/ArtsPoiLabelModifier.asset
  artifactKey: Guid(4aeb61055bc3e481795eabb6cbf767f0) Importer(2089858483,0ecaa5967403d082aa24f35e1b516d23)
Start importing Assets/LUTE_Starter Scenes/Mapbox/Examples/3_POIPlacement/Modifiers/ArtsPoiLabelModifier.asset using Guid(4aeb61055bc3e481795eabb6cbf767f0) Importer(2089858483,0ecaa5967403d082aa24f35e1b516d23) (ScriptedImporter) -> (artifact id: '77fe30789d29d114faf2d26683a6e7fc') in 0.0283834 seconds
Number of updated asset objects reloaded before import = 0Number of asset objects unloaded after import = 1

========================================================================
Received Import Request.
  Time since last request: 0.000024 seconds.
  path: Assets/LUTE/ThirdPartyAssets/TextMesh Pro/Examples & Extras/Scripts/TextMeshProFloatingText.cs
  artifactKey: Guid(a4d4c76e63944cba8c7d00f56334b98c) Importer(2089858483,0ecaa5967403d082aa24f35e1b516d23)
Start importing Assets/LUTE/ThirdPartyAssets/TextMesh Pro/Examples & Extras/Scripts/TextMeshProFloatingText.cs using Guid(a4d4c76e63944cba8c7d00f56334b98c) Importer(2089858483,0ecaa5967403d082aa24f35e1b516d23) (ScriptedImporter) -> (artifact id: '6cbe27493d2f2c88d28d72a71c0e28b7') in 0.0174178 seconds
Number of updated asset objects reloaded before import = 0Number of asset objects unloaded after import = 0

========================================================================
Received Import Request.
  Time since last request: 0.000039 seconds.
  path: Assets/LUTE_Starter Scenes/Mapbox/Examples/3_POIPlacement/Resources/poi-icon-outdoors.png
  artifactKey: Guid(08d14ec5687ea47fcb3de9ac267391b5) Importer(2089858483,0ecaa5967403d082aa24f35e1b516d23)
Start importing Assets/LUTE_Starter Scenes/Mapbox/Examples/3_POIPlacement/Resources/poi-icon-outdoors.png using Guid(08d14ec5687ea47fcb3de9ac267391b5) Importer(2089858483,0ecaa5967403d082aa24f35e1b516d23) (ScriptedImporter) -> (artifact id: 'e726aa5279f7de8148af1dc08dabf91b') in 0.0325595 seconds
Number of updated asset objects reloaded before import = 0Number of asset objects unloaded after import = 3

========================================================================
Received Import Request.
  Time since last request: 0.000025 seconds.
  path: Assets/LUTE_Starter Scenes/Mapbox/Core/mapbox-sdk-cs/Platform/FileSource.cs
  artifactKey: Guid(a17c999e5ca80474584c39dfa7d5a62a) Importer(2089858483,0ecaa5967403d082aa24f35e1b516d23)
Start importing Assets/LUTE_Starter Scenes/Mapbox/Core/mapbox-sdk-cs/Platform/FileSource.cs using Guid(a17c999e5ca80474584c39dfa7d5a62a) Importer(2089858483,0ecaa5967403d082aa24f35e1b516d23) (ScriptedImporter) -> (artifact id: 'ebfbb096f95f1e4326a7ffad61bf4bac') in 0.0197232 seconds
Number of updated asset objects reloaded before import = 0Number of asset objects unloaded after import = 0

========================================================================
Received Import Request.
  Time since last request: 0.000048 seconds.
  path: Assets/LUTE/ThirdPartyAssets/TextMesh Pro/Examples & Extras/Scenes/18 - ScrollRect & Masking & Layout.unity
  artifactKey: Guid(03f9d74cec8e4b94a29d2dfd177c821b) Importer(2089858483,0ecaa5967403d082aa24f35e1b516d23)
Start importing Assets/LUTE/ThirdPartyAssets/TextMesh Pro/Examples & Extras/Scenes/18 - ScrollRect & Masking & Layout.unity using Guid(03f9d74cec8e4b94a29d2dfd177c821b) Importer(2089858483,0ecaa5967403d082aa24f35e1b516d23) (ScriptedImporter) -> (artifact id: 'b89f7b26761c341873cc7c0e4b43fb59') in 0.0183579 seconds
Number of updated asset objects reloaded before import = 0Number of asset objects unloaded after import = 1

========================================================================
Received Import Request.
  Time since last request: 0.000019 seconds.
  path: Assets/LUTE_Starter Scenes/Mapbox/Examples/8_VoxelMap/Models/Ground Brown.fbx
  artifactKey: Guid(0ca31141bde710143a449036d1d50e78) Importer(2089858483,0ecaa5967403d082aa24f35e1b516d23)
Start importing Assets/LUTE_Starter Scenes/Mapbox/Examples/8_VoxelMap/Models/Ground Brown.fbx using Guid(0ca31141bde710143a449036d1d50e78) Importer(2089858483,0ecaa5967403d082aa24f35e1b516d23) (ScriptedImporter) -> (artifact id: 'd16b4f4bb009e9cea9a9d73ce19cddbb') in 0.0425157 seconds
Number of updated asset objects reloaded before import = 0Number of asset objects unloaded after import = 8

========================================================================
Received Import Request.
  Time since last request: 0.000023 seconds.
  path: Assets/LUTE_Starter Scenes/Mapbox/Examples/Resources/maki/ferry-15.png
  artifactKey: Guid(02c7aad588166c3419c17ee5a1762a5e) Importer(2089858483,0ecaa5967403d082aa24f35e1b516d23)
Start importing Assets/LUTE_Starter Scenes/Mapbox/Examples/Resources/maki/ferry-15.png using Guid(02c7aad588166c3419c17ee5a1762a5e) Importer(2089858483,0ecaa5967403d082aa24f35e1b516d23) (ScriptedImporter) -> (artifact id: 'de3409c5b7ed327c887ecfdc106e64d7') in 0.0457887 seconds
Number of updated asset objects reloaded before import = 0Number of asset objects unloaded after import = 3

========================================================================
Received Import Request.
  Time since last request: 0.000018 seconds.
  path: Assets/LUTE_Starter Scenes/Mapbox/Examples/1_DataExplorer/Traffic/SevereTraffic.png
  artifactKey: Guid(f3d717cde2dd47041a338381f5757a7f) Importer(2089858483,0ecaa5967403d082aa24f35e1b516d23)
Start importing Assets/LUTE_Starter Scenes/Mapbox/Examples/1_DataExplorer/Traffic/SevereTraffic.png using Guid(f3d717cde2dd47041a338381f5757a7f) Importer(2089858483,0ecaa5967403d082aa24f35e1b516d23) (ScriptedImporter) -> (artifact id: '33d89e940008f0349a2ac873491df3f5') in 0.0347425 seconds
Number of updated asset objects reloaded before import = 0Number of asset objects unloaded after import = 1

========================================================================
Received Import Request.
  Time since last request: 0.000026 seconds.
  path: Assets/LUTE/ThirdPartyAssets/TextMesh Pro/Examples & Extras/Scenes/09 - Margin Tag Example.unity
  artifactKey: Guid(349f38d3606449708c7340d26740e1e2) Importer(2089858483,0ecaa5967403d082aa24f35e1b516d23)
Start importing Assets/LUTE/ThirdPartyAssets/TextMesh Pro/Examples & Extras/Scenes/09 - Margin Tag Example.unity using Guid(349f38d3606449708c7340d26740e1e2) Importer(2089858483,0ecaa5967403d082aa24f35e1b516d23) (ScriptedImporter) -> (artifact id: '6bc207d96d5998c958d1926937356fc3') in 0.0154605 seconds
Number of updated asset objects reloaded before import = 0Number of asset objects unloaded after import = 1

========================================================================
Received Import Request.
  Time since last request: 0.000020 seconds.
  path: Assets/LUTE_Starter Scenes/Mapbox/Examples/8_VoxelMap/Scripts/TextureScaler.cs
  artifactKey: Guid(a8a25e65acfda4860a278fa12af6af15) Importer(2089858483,0ecaa5967403d082aa24f35e1b516d23)
Start importing Assets/LUTE_Starter Scenes/Mapbox/Examples/8_VoxelMap/Scripts/TextureScaler.cs using Guid(a8a25e65acfda4860a278fa12af6af15) Importer(2089858483,0ecaa5967403d082aa24f35e1b516d23) (ScriptedImporter) -> (artifact id: '204f70a4a87931809c59c66ca4208b69') in 0.0165626 seconds
Number of updated asset objects reloaded before import = 0Number of asset objects unloaded after import = 0

========================================================================
Received Import Request.
  Time since last request: 0.000039 seconds.
  path: Assets/LUTE_Starter Scenes/Mapbox/Examples/Resources/maki/clothing-store-15.png
  artifactKey: Guid(44aa0e542e870c0428f769ff6a66d886) Importer(2089858483,0ecaa5967403d082aa24f35e1b516d23)
Start importing Assets/LUTE_Starter Scenes/Mapbox/Examples/Resources/maki/clothing-store-15.png using Guid(44aa0e542e870c0428f769ff6a66d886) Importer(2089858483,0ecaa5967403d082aa24f35e1b516d23) (ScriptedImporter) -> (artifact id: '40f23d11ae7abba3d418254259559eec') in 0.0397253 seconds
Number of updated asset objects reloaded before import = 0Number of asset objects unloaded after import = 3

========================================================================
Received Import Request.
  Time since last request: 0.000027 seconds.
  path: Assets/LUTE/ThirdPartyAssets/TextMesh Pro/Examples & Extras/Scenes/28 - HDRP Shader Example.unity
  artifactKey: Guid(eea2b7206368b444e84fbec4ec32b64a) Importer(2089858483,0ecaa5967403d082aa24f35e1b516d23)
Start importing Assets/LUTE/ThirdPartyAssets/TextMesh Pro/Examples & Extras/Scenes/28 - HDRP Shader Example.unity using Guid(eea2b7206368b444e84fbec4ec32b64a) Importer(2089858483,0ecaa5967403d082aa24f35e1b516d23) (ScriptedImporter) -> (artifact id: '89f4860141cb0abd0ebc4a6912022344') in 0.0168819 seconds
Number of updated asset objects reloaded before import = 0Number of asset objects unloaded after import = 1

========================================================================
Received Import Request.
  Time since last request: 0.000058 seconds.
  path: Assets/LUTE_Starter Scenes/Mapbox/Examples/Resources/maki/cricket-15.png
  artifactKey: Guid(9e44961703e2ebe408e6fea710bdfdc1) Importer(2089858483,0ecaa5967403d082aa24f35e1b516d23)
Start importing Assets/LUTE_Starter Scenes/Mapbox/Examples/Resources/maki/cricket-15.png using Guid(9e44961703e2ebe408e6fea710bdfdc1) Importer(2089858483,0ecaa5967403d082aa24f35e1b516d23) (ScriptedImporter) -> (artifact id: 'fc2f36c8d8047fc60e0403ca01074891') in 0.0444871 seconds
Number of updated asset objects reloaded before import = 0Number of asset objects unloaded after import = 3

========================================================================
Received Import Request.
  Time since last request: 0.000022 seconds.
  path: Assets/LUTE/ThirdPartyAssets/TextMesh Pro/Examples & Extras/Scenes/22 - Basic Scripting Example.unity
  artifactKey: Guid(6250f98e58fe4abbaada5d84b7ca846d) Importer(2089858483,0ecaa5967403d082aa24f35e1b516d23)
Start importing Assets/LUTE/ThirdPartyAssets/TextMesh Pro/Examples & Extras/Scenes/22 - Basic Scripting Example.unity using Guid(6250f98e58fe4abbaada5d84b7ca846d) Importer(2089858483,0ecaa5967403d082aa24f35e1b516d23) (ScriptedImporter) -> (artifact id: '0f16e65722f5da76599825e1eb96fc2f') in 0.017075 seconds
Number of updated asset objects reloaded before import = 0Number of asset objects unloaded after import = 1

========================================================================
Received Import Request.
  Time since last request: 0.000024 seconds.
  path: Assets/LUTE_Starter Scenes/Mapbox/Examples/8_VoxelMap/Materials/Snow.mat
  artifactKey: Guid(7460ada75eefd4094bd35100e601df04) Importer(2089858483,0ecaa5967403d082aa24f35e1b516d23)
Start importing Assets/LUTE_Starter Scenes/Mapbox/Examples/8_VoxelMap/Materials/Snow.mat using Guid(7460ada75eefd4094bd35100e601df04) Importer(2089858483,0ecaa5967403d082aa24f35e1b516d23) (ScriptedImporter) -> (artifact id: 'e65fdcb624d5e6e1b2a975eec310acab') in 0.0673688 seconds
Number of updated asset objects reloaded before import = 0Number of asset objects unloaded after import = 1

========================================================================
Received Import Request.
  Time since last request: 0.000555 seconds.
  path: Assets/LUTE_Starter Scenes/Mapbox/Examples/1_DataExplorer/Traffic/HeavyTraffic.png
  artifactKey: Guid(5d806cf3d5c4b28468ac8f0a359e5458) Importer(2089858483,0ecaa5967403d082aa24f35e1b516d23)
Start importing Assets/LUTE_Starter Scenes/Mapbox/Examples/1_DataExplorer/Traffic/HeavyTraffic.png using Guid(5d806cf3d5c4b28468ac8f0a359e5458) Importer(2089858483,0ecaa5967403d082aa24f35e1b516d23) (ScriptedImporter) -> (artifact id: 'b7ac29a98a608aad979110e6ffa5c48b') in 0.0483832 seconds
Number of updated asset objects reloaded before import = 0Number of asset objects unloaded after import = 1

========================================================================
Received Import Request.
  Time since last request: 0.000018 seconds.
  path: Assets/LUTE_Starter Scenes/Mapbox/Examples/5_Playground/Scenes/VectorTile.unity
  artifactKey: Guid(416b524fd28da493a9b8e35443dbd25b) Importer(2089858483,0ecaa5967403d082aa24f35e1b516d23)
Start importing Assets/LUTE_Starter Scenes/Mapbox/Examples/5_Playground/Scenes/VectorTile.unity using Guid(416b524fd28da493a9b8e35443dbd25b) Importer(2089858483,0ecaa5967403d082aa24f35e1b516d23) (ScriptedImporter) -> (artifact id: 'd17e98bf84cb53abc7d2c1390a78cae3') in 0.0157096 seconds
Number of updated asset objects reloaded before import = 0Number of asset objects unloaded after import = 1

========================================================================
Received Import Request.
  Time since last request: 0.000066 seconds.
  path: Assets/LUTE_Starter Scenes/Mapbox/Examples/Resources/maki/drinking-water-15.png
  artifactKey: Guid(65e57bb4e4f224f4ca94062b5b177b9c) Importer(2089858483,0ecaa5967403d082aa24f35e1b516d23)
Start importing Assets/LUTE_Starter Scenes/Mapbox/Examples/Resources/maki/drinking-water-15.png using Guid(65e57bb4e4f224f4ca94062b5b177b9c) Importer(2089858483,0ecaa5967403d082aa24f35e1b516d23) (ScriptedImporter) -> (artifact id: 'f60b03058559458edcfc2dccf68e0680') in 0.0437136 seconds
Number of updated asset objects reloaded before import = 0Number of asset objects unloaded after import = 3

========================================================================
Received Import Request.
  Time since last request: 0.000022 seconds.
  path: Assets/LUTE_Starter Scenes/Mapbox/Examples/1_DataExplorer/Screenshots/TrafficAndDirections.png
  artifactKey: Guid(9f8dc63149c4c452fb12fa47be6bb6c9) Importer(2089858483,0ecaa5967403d082aa24f35e1b516d23)
Start importing Assets/LUTE_Starter Scenes/Mapbox/Examples/1_DataExplorer/Screenshots/TrafficAndDirections.png using Guid(9f8dc63149c4c452fb12fa47be6bb6c9) Importer(2089858483,0ecaa5967403d082aa24f35e1b516d23) (ScriptedImporter) -> (artifact id: 'f71cd365f10cb6d4a023bdb6125972c2') in 0.0322387 seconds
Number of updated asset objects reloaded before import = 0Number of asset objects unloaded after import = 3

========================================================================
Received Import Request.
  Time since last request: 0.000021 seconds.
  path: Assets/LUTE_Starter Scenes/Mapbox/Examples/5_Playground/Scenes/LocationProvider.unity
  artifactKey: Guid(12e74a80942ad194fb4ddd66ed099b5b) Importer(2089858483,0ecaa5967403d082aa24f35e1b516d23)
Start importing Assets/LUTE_Starter Scenes/Mapbox/Examples/5_Playground/Scenes/LocationProvider.unity using Guid(12e74a80942ad194fb4ddd66ed099b5b) Importer(2089858483,0ecaa5967403d082aa24f35e1b516d23) (ScriptedImporter) -> (artifact id: '78d77f61853650809e220e35ba1fd246') in 0.0216381 seconds
Number of updated asset objects reloaded before import = 0Number of asset objects unloaded after import = 1

========================================================================
Received Import Request.
  Time since last request: 0.000021 seconds.
  path: Assets/LUTE/ThirdPartyAssets/TextMesh Pro/Examples & Extras/Scripts/TextConsoleSimulator.cs
  artifactKey: Guid(43bcd35a1c0c40ccb6d472893fe2093f) Importer(2089858483,0ecaa5967403d082aa24f35e1b516d23)
Start importing Assets/LUTE/ThirdPartyAssets/TextMesh Pro/Examples & Extras/Scripts/TextConsoleSimulator.cs using Guid(43bcd35a1c0c40ccb6d472893fe2093f) Importer(2089858483,0ecaa5967403d082aa24f35e1b516d23) (ScriptedImporter) -> (artifact id: '9bc2e999bf383f5e02b8856f2ca97da5') in 0.0230962 seconds
Number of updated asset objects reloaded before import = 0Number of asset objects unloaded after import = 0

========================================================================
Received Import Request.
  Time since last request: 0.000111 seconds.
  path: Assets/LUTE/ThirdPartyAssets/TextMesh Pro/Examples & Extras/Scripts/TMP_PhoneNumberValidator.cs
  artifactKey: Guid(83680ab1a69f4102ac67d1459fe76e1f) Importer(2089858483,0ecaa5967403d082aa24f35e1b516d23)
Start importing Assets/LUTE/ThirdPartyAssets/TextMesh Pro/Examples & Extras/Scripts/TMP_PhoneNumberValidator.cs using Guid(83680ab1a69f4102ac67d1459fe76e1f) Importer(2089858483,0ecaa5967403d082aa24f35e1b516d23) (ScriptedImporter) -> (artifact id: '5811ee9dfce756704ca9862220420dc6') in 0.0161202 seconds
Number of updated asset objects reloaded before import = 0Number of asset objects unloaded after import = 0

========================================================================
Received Import Request.
  Time since last request: 0.000021 seconds.
  path: Assets/LUTE_Starter Scenes/Mapbox/Core/Plugins/Android/libcore-release.aar
  artifactKey: Guid(042faa3fe836242dd9534732f1a4214d) Importer(2089858483,0ecaa5967403d082aa24f35e1b516d23)
Start importing Assets/LUTE_Starter Scenes/Mapbox/Core/Plugins/Android/libcore-release.aar using Guid(042faa3fe836242dd9534732f1a4214d) Importer(2089858483,0ecaa5967403d082aa24f35e1b516d23) (ScriptedImporter) -> (artifact id: '0228b8aea30da3450a5bf0c488f4dffa') in 0.022063 seconds
Number of updated asset objects reloaded before import = 0Number of asset objects unloaded after import = 0

========================================================================
Received Import Request.
  Time since last request: 0.000033 seconds.
  path: Assets/LUTE_Starter Scenes/Mapbox/Core/mapbox-sdk-cs/Geocoding/ForwardGeocodeResource.cs
  artifactKey: Guid(33cb5b2bc4f6f4397a21fdd87dfa0048) Importer(2089858483,0ecaa5967403d082aa24f35e1b516d23)
Start importing Assets/LUTE_Starter Scenes/Mapbox/Core/mapbox-sdk-cs/Geocoding/ForwardGeocodeResource.cs using Guid(33cb5b2bc4f6f4397a21fdd87dfa0048) Importer(2089858483,0ecaa5967403d082aa24f35e1b516d23) (ScriptedImporter) -> (artifact id: 'f1019e394fd38256a90422ee071c5049') in 0.0189797 seconds
Number of updated asset objects reloaded before import = 0Number of asset objects unloaded after import = 0

========================================================================
Received Import Request.
  Time since last request: 0.000018 seconds.
  path: Assets/LUTE_Starter Scenes/Mapbox/Core/mapbox-sdk-cs/Map/TileCover.cs
  artifactKey: Guid(fc67290bfffab4457b83802ef2f4c824) Importer(2089858483,0ecaa5967403d082aa24f35e1b516d23)
Start importing Assets/LUTE_Starter Scenes/Mapbox/Core/mapbox-sdk-cs/Map/TileCover.cs using Guid(fc67290bfffab4457b83802ef2f4c824) Importer(2089858483,0ecaa5967403d082aa24f35e1b516d23) (ScriptedImporter) -> (artifact id: '5741a3df712900546c8b8117ee741ad2') in 0.0206436 seconds
Number of updated asset objects reloaded before import = 0Number of asset objects unloaded after import = 0

========================================================================
Received Import Request.
  Time since last request: 0.000034 seconds.
  path: Assets/LUTE_Starter Scenes/Mapbox/Core/mapbox-sdk-cs/Utils/PolylineUtils.cs
  artifactKey: Guid(3b86e6a08ea6e41c3bd214de1a0b1fa2) Importer(2089858483,0ecaa5967403d082aa24f35e1b516d23)
Start importing Assets/LUTE_Starter Scenes/Mapbox/Core/mapbox-sdk-cs/Utils/PolylineUtils.cs using Guid(3b86e6a08ea6e41c3bd214de1a0b1fa2) Importer(2089858483,0ecaa5967403d082aa24f35e1b516d23) (ScriptedImporter) -> (artifact id: '5d5fc6aab028405138336b0f28401d75') in 0.0220014 seconds
Number of updated asset objects reloaded before import = 0Number of asset objects unloaded after import = 0

========================================================================
Received Import Request.
  Time since last request: 0.000025 seconds.
  path: Assets/LUTE_Starter Scenes/Mapbox/Examples/Resources/maki/amusement-park-15.png
  artifactKey: Guid(2b59ad5241786eb46be431351c72b926) Importer(2089858483,0ecaa5967403d082aa24f35e1b516d23)
Start importing Assets/LUTE_Starter Scenes/Mapbox/Examples/Resources/maki/amusement-park-15.png using Guid(2b59ad5241786eb46be431351c72b926) Importer(2089858483,0ecaa5967403d082aa24f35e1b516d23) (ScriptedImporter) -> (artifact id: 'f05acbccb02ef40055f2d676c1dc160e') in 0.0400695 seconds
Number of updated asset objects reloaded before import = 0Number of asset objects unloaded after import = 3

========================================================================
Received Import Request.
  Time since last request: 0.000020 seconds.
  path: Assets/LUTE_Starter Scenes/Sprites/CharacterHeads/Animals/Round without details (outline)/monkey.png
  artifactKey: Guid(82c9767065bcb5a4dbcfc72dadbcadbb) Importer(2089858483,0ecaa5967403d082aa24f35e1b516d23)
Start importing Assets/LUTE_Starter Scenes/Sprites/CharacterHeads/Animals/Round without details (outline)/monkey.png using Guid(82c9767065bcb5a4dbcfc72dadbcadbb) Importer(2089858483,0ecaa5967403d082aa24f35e1b516d23) (ScriptedImporter) -> (artifact id: '62dd8f08a52758e057b7346d1f2c8c0e') in 0.0459043 seconds
Number of updated asset objects reloaded before import = 0Number of asset objects unloaded after import = 3

========================================================================
Received Import Request.
  Time since last request: 0.000066 seconds.
  path: Assets/LUTE_Starter Scenes/Sprites/CharacterHeads/Animals/Round (outline)/monkey.png
  artifactKey: Guid(fe752b636c0656c40b4ee85a814e0053) Importer(2089858483,0ecaa5967403d082aa24f35e1b516d23)
Start importing Assets/LUTE_Starter Scenes/Sprites/CharacterHeads/Animals/Round (outline)/monkey.png using Guid(fe752b636c0656c40b4ee85a814e0053) Importer(2089858483,0ecaa5967403d082aa24f35e1b516d23) (ScriptedImporter) -> (artifact id: '20eb78b8e8734cd34f0bb5c376249658') in 0.0522999 seconds
Number of updated asset objects reloaded before import = 0Number of asset objects unloaded after import = 3

========================================================================
Received Import Request.
  Time since last request: 0.000023 seconds.
  path: Assets/LUTE_Starter Scenes/Sprites/CharacterHeads/Animals/Round without details/parrot.png
  artifactKey: Guid(84486a0d8fc7014458926150bc573b65) Importer(2089858483,0ecaa5967403d082aa24f35e1b516d23)
Start importing Assets/LUTE_Starter Scenes/Sprites/CharacterHeads/Animals/Round without details/parrot.png using Guid(84486a0d8fc7014458926150bc573b65) Importer(2089858483,0ecaa5967403d082aa24f35e1b516d23) (ScriptedImporter) -> (artifact id: '76c97abf5304cf0d9b136e6556da79af') in 0.0335792 seconds
Number of updated asset objects reloaded before import = 0Number of asset objects unloaded after import = 3

========================================================================
Received Import Request.
  Time since last request: 0.000029 seconds.
  path: Assets/LUTE_Starter Scenes/Mapbox/Examples/Resources/maki/telephone-15.png
  artifactKey: Guid(ac8cf0225fee67d4f86b968f8ed64468) Importer(2089858483,0ecaa5967403d082aa24f35e1b516d23)
Start importing Assets/LUTE_Starter Scenes/Mapbox/Examples/Resources/maki/telephone-15.png using Guid(ac8cf0225fee67d4f86b968f8ed64468) Importer(2089858483,0ecaa5967403d082aa24f35e1b516d23) (ScriptedImporter) -> (artifact id: '303ff1961880708aec6ca96876ca4446') in 0.0426003 seconds
Number of updated asset objects reloaded before import = 0Number of asset objects unloaded after import = 3

========================================================================
Received Import Request.
  Time since last request: 0.000036 seconds.
  path: Assets/LUTE_Starter Scenes/Scenes/Games/AR/Prefabs/XR.prefab
  artifactKey: Guid(50679135962922943b9838a3d94df9b9) Importer(2089858483,0ecaa5967403d082aa24f35e1b516d23)
Start importing Assets/LUTE_Starter Scenes/Scenes/Games/AR/Prefabs/XR.prefab using Guid(50679135962922943b9838a3d94df9b9) Importer(2089858483,0ecaa5967403d082aa24f35e1b516d23) (ScriptedImporter) -> (artifact id: '2041b23fe8bda767d30180e1b32bc226') in 0.2044222 seconds
Number of updated asset objects reloaded before import = 0Number of asset objects unloaded after import = 104

========================================================================
Received Import Request.
  Time since last request: 0.000029 seconds.
  path: Assets/LUTE_Starter Scenes/Mapbox/Unity/Map/Interfaces/IMapPlacementStrategy.cs
  artifactKey: Guid(aa6c9ee2f3b546dc9df96694c85e82c5) Importer(2089858483,0ecaa5967403d082aa24f35e1b516d23)
Start importing Assets/LUTE_Starter Scenes/Mapbox/Unity/Map/Interfaces/IMapPlacementStrategy.cs using Guid(aa6c9ee2f3b546dc9df96694c85e82c5) Importer(2089858483,0ecaa5967403d082aa24f35e1b516d23) (ScriptedImporter) -> (artifact id: '64c59f379aa265f0b30e725dee436811') in 0.0510875 seconds
Number of updated asset objects reloaded before import = 0Number of asset objects unloaded after import = 0

========================================================================
Received Import Request.
  Time since last request: 0.000181 seconds.
  path: Assets/LUTE_Starter Scenes/Mapbox/Resources/HeroStructures/Materials/StatueOfLibertyBody.mat
  artifactKey: Guid(b06e58202ed324d33ad23577d5f69e5d) Importer(2089858483,0ecaa5967403d082aa24f35e1b516d23)
Start importing Assets/LUTE_Starter Scenes/Mapbox/Resources/HeroStructures/Materials/StatueOfLibertyBody.mat using Guid(b06e58202ed324d33ad23577d5f69e5d) Importer(2089858483,0ecaa5967403d082aa24f35e1b516d23) (ScriptedImporter) -> (artifact id: 'cf9cf1a12a7ad663ea995c8a2da6843a') in 0.0302881 seconds
Number of updated asset objects reloaded before import = 0Number of asset objects unloaded after import = 1

========================================================================
Received Import Request.
  Time since last request: 0.000129 seconds.
  path: Assets/LUTE_Starter Scenes/Mapbox/Examples/Resources/maki/zoo-15.png
  artifactKey: Guid(8e1b3d7011cd4ff4bb10438e495d6073) Importer(2089858483,0ecaa5967403d082aa24f35e1b516d23)
Start importing Assets/LUTE_Starter Scenes/Mapbox/Examples/Resources/maki/zoo-15.png using Guid(8e1b3d7011cd4ff4bb10438e495d6073) Importer(2089858483,0ecaa5967403d082aa24f35e1b516d23) (ScriptedImporter) -> (artifact id: 'c684d4712c4ecec075059ed52b20f95e') in 0.0556958 seconds
Number of updated asset objects reloaded before import = 0Number of asset objects unloaded after import = 3

========================================================================
Received Import Request.
  Time since last request: 0.000018 seconds.
  path: Assets/LUTE_Starter Scenes/Mapbox/Unity/MeshGeneration/LayerVisualizers/VectorLayerVisualizer.cs
  artifactKey: Guid(120e43a7012622e49aca0c9217acd1f9) Importer(2089858483,0ecaa5967403d082aa24f35e1b516d23)
Start importing Assets/LUTE_Starter Scenes/Mapbox/Unity/MeshGeneration/LayerVisualizers/VectorLayerVisualizer.cs using Guid(120e43a7012622e49aca0c9217acd1f9) Importer(2089858483,0ecaa5967403d082aa24f35e1b516d23) (ScriptedImporter) -> (artifact id: '6b9f0830d331240588054425db4811d6') in 0.015783 seconds
Number of updated asset objects reloaded before import = 0Number of asset objects unloaded after import = 0

========================================================================
Received Import Request.
  Time since last request: 0.000051 seconds.
  path: Assets/LUTE_Starter Scenes/Mapbox/Unity/MeshGeneration/Modifiers/ModifierStackBase.cs
  artifactKey: Guid(1d1f69f648851b7449e643a82076ce8c) Importer(2089858483,0ecaa5967403d082aa24f35e1b516d23)
Start importing Assets/LUTE_Starter Scenes/Mapbox/Unity/MeshGeneration/Modifiers/ModifierStackBase.cs using Guid(1d1f69f648851b7449e643a82076ce8c) Importer(2089858483,0ecaa5967403d082aa24f35e1b516d23) (ScriptedImporter) -> (artifact id: '5a0c0a769b5eec11649b54f187c75ce7') in 0.0216128 seconds
Number of updated asset objects reloaded before import = 0Number of asset objects unloaded after import = 0

========================================================================
Received Import Request.
  Time since last request: 0.000115 seconds.
  path: Assets/LUTE_Starter Scenes/Scenes/Games/AR/WIP_Scenes (DO_NOT_USE)/Basic_AR_Scene.unity
  artifactKey: Guid(00b597f31a7c19b43a0937fe74917700) Importer(2089858483,0ecaa5967403d082aa24f35e1b516d23)
Start importing Assets/LUTE_Starter Scenes/Scenes/Games/AR/WIP_Scenes (DO_NOT_USE)/Basic_AR_Scene.unity using Guid(00b597f31a7c19b43a0937fe74917700) Importer(2089858483,0ecaa5967403d082aa24f35e1b516d23) (ScriptedImporter) -> (artifact id: '734987ee386888e26ea27963fa44cbc3') in 0.0212576 seconds
Number of updated asset objects reloaded before import = 0Number of asset objects unloaded after import = 1

========================================================================
Received Import Request.
  Time since last request: 0.000051 seconds.
  path: Assets/LUTE_Starter Scenes/Mapbox/Unity/Editor/PropertyDrawers/TerrainSideWallOptionsDrawer.cs
  artifactKey: Guid(7e18fe9e46c4e4426ae988fe03893a06) Importer(2089858483,0ecaa5967403d082aa24f35e1b516d23)
Start importing Assets/LUTE_Starter Scenes/Mapbox/Unity/Editor/PropertyDrawers/TerrainSideWallOptionsDrawer.cs using Guid(7e18fe9e46c4e4426ae988fe03893a06) Importer(2089858483,0ecaa5967403d082aa24f35e1b516d23) (ScriptedImporter) -> (artifact id: '54cde08dd8243b82952888924ef3f3ea') in 0.0196475 seconds
Number of updated asset objects reloaded before import = 0Number of asset objects unloaded after import = 0

========================================================================
Received Import Request.
  Time since last request: 0.000035 seconds.
  path: Assets/LUTE_Starter Scenes/Scenes/Games/AR/Scripts/ARFeatheredPlaneMeshVisualizer.cs
  artifactKey: Guid(81f3fceed7e42f24599e2c0661c91198) Importer(2089858483,0ecaa5967403d082aa24f35e1b516d23)
Start importing Assets/LUTE_Starter Scenes/Scenes/Games/AR/Scripts/ARFeatheredPlaneMeshVisualizer.cs using Guid(81f3fceed7e42f24599e2c0661c91198) Importer(2089858483,0ecaa5967403d082aa24f35e1b516d23) (ScriptedImporter) -> (artifact id: '95f3e65a432a8a809911f9bbfe123628') in 0.0188077 seconds
Number of updated asset objects reloaded before import = 0Number of asset objects unloaded after import = 0

========================================================================
Received Import Request.
  Time since last request: 0.000044 seconds.
  path: Assets/LUTE_Starter Scenes/Mapbox/Unity/Location/UnityLocationWrappers/MapboxLocationInfoMock.cs
  artifactKey: Guid(0125a68c0c6f0f1488fed592d7f135b1) Importer(2089858483,0ecaa5967403d082aa24f35e1b516d23)
Start importing Assets/LUTE_Starter Scenes/Mapbox/Unity/Location/UnityLocationWrappers/MapboxLocationInfoMock.cs using Guid(0125a68c0c6f0f1488fed592d7f135b1) Importer(2089858483,0ecaa5967403d082aa24f35e1b516d23) (ScriptedImporter) -> (artifact id: '6d9e25e4de25ca4e7c8f39f3f0348f82') in 0.020508 seconds
Number of updated asset objects reloaded before import = 0Number of asset objects unloaded after import = 0

========================================================================
Received Import Request.
  Time since last request: 0.000082 seconds.
  path: Assets/LUTE_Starter Scenes/Mapbox/Unity/MeshGeneration/Modifiers/IReplacementCriteria.cs
  artifactKey: Guid(f3eb10303f9b149e5980a3508a9f1039) Importer(2089858483,0ecaa5967403d082aa24f35e1b516d23)
Start importing Assets/LUTE_Starter Scenes/Mapbox/Unity/MeshGeneration/Modifiers/IReplacementCriteria.cs using Guid(f3eb10303f9b149e5980a3508a9f1039) Importer(2089858483,0ecaa5967403d082aa24f35e1b516d23) (ScriptedImporter) -> (artifact id: '0c32f8fe23024c5ded94323583dda304') in 0.0294477 seconds
Number of updated asset objects reloaded before import = 0Number of asset objects unloaded after import = 0

========================================================================
Received Import Request.
  Time since last request: 0.002865 seconds.
  path: Assets/LUTE_Starter Scenes/Mapbox/Unity/MeshGeneration/Data/MeshData.cs
  artifactKey: Guid(2dc52b40d4a914f4d88ef8d5547272b5) Importer(2089858483,0ecaa5967403d082aa24f35e1b516d23)
Start importing Assets/LUTE_Starter Scenes/Mapbox/Unity/MeshGeneration/Data/MeshData.cs using Guid(2dc52b40d4a914f4d88ef8d5547272b5) Importer(2089858483,0ecaa5967403d082aa24f35e1b516d23) (ScriptedImporter) -> (artifact id: 'd7230f1748d12a2808e1902dfb4a8988') in 0.0223848 seconds
Number of updated asset objects reloaded before import = 0Number of asset objects unloaded after import = 0

========================================================================
Received Import Request.
  Time since last request: 0.000127 seconds.
  path: Assets/LUTE_Starter Scenes/Mapbox/Examples/Resources/maki/stadium-15.png
  artifactKey: Guid(5cd344da491f1044ba6206898a1e79f0) Importer(2089858483,0ecaa5967403d082aa24f35e1b516d23)
Start importing Assets/LUTE_Starter Scenes/Mapbox/Examples/Resources/maki/stadium-15.png using Guid(5cd344da491f1044ba6206898a1e79f0) Importer(2089858483,0ecaa5967403d082aa24f35e1b516d23) (ScriptedImporter) -> (artifact id: '8ee0ed0c3db3077738d9d4296e456be1') in 0.0486569 seconds
Number of updated asset objects reloaded before import = 0Number of asset objects unloaded after import = 3

========================================================================
Received Import Request.
  Time since last request: 0.000018 seconds.
  path: Assets/LUTE_Starter Scenes/Mapbox/Examples/Resources/maki/religious-muslim-15.png
  artifactKey: Guid(b53bccd9065361e45b022c2778c6cdf7) Importer(2089858483,0ecaa5967403d082aa24f35e1b516d23)
Start importing Assets/LUTE_Starter Scenes/Mapbox/Examples/Resources/maki/religious-muslim-15.png using Guid(b53bccd9065361e45b022c2778c6cdf7) Importer(2089858483,0ecaa5967403d082aa24f35e1b516d23) (ScriptedImporter) -> (artifact id: '017b0299472ac1cea3cc267a9cdb610d') in 0.0701171 seconds
Number of updated asset objects reloaded before import = 0Number of asset objects unloaded after import = 3

========================================================================
Received Import Request.
  Time since last request: 0.000051 seconds.
  path: Assets/LUTE_Starter Scenes/Mapbox/Unity/Location/ExampleGpsTraces/Helsinki.txt
  artifactKey: Guid(5e6bb7224cef35c4788a4817b1c9778d) Importer(2089858483,0ecaa5967403d082aa24f35e1b516d23)
Start importing Assets/LUTE_Starter Scenes/Mapbox/Unity/Location/ExampleGpsTraces/Helsinki.txt using Guid(5e6bb7224cef35c4788a4817b1c9778d) Importer(2089858483,0ecaa5967403d082aa24f35e1b516d23) (ScriptedImporter) -> (artifact id: '50dc329ca420b265a004941e22fa5109') in 0.0186041 seconds
Number of updated asset objects reloaded before import = 0Number of asset objects unloaded after import = 1

========================================================================
Received Import Request.
  Time since last request: 0.000038 seconds.
  path: Assets/LUTE_Starter Scenes/Mapbox/Unity/MeshGeneration/Modifiers/MergedModifierStack.cs
  artifactKey: Guid(ef7239c46ddb6ab469994291c9603c01) Importer(2089858483,0ecaa5967403d082aa24f35e1b516d23)
Start importing Assets/LUTE_Starter Scenes/Mapbox/Unity/MeshGeneration/Modifiers/MergedModifierStack.cs using Guid(ef7239c46ddb6ab469994291c9603c01) Importer(2089858483,0ecaa5967403d082aa24f35e1b516d23) (ScriptedImporter) -> (artifact id: 'd912e124da9699405d5dc381ae9b913a') in 0.0172624 seconds
Number of updated asset objects reloaded before import = 0Number of asset objects unloaded after import = 0

========================================================================
Received Import Request.
  Time since last request: 0.000045 seconds.
  path: Assets/LUTE_Starter Scenes/Mapbox/Unity/Editor/PropertyDrawers/ElevationModificationOptionsDrawer.cs
  artifactKey: Guid(299ec1d2adf5f4418aa69f1441d59731) Importer(2089858483,0ecaa5967403d082aa24f35e1b516d23)
Start importing Assets/LUTE_Starter Scenes/Mapbox/Unity/Editor/PropertyDrawers/ElevationModificationOptionsDrawer.cs using Guid(299ec1d2adf5f4418aa69f1441d59731) Importer(2089858483,0ecaa5967403d082aa24f35e1b516d23) (ScriptedImporter) -> (artifact id: '9f25a6c74ef93efd7cd851a6ff436a1d') in 0.0180319 seconds
Number of updated asset objects reloaded before import = 0Number of asset objects unloaded after import = 0

========================================================================
Received Import Request.
  Time since last request: 0.000158 seconds.
  path: Assets/LUTE_Starter Scenes/Mapbox/Unity/Editor/PropertyDrawers/CoreVectorLayerPropertiesDrawer.cs
  artifactKey: Guid(a198cd5919ca149099130ba68e0f258b) Importer(2089858483,0ecaa5967403d082aa24f35e1b516d23)
Start importing Assets/LUTE_Starter Scenes/Mapbox/Unity/Editor/PropertyDrawers/CoreVectorLayerPropertiesDrawer.cs using Guid(a198cd5919ca149099130ba68e0f258b) Importer(2089858483,0ecaa5967403d082aa24f35e1b516d23) (ScriptedImporter) -> (artifact id: '7547ba7492346a01befdfda495ce74f8') in 0.0219965 seconds
Number of updated asset objects reloaded before import = 0Number of asset objects unloaded after import = 0

========================================================================
Received Import Request.
  Time since last request: 0.000031 seconds.
  path: Assets/LUTE_Starter Scenes/Mapbox/Unity/Location/AngleSmoothing/AngleSmoothingLowPass.cs
  artifactKey: Guid(5bc20e719eeb82d448d4698d29d526c0) Importer(2089858483,0ecaa5967403d082aa24f35e1b516d23)
Start importing Assets/LUTE_Starter Scenes/Mapbox/Unity/Location/AngleSmoothing/AngleSmoothingLowPass.cs using Guid(5bc20e719eeb82d448d4698d29d526c0) Importer(2089858483,0ecaa5967403d082aa24f35e1b516d23) (ScriptedImporter) -> (artifact id: '6a33f4e13e73853ae09d75cdc58bb01d') in 0.0184558 seconds
Number of updated asset objects reloaded before import = 0Number of asset objects unloaded after import = 0

========================================================================
Received Import Request.
  Time since last request: 0.000071 seconds.
  path: Assets/LUTE_Starter Scenes/Sprites/CharacterHeads/Animals/Round (outline)/pig.png
  artifactKey: Guid(7b1989db28e31c74b996fd9aece84fd9) Importer(2089858483,0ecaa5967403d082aa24f35e1b516d23)
Start importing Assets/LUTE_Starter Scenes/Sprites/CharacterHeads/Animals/Round (outline)/pig.png using Guid(7b1989db28e31c74b996fd9aece84fd9) Importer(2089858483,0ecaa5967403d082aa24f35e1b516d23) (ScriptedImporter) -> (artifact id: 'daeff4f33f6823be4147c662e83ede0a') in 0.0374064 seconds
Number of updated asset objects reloaded before import = 0Number of asset objects unloaded after import = 3

========================================================================
Received Import Request.
  Time since last request: 0.000019 seconds.
  path: Assets/LUTE_Starter Scenes/Mapbox/Unity/Map/Strategies/MapScalingAtWorldScaleStrategy.cs
  artifactKey: Guid(cc8da5d9c56144fc8758276cc931710e) Importer(2089858483,0ecaa5967403d082aa24f35e1b516d23)
Start importing Assets/LUTE_Starter Scenes/Mapbox/Unity/Map/Strategies/MapScalingAtWorldScaleStrategy.cs using Guid(cc8da5d9c56144fc8758276cc931710e) Importer(2089858483,0ecaa5967403d082aa24f35e1b516d23) (ScriptedImporter) -> (artifact id: '85d46b542e052dc1e98575920eed8c73') in 0.0190731 seconds
Number of updated asset objects reloaded before import = 0Number of asset objects unloaded after import = 0

========================================================================
Received Import Request.
  Time since last request: 0.000023 seconds.
  path: Assets/LUTE_Starter Scenes/Mapbox/Examples/Resources/maki/restaurant-15.png
  artifactKey: Guid(c57d8ad3580afa9469a25d7f694c7ef4) Importer(2089858483,0ecaa5967403d082aa24f35e1b516d23)
Start importing Assets/LUTE_Starter Scenes/Mapbox/Examples/Resources/maki/restaurant-15.png using Guid(c57d8ad3580afa9469a25d7f694c7ef4) Importer(2089858483,0ecaa5967403d082aa24f35e1b516d23) (ScriptedImporter) -> (artifact id: '4c1f9f0fed87b982f790cb2f2f815020') in 0.0384321 seconds
Number of updated asset objects reloaded before import = 0Number of asset objects unloaded after import = 3

========================================================================
Received Import Request.
  Time since last request: 0.000021 seconds.
  path: Assets/LUTE_Starter Scenes/Mapbox/Examples/1_DataExplorer/Modules/AdminLayer/ExplorerAdminLayer.asset
  artifactKey: Guid(a43834b9bf817be448df812918e8ea49) Importer(2089858483,0ecaa5967403d082aa24f35e1b516d23)
Start importing Assets/LUTE_Starter Scenes/Mapbox/Examples/1_DataExplorer/Modules/AdminLayer/ExplorerAdminLayer.asset using Guid(a43834b9bf817be448df812918e8ea49) Importer(2089858483,0ecaa5967403d082aa24f35e1b516d23) (ScriptedImporter) -> (artifact id: '2d9bab77f5f05dcc16f955b1c09063ed') in 0.0882868 seconds
Number of updated asset objects reloaded before import = 0Number of asset objects unloaded after import = 1

========================================================================
Received Import Request.
  Time since last request: 0.000024 seconds.
  path: Assets/LUTE_Starter Scenes/Mapbox/Core/mapbox-sdk-cs/Utils/JsonConverters/BboxToGeoCoordinateBoundsConverter.cs
  artifactKey: Guid(382bc19f5f34f4f14985294dbd8d4f73) Importer(2089858483,0ecaa5967403d082aa24f35e1b516d23)
Start importing Assets/LUTE_Starter Scenes/Mapbox/Core/mapbox-sdk-cs/Utils/JsonConverters/BboxToGeoCoordinateBoundsConverter.cs using Guid(382bc19f5f34f4f14985294dbd8d4f73) Importer(2089858483,0ecaa5967403d082aa24f35e1b516d23) (ScriptedImporter) -> (artifact id: '69667a38a9cb44ee112228391e40e894') in 0.2612527 seconds
Number of updated asset objects reloaded before import = 0Number of asset objects unloaded after import = 0

========================================================================
Received Import Request.
  Time since last request: 0.000048 seconds.
  path: Assets/LUTE_Starter Scenes/Mapbox/Core/mapbox-sdk-cs/Platform/Cache/MemoryCache.cs
  artifactKey: Guid(2bd70b309ec2fd645af3e189d1d7ea5f) Importer(2089858483,0ecaa5967403d082aa24f35e1b516d23)
Start importing Assets/LUTE_Starter Scenes/Mapbox/Core/mapbox-sdk-cs/Platform/Cache/MemoryCache.cs using Guid(2bd70b309ec2fd645af3e189d1d7ea5f) Importer(2089858483,0ecaa5967403d082aa24f35e1b516d23) (ScriptedImporter) -> (artifact id: '71f67b9e2299a429cda604a6b58a9d39') in 0.1740954 seconds
Number of updated asset objects reloaded before import = 0Number of asset objects unloaded after import = 0

========================================================================
Received Import Request.
  Time since last request: 0.000087 seconds.
  path: Assets/LUTE_Starter Scenes/Mapbox/Core/Plugins/Android/UniAndroidPermission/AndroidManifest-uniRP.xml
  artifactKey: Guid(9a957c06543b147a1b950f050282d728) Importer(2089858483,0ecaa5967403d082aa24f35e1b516d23)
Start importing Assets/LUTE_Starter Scenes/Mapbox/Core/Plugins/Android/UniAndroidPermission/AndroidManifest-uniRP.xml using Guid(9a957c06543b147a1b950f050282d728) Importer(2089858483,0ecaa5967403d082aa24f35e1b516d23) (ScriptedImporter) -> (artifact id: '5ba7f496d54a6a67a7ece9f99173b553') in 0.3491116 seconds
Number of updated asset objects reloaded before import = 0Number of asset objects unloaded after import = 1

========================================================================
Received Import Request.
  Time since last request: 0.000016 seconds.
  path: Assets/LUTE_Starter Scenes/Mapbox/Examples/1_DataExplorer/Modules/AdminLayer/ExplorerAdminHeightModifier.asset
  artifactKey: Guid(5599bc26f770089499c427c38ae51a83) Importer(2089858483,0ecaa5967403d082aa24f35e1b516d23)
Start importing Assets/LUTE_Starter Scenes/Mapbox/Examples/1_DataExplorer/Modules/AdminLayer/ExplorerAdminHeightModifier.asset using Guid(5599bc26f770089499c427c38ae51a83) Importer(2089858483,0ecaa5967403d082aa24f35e1b516d23) (ScriptedImporter) -> (artifact id: 'c6f6504fa364fd6e8744d76e67d68641') in 0.0258482 seconds
Number of updated asset objects reloaded before import = 0Number of asset objects unloaded after import = 1

========================================================================
Received Import Request.
  Time since last request: 0.000033 seconds.
  path: Assets/LUTE_Starter Scenes/Sprites/CharacterHeads/Animals/Square without details/monkey.png
  artifactKey: Guid(3bbaa64289b30f34eac25d0faa92df50) Importer(2089858483,0ecaa5967403d082aa24f35e1b516d23)
Start importing Assets/LUTE_Starter Scenes/Sprites/CharacterHeads/Animals/Square without details/monkey.png using Guid(3bbaa64289b30f34eac25d0faa92df50) Importer(2089858483,0ecaa5967403d082aa24f35e1b516d23) (ScriptedImporter) -> (artifact id: '50230a71a18adad09d3f9524c3b503a6') in 0.0521606 seconds
Number of updated asset objects reloaded before import = 0Number of asset objects unloaded after import = 3

========================================================================
Received Import Request.
  Time since last request: 0.000029 seconds.
  path: Assets/LUTE/ThirdPartyAssets/InventoryEngine/MMTools/MMAudio/MMPlaylist/MMPlaylistRemote.cs
  artifactKey: Guid(7511c4dccd4cbd54ab12529a4389e81c) Importer(2089858483,0ecaa5967403d082aa24f35e1b516d23)
Start importing Assets/LUTE/ThirdPartyAssets/InventoryEngine/MMTools/MMAudio/MMPlaylist/MMPlaylistRemote.cs using Guid(7511c4dccd4cbd54ab12529a4389e81c) Importer(2089858483,0ecaa5967403d082aa24f35e1b516d23) (ScriptedImporter) -> (artifact id: 'ea3b03ad7b6bcf65367e73261b75011d') in 0.0275795 seconds
Number of updated asset objects reloaded before import = 0Number of asset objects unloaded after import = 0

========================================================================
Received Import Request.
  Time since last request: 0.000048 seconds.
  path: Assets/LUTE_Starter Scenes/Mapbox/Examples/1_DataExplorer/Modules/LabelLayers/ExplorerCountryLabelLayer.asset
  artifactKey: Guid(d068e44a5bb589e4c9be8ff92d2672c8) Importer(2089858483,0ecaa5967403d082aa24f35e1b516d23)
Start importing Assets/LUTE_Starter Scenes/Mapbox/Examples/1_DataExplorer/Modules/LabelLayers/ExplorerCountryLabelLayer.asset using Guid(d068e44a5bb589e4c9be8ff92d2672c8) Importer(2089858483,0ecaa5967403d082aa24f35e1b516d23) (ScriptedImporter) -> (artifact id: '4a9c23d7d6513e3bcfb46379b8bb3917') in 0.0516432 seconds
Number of updated asset objects reloaded before import = 0Number of asset objects unloaded after import = 1

========================================================================
Received Import Request.
  Time since last request: 0.000017 seconds.
  path: Assets/LUTE_Starter Scenes/Sprites/CharacterHeads/Animals/Square without details (outline)/elephant.png
  artifactKey: Guid(35d03869dc8ed8a498e8162fcc1327e2) Importer(2089858483,0ecaa5967403d082aa24f35e1b516d23)
Start importing Assets/LUTE_Starter Scenes/Sprites/CharacterHeads/Animals/Square without details (outline)/elephant.png using Guid(35d03869dc8ed8a498e8162fcc1327e2) Importer(2089858483,0ecaa5967403d082aa24f35e1b516d23) (ScriptedImporter) -> (artifact id: '09e53c3a48e02a83c6879f121c64ee44') in 0.0410755 seconds
Number of updated asset objects reloaded before import = 0Number of asset objects unloaded after import = 3

========================================================================
Received Import Request.
  Time since last request: 0.000026 seconds.
  path: Assets/LUTE/ThirdPartyAssets/BogGames/Bog_Tools/Bog_Attributes/Editor/BogGames.Tools.Attributes.Editor.asmdef
  artifactKey: Guid(188c6ece61731474ca4a1c2d8c1b41cf) Importer(2089858483,0ecaa5967403d082aa24f35e1b516d23)
Start importing Assets/LUTE/ThirdPartyAssets/BogGames/Bog_Tools/Bog_Attributes/Editor/BogGames.Tools.Attributes.Editor.asmdef using Guid(188c6ece61731474ca4a1c2d8c1b41cf) Importer(2089858483,0ecaa5967403d082aa24f35e1b516d23) (ScriptedImporter) -> (artifact id: 'c925fc19e61f1807ad71732b66e34716') in 0.0432543 seconds
Number of updated asset objects reloaded before import = 0Number of asset objects unloaded after import = 1

========================================================================
Received Import Request.
  Time since last request: 0.000024 seconds.
  path: Assets/LUTE_Starter Scenes/Mapbox/Core/mapbox-sdk-cs/Directions/Response/Waypoint.cs
  artifactKey: Guid(813ff4647909949fdbd67f232221cab3) Importer(2089858483,0ecaa5967403d082aa24f35e1b516d23)
Start importing Assets/LUTE_Starter Scenes/Mapbox/Core/mapbox-sdk-cs/Directions/Response/Waypoint.cs using Guid(813ff4647909949fdbd67f232221cab3) Importer(2089858483,0ecaa5967403d082aa24f35e1b516d23) (ScriptedImporter) -> (artifact id: '769a82ddaedfb206a17583d3a6242946') in 0.0173118 seconds
Number of updated asset objects reloaded before import = 0Number of asset objects unloaded after import = 0

========================================================================
Received Import Request.
  Time since last request: 0.000049 seconds.
  path: Assets/LUTE/ThirdPartyAssets/InventoryEngine/MMTools/MMAudio/MMSoundManager/MMSoundManager.cs
  artifactKey: Guid(614edb33c38bcf949846d5675f29f9fb) Importer(2089858483,0ecaa5967403d082aa24f35e1b516d23)
Start importing Assets/LUTE/ThirdPartyAssets/InventoryEngine/MMTools/MMAudio/MMSoundManager/MMSoundManager.cs using Guid(614edb33c38bcf949846d5675f29f9fb) Importer(2089858483,0ecaa5967403d082aa24f35e1b516d23) (ScriptedImporter) -> (artifact id: 'efdebbe58b0413e1f2a527c62f8b74ee') in 0.0157242 seconds
Number of updated asset objects reloaded before import = 0Number of asset objects unloaded after import = 0

========================================================================
Received Import Request.
  Time since last request: 0.000034 seconds.
  path: Assets/LUTE_Starter Scenes/Sprites/CharacterHeads/Animals/Square without details/pig.png
  artifactKey: Guid(cfa8f23026dc412478da5387a5664c1c) Importer(2089858483,0ecaa5967403d082aa24f35e1b516d23)
Start importing Assets/LUTE_Starter Scenes/Sprites/CharacterHeads/Animals/Square without details/pig.png using Guid(cfa8f23026dc412478da5387a5664c1c) Importer(2089858483,0ecaa5967403d082aa24f35e1b516d23) (ScriptedImporter) -> (artifact id: '9358c665216d0fe0be4bf1dad1431ea5') in 0.0562695 seconds
Number of updated asset objects reloaded before import = 0Number of asset objects unloaded after import = 3

========================================================================
Received Import Request.
  Time since last request: 0.000022 seconds.
  path: Assets/LUTE/ThirdPartyAssets/WoLfulus/LineEnding/Documentation/Images/settings.png
  artifactKey: Guid(bd2078584a71a604ba5291f0213c11d2) Importer(2089858483,0ecaa5967403d082aa24f35e1b516d23)
Start importing Assets/LUTE/ThirdPartyAssets/WoLfulus/LineEnding/Documentation/Images/settings.png using Guid(bd2078584a71a604ba5291f0213c11d2) Importer(2089858483,0ecaa5967403d082aa24f35e1b516d23) (ScriptedImporter) -> (artifact id: '39a8c286fefb0b713fec2a005410be41') in 0.0401904 seconds
Number of updated asset objects reloaded before import = 0Number of asset objects unloaded after import = 1

========================================================================
Received Import Request.
  Time since last request: 0.000050 seconds.
  path: Assets/LUTE_Starter Scenes/Mapbox/Examples/1_DataExplorer/Modules/BarrierLine/ExplorerBarrierLayer.asset
  artifactKey: Guid(22e0f35be3a038942b4521c6fec760d6) Importer(2089858483,0ecaa5967403d082aa24f35e1b516d23)
Start importing Assets/LUTE_Starter Scenes/Mapbox/Examples/1_DataExplorer/Modules/BarrierLine/ExplorerBarrierLayer.asset using Guid(22e0f35be3a038942b4521c6fec760d6) Importer(2089858483,0ecaa5967403d082aa24f35e1b516d23) (ScriptedImporter) -> (artifact id: '2f40182a31bf236ae56c8a57b032d934') in 0.0274917 seconds
Number of updated asset objects reloaded before import = 0Number of asset objects unloaded after import = 1

========================================================================
Received Import Request.
  Time since last request: 0.000018 seconds.
  path: Assets/LUTE_Starter Scenes/Sprites/CharacterHeads/Animals/Square (outline)/pig.png
  artifactKey: Guid(ca9a72f6fee15d74f93eff954db472f9) Importer(2089858483,0ecaa5967403d082aa24f35e1b516d23)
Start importing Assets/LUTE_Starter Scenes/Sprites/CharacterHeads/Animals/Square (outline)/pig.png using Guid(ca9a72f6fee15d74f93eff954db472f9) Importer(2089858483,0ecaa5967403d082aa24f35e1b516d23) (ScriptedImporter) -> (artifact id: 'e21271641968be27b18d0e883795ccd9') in 0.1632563 seconds
Number of updated asset objects reloaded before import = 0Number of asset objects unloaded after import = 3

========================================================================
Received Import Request.
  Time since last request: 0.000023 seconds.
  path: Assets/LUTE_Starter Scenes/Mapbox/Core/Plugins/sqlite/x64/sqlite3.dll
  artifactKey: Guid(a3fee75616c5ab0449e841e6fc8a5172) Importer(2089858483,0ecaa5967403d082aa24f35e1b516d23)
Start importing Assets/LUTE_Starter Scenes/Mapbox/Core/Plugins/sqlite/x64/sqlite3.dll using Guid(a3fee75616c5ab0449e841e6fc8a5172) Importer(2089858483,0ecaa5967403d082aa24f35e1b516d23) (ScriptedImporter) -> (artifact id: 'a255c9e325894185c76503ce80ba971e') in 0.0187626 seconds
Number of updated asset objects reloaded before import = 0Number of asset objects unloaded after import = 0

========================================================================
Received Import Request.
  Time since last request: 0.000072 seconds.
  path: Assets/LUTE/ThirdPartyAssets/TextMesh Pro/Examples & Extras/Resources/Fonts & Materials/LiberationSans SDF - Metalic Green.mat
  artifactKey: Guid(8b29aaa3eec7468097ff07adfcf29ac9) Importer(2089858483,0ecaa5967403d082aa24f35e1b516d23)
Start importing Assets/LUTE/ThirdPartyAssets/TextMesh Pro/Examples & Extras/Resources/Fonts & Materials/LiberationSans SDF - Metalic Green.mat using Guid(8b29aaa3eec7468097ff07adfcf29ac9) Importer(2089858483,0ecaa5967403d082aa24f35e1b516d23) (ScriptedImporter) -> (artifact id: '72fa887853d5923d73629a3a03d6d7a3') in 0.0558469 seconds
Number of updated asset objects reloaded before import = 0Number of asset objects unloaded after import = 4

========================================================================
Received Import Request.
  Time since last request: 0.000023 seconds.
  path: Assets/LUTE_Starter Scenes/Mapbox/Core/mapbox-sdk-cs/Geocoding/Response/Geometry.cs
  artifactKey: Guid(b599e78a14b3d42c8822cec5d5775397) Importer(2089858483,0ecaa5967403d082aa24f35e1b516d23)
Start importing Assets/LUTE_Starter Scenes/Mapbox/Core/mapbox-sdk-cs/Geocoding/Response/Geometry.cs using Guid(b599e78a14b3d42c8822cec5d5775397) Importer(2089858483,0ecaa5967403d082aa24f35e1b516d23) (ScriptedImporter) -> (artifact id: '3ed15d712bc05f62664bdcc85adf8f72') in 0.0192843 seconds
Number of updated asset objects reloaded before import = 0Number of asset objects unloaded after import = 0

========================================================================
Received Import Request.
  Time since last request: 0.000200 seconds.
  path: Assets/LUTE/ThirdPartyAssets/TextMesh Pro/Examples & Extras/Resources/Fonts & Materials/Roboto-Bold SDF - Surface.mat
  artifactKey: Guid(e6b276ec991f467aa14ef1f3cc665993) Importer(2089858483,0ecaa5967403d082aa24f35e1b516d23)
Start importing Assets/LUTE/ThirdPartyAssets/TextMesh Pro/Examples & Extras/Resources/Fonts & Materials/Roboto-Bold SDF - Surface.mat using Guid(e6b276ec991f467aa14ef1f3cc665993) Importer(2089858483,0ecaa5967403d082aa24f35e1b516d23) (ScriptedImporter) -> (artifact id: 'd1cef08736dde034ecec3fe5cd2dcbbe') in 0.0388357 seconds
Number of updated asset objects reloaded before import = 0Number of asset objects unloaded after import = 2

========================================================================
Received Import Request.
  Time since last request: 0.000015 seconds.
  path: Assets/LUTE_Starter Scenes/Mapbox/Core/mapbox-sdk-cs/Utils/Vector2d/Mathd.cs
  artifactKey: Guid(52ad69ec3e74044aeb3f5ae61b5069f3) Importer(2089858483,0ecaa5967403d082aa24f35e1b516d23)
Start importing Assets/LUTE_Starter Scenes/Mapbox/Core/mapbox-sdk-cs/Utils/Vector2d/Mathd.cs using Guid(52ad69ec3e74044aeb3f5ae61b5069f3) Importer(2089858483,0ecaa5967403d082aa24f35e1b516d23) (ScriptedImporter) -> (artifact id: 'e905d823bd1d3c337a366400119e60dc') in 0.0182253 seconds
Number of updated asset objects reloaded before import = 0Number of asset objects unloaded after import = 0

========================================================================
Received Import Request.
  Time since last request: 0.000060 seconds.
  path: Assets/LUTE_Starter Scenes/Mapbox/Unity/Location/ExampleGpsTraces/LocationProviderUnity.txt
  artifactKey: Guid(1273cde990e694a4ab408f6a2b288edb) Importer(2089858483,0ecaa5967403d082aa24f35e1b516d23)
Start importing Assets/LUTE_Starter Scenes/Mapbox/Unity/Location/ExampleGpsTraces/LocationProviderUnity.txt using Guid(1273cde990e694a4ab408f6a2b288edb) Importer(2089858483,0ecaa5967403d082aa24f35e1b516d23) (ScriptedImporter) -> (artifact id: 'b58674f3a086a5b51c1c4ed390c1ee66') in 0.0311595 seconds
Number of updated asset objects reloaded before import = 0Number of asset objects unloaded after import = 1

========================================================================
Received Import Request.
  Time since last request: 0.000016 seconds.
  path: Assets/LUTE/ThirdPartyAssets/InventoryEngine/MMTools/MMProcedural/MMGridGenerators/MMGridGeneratorRandomWalk.cs
  artifactKey: Guid(bcddb04b7bb50904182da35f2b38777c) Importer(2089858483,0ecaa5967403d082aa24f35e1b516d23)
Start importing Assets/LUTE/ThirdPartyAssets/InventoryEngine/MMTools/MMProcedural/MMGridGenerators/MMGridGeneratorRandomWalk.cs using Guid(bcddb04b7bb50904182da35f2b38777c) Importer(2089858483,0ecaa5967403d082aa24f35e1b516d23) (ScriptedImporter) -> (artifact id: '9df50b7f8f6f2f819b5f7da6ec8ece31') in 0.0204571 seconds
Number of updated asset objects reloaded before import = 0Number of asset objects unloaded after import = 0

========================================================================
Received Import Request.
  Time since last request: 0.000024 seconds.
  path: Assets/LUTE_Starter Scenes/Mapbox/Examples/1_DataExplorer/Modules/LabelLayers/ExplorerRoadLabelLayer.asset
  artifactKey: Guid(c5d72b3076bcbf74991b8c6bd8f5ab84) Importer(2089858483,0ecaa5967403d082aa24f35e1b516d23)
Start importing Assets/LUTE_Starter Scenes/Mapbox/Examples/1_DataExplorer/Modules/LabelLayers/ExplorerRoadLabelLayer.asset using Guid(c5d72b3076bcbf74991b8c6bd8f5ab84) Importer(2089858483,0ecaa5967403d082aa24f35e1b516d23) (ScriptedImporter) -> (artifact id: 'c770b8e7e481bdbc9f5c6f411b989a5c') in 0.0447757 seconds
Number of updated asset objects reloaded before import = 0Number of asset objects unloaded after import = 1

========================================================================
Received Import Request.
  Time since last request: 0.000023 seconds.
  path: Assets/LUTE/ThirdPartyAssets/InventoryEngine/MMTools/MMAudio/MMSoundManager/MMSoundManagerSettingsSO.cs
  artifactKey: Guid(aa48f53704ecf834c9f5e203a06874d3) Importer(2089858483,0ecaa5967403d082aa24f35e1b516d23)
Start importing Assets/LUTE/ThirdPartyAssets/InventoryEngine/MMTools/MMAudio/MMSoundManager/MMSoundManagerSettingsSO.cs using Guid(aa48f53704ecf834c9f5e203a06874d3) Importer(2089858483,0ecaa5967403d082aa24f35e1b516d23) (ScriptedImporter) -> (artifact id: 'aac62986ce55b1f2db496facf2dc3eb3') in 0.0751 seconds
Number of updated asset objects reloaded before import = 0Number of asset objects unloaded after import = 0

========================================================================
Received Import Request.
  Time since last request: 0.000028 seconds.
  path: Assets/LUTE_Starter Scenes/Sprites/CharacterHeads/Animals/Round without details/pig.png
  artifactKey: Guid(6d4f561df5de2564097d4fcfcdfa191e) Importer(2089858483,0ecaa5967403d082aa24f35e1b516d23)
Start importing Assets/LUTE_Starter Scenes/Sprites/CharacterHeads/Animals/Round without details/pig.png using Guid(6d4f561df5de2564097d4fcfcdfa191e) Importer(2089858483,0ecaa5967403d082aa24f35e1b516d23) (ScriptedImporter) -> (artifact id: '57e995190ccc99d5adc835ffb6f891b4') in 0.054124 seconds
Number of updated asset objects reloaded before import = 0Number of asset objects unloaded after import = 3

========================================================================
Received Import Request.
  Time since last request: 0.000024 seconds.
  path: Assets/LUTE/ThirdPartyAssets/InventoryEngine/MMTools/MMAudio/MMSoundManager/MMSoundManagerSettings.cs
  artifactKey: Guid(504ec383a394760468beec53f890add9) Importer(2089858483,0ecaa5967403d082aa24f35e1b516d23)
Start importing Assets/LUTE/ThirdPartyAssets/InventoryEngine/MMTools/MMAudio/MMSoundManager/MMSoundManagerSettings.cs using Guid(504ec383a394760468beec53f890add9) Importer(2089858483,0ecaa5967403d082aa24f35e1b516d23) (ScriptedImporter) -> (artifact id: 'e42e4e15054c245d90fbad1b6b372e56') in 0.0276833 seconds
Number of updated asset objects reloaded before import = 0Number of asset objects unloaded after import = 0

========================================================================
Received Import Request.
  Time since last request: 0.000024 seconds.
  path: Assets/LUTE_Starter Scenes/Mapbox/Examples/2_AstronautGame/AstronautGame/Astronaut/RobotSelection2.png
  artifactKey: Guid(c5c2dcd795afd7e419a9784d3e5ffa0f) Importer(2089858483,0ecaa5967403d082aa24f35e1b516d23)
Start importing Assets/LUTE_Starter Scenes/Mapbox/Examples/2_AstronautGame/AstronautGame/Astronaut/RobotSelection2.png using Guid(c5c2dcd795afd7e419a9784d3e5ffa0f) Importer(2089858483,0ecaa5967403d082aa24f35e1b516d23) (ScriptedImporter) -> (artifact id: '920392bb8b431c182ad74401e4d5a08a') in 0.0472687 seconds
Number of updated asset objects reloaded before import = 0Number of asset objects unloaded after import = 1

========================================================================
Received Import Request.
  Time since last request: 0.000446 seconds.
  path: Assets/LUTE_Starter Scenes/Mapbox/Examples/1_DataExplorer/Modules/LanduseLayer/ExplorerDefaultLanduse.asset
  artifactKey: Guid(7c822e57e67d34f4e8e4bd06be099dc5) Importer(2089858483,0ecaa5967403d082aa24f35e1b516d23)
Start importing Assets/LUTE_Starter Scenes/Mapbox/Examples/1_DataExplorer/Modules/LanduseLayer/ExplorerDefaultLanduse.asset using Guid(7c822e57e67d34f4e8e4bd06be099dc5) Importer(2089858483,0ecaa5967403d082aa24f35e1b516d23) (ScriptedImporter) -> (artifact id: '70001a3868d3f96022f1601d829521a2') in 0.0780804 seconds
Number of updated asset objects reloaded before import = 0Number of asset objects unloaded after import = 4

========================================================================
Received Import Request.
  Time since last request: 0.000026 seconds.
  path: Assets/LUTE_Starter Scenes/Mapbox/Unity/MeshGeneration/Modifiers/MeshModifiers/ReplaceFeatureModifier.cs
  artifactKey: Guid(f386309a8f86f48aaabbbd02b9f95059) Importer(2089858483,0ecaa5967403d082aa24f35e1b516d23)
Start importing Assets/LUTE_Starter Scenes/Mapbox/Unity/MeshGeneration/Modifiers/MeshModifiers/ReplaceFeatureModifier.cs using Guid(f386309a8f86f48aaabbbd02b9f95059) Importer(2089858483,0ecaa5967403d082aa24f35e1b516d23) (ScriptedImporter) -> (artifact id: 'dabb01e8af0db72ccfc1accb60943955') in 0.0188776 seconds
Number of updated asset objects reloaded before import = 0Number of asset objects unloaded after import = 0

========================================================================
Received Import Request.
  Time since last request: 0.000020 seconds.
  path: Assets/LUTE_Starter Scenes/Mapbox/Resources/MapboxStyles/DefaultStyleAssets/Textures/DefaultSideTexture.png
  artifactKey: Guid(d22116fee9b9b486f847633108f0fc42) Importer(2089858483,0ecaa5967403d082aa24f35e1b516d23)
Start importing Assets/LUTE_Starter Scenes/Mapbox/Resources/MapboxStyles/DefaultStyleAssets/Textures/DefaultSideTexture.png using Guid(d22116fee9b9b486f847633108f0fc42) Importer(2089858483,0ecaa5967403d082aa24f35e1b516d23) (ScriptedImporter) -> (artifact id: 'c3ef6de49a1d6ffe27fd7bb9fa5ddfe8') in 0.0940783 seconds
Number of updated asset objects reloaded before import = 0Number of asset objects unloaded after import = 1

========================================================================
Received Import Request.
  Time since last request: 0.000025 seconds.
  path: Assets/LUTE_Starter Scenes/Mapbox/Resources/MapboxStyles/DefaultStyleAssets/Textures/DefaultTopTexture.png
  artifactKey: Guid(cbadf2ff391df40bbb762a1009a9a243) Importer(2089858483,0ecaa5967403d082aa24f35e1b516d23)
Start importing Assets/LUTE_Starter Scenes/Mapbox/Resources/MapboxStyles/DefaultStyleAssets/Textures/DefaultTopTexture.png using Guid(cbadf2ff391df40bbb762a1009a9a243) Importer(2089858483,0ecaa5967403d082aa24f35e1b516d23) (ScriptedImporter) -> (artifact id: 'e9a303e0696cb2d0ebef1eb5d32b86dd') in 0.0942218 seconds
Number of updated asset objects reloaded before import = 0Number of asset objects unloaded after import = 1

========================================================================
Received Import Request.
  Time since last request: 0.000029 seconds.
  path: Assets/LUTE_Starter Scenes/Mapbox/Examples/2_AstronautGame/AstronautGame/Road/LocationRoadMaterialModifier.asset
  artifactKey: Guid(5ad7c36a7a62f8b4cbcbcea8139a12a5) Importer(2089858483,0ecaa5967403d082aa24f35e1b516d23)
Start importing Assets/LUTE_Starter Scenes/Mapbox/Examples/2_AstronautGame/AstronautGame/Road/LocationRoadMaterialModifier.asset using Guid(5ad7c36a7a62f8b4cbcbcea8139a12a5) Importer(2089858483,0ecaa5967403d082aa24f35e1b516d23) (ScriptedImporter) -> (artifact id: 'f8d8f1c4c88b11588e0fb1408591e0ad') in 0.0514249 seconds
Number of updated asset objects reloaded before import = 0Number of asset objects unloaded after import = 2

========================================================================
Received Import Request.
  Time since last request: 0.000034 seconds.
  path: Assets/LUTE_Starter Scenes/Mapbox/Examples/1_DataExplorer/Modules/RoadLayer/ExplorerGray.mat
  artifactKey: Guid(a4c397925829de8438fa9bb51535fd17) Importer(2089858483,0ecaa5967403d082aa24f35e1b516d23)
Start importing Assets/LUTE_Starter Scenes/Mapbox/Examples/1_DataExplorer/Modules/RoadLayer/ExplorerGray.mat using Guid(a4c397925829de8438fa9bb51535fd17) Importer(2089858483,0ecaa5967403d082aa24f35e1b516d23) (ScriptedImporter) -> (artifact id: '9fa0ce20395a64c34335bb263b4503a4') in 0.0232539 seconds
Number of updated asset objects reloaded before import = 0Number of asset objects unloaded after import = 1

========================================================================
Received Import Request.
  Time since last request: 0.000023 seconds.
  path: Assets/LUTE_Starter Scenes/Mapbox/Examples/1_DataExplorer/Modules/LanduseOverlayLayer/ExplorerLanduseOverlayHeightModifier.asset
  artifactKey: Guid(ea735d5c0029a41449c8ec10b851d9a4) Importer(2089858483,0ecaa5967403d082aa24f35e1b516d23)
Start importing Assets/LUTE_Starter Scenes/Mapbox/Examples/1_DataExplorer/Modules/LanduseOverlayLayer/ExplorerLanduseOverlayHeightModifier.asset using Guid(ea735d5c0029a41449c8ec10b851d9a4) Importer(2089858483,0ecaa5967403d082aa24f35e1b516d23) (ScriptedImporter) -> (artifact id: '78b122677efceb4edb71c1013ed5ac23') in 0.0303554 seconds
Number of updated asset objects reloaded before import = 0Number of asset objects unloaded after import = 1

========================================================================
Received Import Request.
  Time since last request: 0.000023 seconds.
  path: Assets/LUTE_Starter Scenes/Mapbox/Unity/MeshGeneration/Data/KdTree/DistanceFunctions.cs
  artifactKey: Guid(1a40f078f2196e048b6b95fcc9738e90) Importer(2089858483,0ecaa5967403d082aa24f35e1b516d23)
Start importing Assets/LUTE_Starter Scenes/Mapbox/Unity/MeshGeneration/Data/KdTree/DistanceFunctions.cs using Guid(1a40f078f2196e048b6b95fcc9738e90) Importer(2089858483,0ecaa5967403d082aa24f35e1b516d23) (ScriptedImporter) -> (artifact id: '2017a146602d5b44988263bdaf50952e') in 0.0199905 seconds
Number of updated asset objects reloaded before import = 0Number of asset objects unloaded after import = 0

========================================================================
Received Import Request.
  Time since last request: 0.000059 seconds.
  path: Assets/LUTE_Starter Scenes/Mapbox/Examples/1_DataExplorer/Modules/RoadLayer/ExplorerDefaultRoad.asset
  artifactKey: Guid(488529c395c28be41b7a800df0b0a138) Importer(2089858483,0ecaa5967403d082aa24f35e1b516d23)
Start importing Assets/LUTE_Starter Scenes/Mapbox/Examples/1_DataExplorer/Modules/RoadLayer/ExplorerDefaultRoad.asset using Guid(488529c395c28be41b7a800df0b0a138) Importer(2089858483,0ecaa5967403d082aa24f35e1b516d23) (ScriptedImporter) -> (artifact id: '2ec4935140d3863da74d3110605ef425') in 0.0511442 seconds
Number of updated asset objects reloaded before import = 0Number of asset objects unloaded after import = 4

========================================================================
Received Import Request.
  Time since last request: 0.000022 seconds.
  path: Assets/LUTE_Starter Scenes/Mapbox/Unity/MeshGeneration/Modifiers/GameObjectModifiers/TagModifier.cs
  artifactKey: Guid(05ccea17608e94fb994579409c52fb80) Importer(2089858483,0ecaa5967403d082aa24f35e1b516d23)
Start importing Assets/LUTE_Starter Scenes/Mapbox/Unity/MeshGeneration/Modifiers/GameObjectModifiers/TagModifier.cs using Guid(05ccea17608e94fb994579409c52fb80) Importer(2089858483,0ecaa5967403d082aa24f35e1b516d23) (ScriptedImporter) -> (artifact id: '2fcc4849a7ac90f211fe51b1ea42ead0') in 0.0255193 seconds
Number of updated asset objects reloaded before import = 0Number of asset objects unloaded after import = 0

========================================================================
Received Import Request.
  Time since last request: 0.000049 seconds.
  path: Assets/LUTE_Starter Scenes/Mapbox/Unity/MeshGeneration/Modifiers/GameObjectModifiers/AddMonoBehavioursModifierType.cs
  artifactKey: Guid(90b119b6678da4c80a69a3a4d8793d7f) Importer(2089858483,0ecaa5967403d082aa24f35e1b516d23)
Start importing Assets/LUTE_Starter Scenes/Mapbox/Unity/MeshGeneration/Modifiers/GameObjectModifiers/AddMonoBehavioursModifierType.cs using Guid(90b119b6678da4c80a69a3a4d8793d7f) Importer(2089858483,0ecaa5967403d082aa24f35e1b516d23) (ScriptedImporter) -> (artifact id: 'c53f3a83c5f26619658513966068fee6') in 0.0223003 seconds
Number of updated asset objects reloaded before import = 0Number of asset objects unloaded after import = 0

========================================================================
Received Import Request.
  Time since last request: 0.000028 seconds.
  path: Assets/LUTE_Starter Scenes/Mapbox/Unity/MeshGeneration/Factories/TerrainStrategies/TerrainStrategy.cs
  artifactKey: Guid(33b4040c296ec314793ac7182cc3e81c) Importer(2089858483,0ecaa5967403d082aa24f35e1b516d23)
Start importing Assets/LUTE_Starter Scenes/Mapbox/Unity/MeshGeneration/Factories/TerrainStrategies/TerrainStrategy.cs using Guid(33b4040c296ec314793ac7182cc3e81c) Importer(2089858483,0ecaa5967403d082aa24f35e1b516d23) (ScriptedImporter) -> (artifact id: '4b4fc457ba441ba024b85334437e28fc') in 0.029175 seconds
Number of updated asset objects reloaded before import = 0Number of asset objects unloaded after import = 0

========================================================================
Received Import Request.
  Time since last request: 0.000106 seconds.
  path: Assets/LUTE/ThirdPartyAssets/InventoryEngine/MMTools/MMProcedural/MMTilemapGenerator/MMTilemapGeneratorLayer.cs
  artifactKey: Guid(01608833a8be3af4587b87e116bffc68) Importer(2089858483,0ecaa5967403d082aa24f35e1b516d23)
Start importing Assets/LUTE/ThirdPartyAssets/InventoryEngine/MMTools/MMProcedural/MMTilemapGenerator/MMTilemapGeneratorLayer.cs using Guid(01608833a8be3af4587b87e116bffc68) Importer(2089858483,0ecaa5967403d082aa24f35e1b516d23) (ScriptedImporter) -> (artifact id: 'bc9d365ad1089927074fd1cf2a96a17a') in 0.0242859 seconds
Number of updated asset objects reloaded before import = 0Number of asset objects unloaded after import = 0

========================================================================
Received Import Request.
  Time since last request: 0.000111 seconds.
  path: Assets/LUTE/ThirdPartyAssets/InventoryEngine/MMTools/MMReorderableList/Attributes/ReorderableAttribute.cs
  artifactKey: Guid(af18777bcf6ae2c47a02c3ff8adabb0e) Importer(2089858483,0ecaa5967403d082aa24f35e1b516d23)
Start importing Assets/LUTE/ThirdPartyAssets/InventoryEngine/MMTools/MMReorderableList/Attributes/ReorderableAttribute.cs using Guid(af18777bcf6ae2c47a02c3ff8adabb0e) Importer(2089858483,0ecaa5967403d082aa24f35e1b516d23) (ScriptedImporter) -> (artifact id: '1868e559a38f01495902bab6cd726112') in 0.0217994 seconds
Number of updated asset objects reloaded before import = 0Number of asset objects unloaded after import = 0

========================================================================
Received Import Request.
  Time since last request: 0.000038 seconds.
  path: Assets/LUTE_Starter Scenes/Sprites/CharacterHeads/Animals/Round without details/elephant.png
  artifactKey: Guid(1e3b668077ec5d74e8b4f627153a8d32) Importer(2089858483,0ecaa5967403d082aa24f35e1b516d23)
Start importing Assets/LUTE_Starter Scenes/Sprites/CharacterHeads/Animals/Round without details/elephant.png using Guid(1e3b668077ec5d74e8b4f627153a8d32) Importer(2089858483,0ecaa5967403d082aa24f35e1b516d23) (ScriptedImporter) -> (artifact id: '97b470b42e40a7b5f9b71e0884f32d3b') in 0.0519264 seconds
Number of updated asset objects reloaded before import = 0Number of asset objects unloaded after import = 3

========================================================================
Received Import Request.
  Time since last request: 0.000020 seconds.
  path: Assets/LUTE_Starter Scenes/Scenes/Games/DesignerCreated/Testing/AlbertoDemo/Audio/exampleHistoryTalk.mp3
  artifactKey: Guid(744d09109a63f004fa2e484c72e86b35) Importer(2089858483,0ecaa5967403d082aa24f35e1b516d23)
Start importing Assets/LUTE_Starter Scenes/Scenes/Games/DesignerCreated/Testing/AlbertoDemo/Audio/exampleHistoryTalk.mp3 using Guid(744d09109a63f004fa2e484c72e86b35) Importer(2089858483,0ecaa5967403d082aa24f35e1b516d23) (ScriptedImporter) -> (artifact id: '7b909e1d128f4d612819884ad06203c6') in 0.0631604 seconds
Number of updated asset objects reloaded before import = 0Number of asset objects unloaded after import = 1

========================================================================
Received Import Request.
  Time since last request: 0.000036 seconds.
  path: Assets/LUTE_Starter Scenes/Mapbox/Examples/1_DataExplorer/Modules/TrafficLayer/LowTraffic/ExplorerTrafficHeight.asset
  artifactKey: Guid(162206a38ab02be4693a32bed02cc428) Importer(2089858483,0ecaa5967403d082aa24f35e1b516d23)
Start importing Assets/LUTE_Starter Scenes/Mapbox/Examples/1_DataExplorer/Modules/TrafficLayer/LowTraffic/ExplorerTrafficHeight.asset using Guid(162206a38ab02be4693a32bed02cc428) Importer(2089858483,0ecaa5967403d082aa24f35e1b516d23) (ScriptedImporter) -> (artifact id: 'a3f13f8fa18508c8b5c5f1bc7b5213c6') in 0.0314378 seconds
Number of updated asset objects reloaded before import = 0Number of asset objects unloaded after import = 1

========================================================================
Received Import Request.
  Time since last request: 0.000023 seconds.
  path: Assets/LUTE/ThirdPartyAssets/XR/Samples/XR Interaction Toolkit/3.0.7/Starter Assets/StarterAssets.asmdef
  artifactKey: Guid(8f07e33567e0ee542b40769c456c6b53) Importer(2089858483,0ecaa5967403d082aa24f35e1b516d23)
Start importing Assets/LUTE/ThirdPartyAssets/XR/Samples/XR Interaction Toolkit/3.0.7/Starter Assets/StarterAssets.asmdef using Guid(8f07e33567e0ee542b40769c456c6b53) Importer(2089858483,0ecaa5967403d082aa24f35e1b516d23) (ScriptedImporter) -> (artifact id: '336775e3a397c1e83d50a2837831b47b') in 0.0271419 seconds
Number of updated asset objects reloaded before import = 0Number of asset objects unloaded after import = 1

========================================================================
Received Import Request.
  Time since last request: 0.000034 seconds.
  path: Assets/LUTE_Starter Scenes/Mapbox/Core/mapbox-sdk-cs/Tests/UnitTests/Editor/MapboxUnitTests_AngleSmoothing.cs
  artifactKey: Guid(4c71959e4a4a64446a39de632554cf41) Importer(2089858483,0ecaa5967403d082aa24f35e1b516d23)
Start importing Assets/LUTE_Starter Scenes/Mapbox/Core/mapbox-sdk-cs/Tests/UnitTests/Editor/MapboxUnitTests_AngleSmoothing.cs using Guid(4c71959e4a4a64446a39de632554cf41) Importer(2089858483,0ecaa5967403d082aa24f35e1b516d23) (ScriptedImporter) -> (artifact id: '52dd1740db0e82be3b08c2f71229e509') in 0.0197683 seconds
Number of updated asset objects reloaded before import = 0Number of asset objects unloaded after import = 0

========================================================================
Received Import Request.
  Time since last request: 0.000064 seconds.
  path: Assets/LUTE_Starter Scenes/Scenes/Games/DesignerCreated/Testing/JBTest/GroupingTest.unity
  artifactKey: Guid(a639acea224bf504e8e259102f1c96f9) Importer(2089858483,0ecaa5967403d082aa24f35e1b516d23)
Start importing Assets/LUTE_Starter Scenes/Scenes/Games/DesignerCreated/Testing/JBTest/GroupingTest.unity using Guid(a639acea224bf504e8e259102f1c96f9) Importer(2089858483,0ecaa5967403d082aa24f35e1b516d23) (ScriptedImporter) -> (artifact id: '53d7d717e8746e8ea82fa51a85a3ff6a') in 0.0299854 seconds
Number of updated asset objects reloaded before import = 0Number of asset objects unloaded after import = 1

========================================================================
Received Import Request.
  Time since last request: 0.000023 seconds.
  path: Assets/LUTE_Starter Scenes/Mapbox/Core/mapbox-sdk-cs/Tests/UnitTests/Editor/MapboxUnitTests_BearingFilter.cs
  artifactKey: Guid(92c453cc66e7c404aa6b98cd2488dd54) Importer(2089858483,0ecaa5967403d082aa24f35e1b516d23)
Start importing Assets/LUTE_Starter Scenes/Mapbox/Core/mapbox-sdk-cs/Tests/UnitTests/Editor/MapboxUnitTests_BearingFilter.cs using Guid(92c453cc66e7c404aa6b98cd2488dd54) Importer(2089858483,0ecaa5967403d082aa24f35e1b516d23) (ScriptedImporter) -> (artifact id: '9f29538ba5edf4336ac04dc716d4cc22') in 0.0198747 seconds
Number of updated asset objects reloaded before import = 0Number of asset objects unloaded after import = 0

========================================================================
Received Import Request.
  Time since last request: 0.000334 seconds.
  path: Assets/LUTE_Starter Scenes/Mapbox/Examples/1_DataExplorer/Modules/TrafficLayer/SevereTraffic/SevereTrafficMaterial.mat
  artifactKey: Guid(0de83c8715792fe43aceecafcdbd8b24) Importer(2089858483,0ecaa5967403d082aa24f35e1b516d23)
Start importing Assets/LUTE_Starter Scenes/Mapbox/Examples/1_DataExplorer/Modules/TrafficLayer/SevereTraffic/SevereTrafficMaterial.mat using Guid(0de83c8715792fe43aceecafcdbd8b24) Importer(2089858483,0ecaa5967403d082aa24f35e1b516d23) (ScriptedImporter) -> (artifact id: 'a8b9b03f7293101e00ff105fec665299') in 0.3845147 seconds
Number of updated asset objects reloaded before import = 0Number of asset objects unloaded after import = 1

========================================================================
Received Import Request.
  Time since last request: 0.000028 seconds.
  path: Assets/LUTE_Starter Scenes/Mapbox/Core/mapbox-sdk-cs/Tests/UnitTests/Editor/MapboxUnitTests_DirectionResource.cs
  artifactKey: Guid(345f6d8ee2d3743779572d1c3701f2fd) Importer(2089858483,0ecaa5967403d082aa24f35e1b516d23)
Start importing Assets/LUTE_Starter Scenes/Mapbox/Core/mapbox-sdk-cs/Tests/UnitTests/Editor/MapboxUnitTests_DirectionResource.cs using Guid(345f6d8ee2d3743779572d1c3701f2fd) Importer(2089858483,0ecaa5967403d082aa24f35e1b516d23) (ScriptedImporter) -> (artifact id: 'c5016fa55482eaa64639f7cbb3770ba6') in 0.0317544 seconds
Number of updated asset objects reloaded before import = 0Number of asset objects unloaded after import = 0

========================================================================
Received Import Request.
  Time since last request: 0.000890 seconds.
  path: Assets/LUTE_Starter Scenes/Mapbox/Resources/MapboxStyles/Styles/MapboxSampleStyles/Dark/DarkIcon.png
  artifactKey: Guid(8000e1968557249138e2cc002b9c082f) Importer(2089858483,0ecaa5967403d082aa24f35e1b516d23)
Start importing Assets/LUTE_Starter Scenes/Mapbox/Resources/MapboxStyles/Styles/MapboxSampleStyles/Dark/DarkIcon.png using Guid(8000e1968557249138e2cc002b9c082f) Importer(2089858483,0ecaa5967403d082aa24f35e1b516d23) (ScriptedImporter) -> (artifact id: 'b8eed25eb3be201212649af3cf5d1150') in 0.065277 seconds
Number of updated asset objects reloaded before import = 0Number of asset objects unloaded after import = 1

========================================================================
Received Import Request.
  Time since last request: 0.000030 seconds.
  path: Assets/LUTE/ThirdPartyAssets/XR/Samples/XR Interaction Toolkit/3.0.7/AR Starter Assets/ARDemoScene.unity
  artifactKey: Guid(303366a1c6b31bc4caa97e9f06812b2b) Importer(2089858483,0ecaa5967403d082aa24f35e1b516d23)
Start importing Assets/LUTE/ThirdPartyAssets/XR/Samples/XR Interaction Toolkit/3.0.7/AR Starter Assets/ARDemoScene.unity using Guid(303366a1c6b31bc4caa97e9f06812b2b) Importer(2089858483,0ecaa5967403d082aa24f35e1b516d23) (ScriptedImporter) -> (artifact id: '3d13e2e04fc9b3bc7e4d899c8f09fd8d') in 0.0226208 seconds
Number of updated asset objects reloaded before import = 0Number of asset objects unloaded after import = 1

========================================================================
Received Import Request.
  Time since last request: 0.000024 seconds.
  path: Assets/LUTE_Starter Scenes/Scenes/Games/DesignerCreated/Testing/AlbertoDemo/Scripts/MobileCompass.cs
  artifactKey: Guid(ba315b40fb2b28b4a926cd3dff15ae9c) Importer(2089858483,0ecaa5967403d082aa24f35e1b516d23)
Start importing Assets/LUTE_Starter Scenes/Scenes/Games/DesignerCreated/Testing/AlbertoDemo/Scripts/MobileCompass.cs using Guid(ba315b40fb2b28b4a926cd3dff15ae9c) Importer(2089858483,0ecaa5967403d082aa24f35e1b516d23) (ScriptedImporter) -> (artifact id: 'dfe7098d4adff86373f51d3a1a16e1a0') in 0.0255534 seconds
Number of updated asset objects reloaded before import = 0Number of asset objects unloaded after import = 0

========================================================================
Received Import Request.
  Time since last request: 0.000096 seconds.
  path: Assets/LUTE/ThirdPartyAssets/XR/Samples/XR Interaction Toolkit/3.0.7/Starter Assets/AffordanceThemes/ControllerPokeSphereScale.asset
  artifactKey: Guid(795a02fe2d7e93e498ac566ff3eb06dc) Importer(2089858483,0ecaa5967403d082aa24f35e1b516d23)
Start importing Assets/LUTE/ThirdPartyAssets/XR/Samples/XR Interaction Toolkit/3.0.7/Starter Assets/AffordanceThemes/ControllerPokeSphereScale.asset using Guid(795a02fe2d7e93e498ac566ff3eb06dc) Importer(2089858483,0ecaa5967403d082aa24f35e1b516d23) (ScriptedImporter) -> (artifact id: '46516c583144db8a358a9e6781683ad9') in 0.0499379 seconds
Number of updated asset objects reloaded before import = 0Number of asset objects unloaded after import = 1

========================================================================
Received Import Request.
  Time since last request: 0.001480 seconds.
  path: Assets/LUTE_Starter Scenes/Scenes/Games/DesignerCreated/Testing/Stickers/Scripts/StickerCollectionMenuItem.cs
  artifactKey: Guid(95eafbb4799886d489a7367e4fe79a15) Importer(2089858483,0ecaa5967403d082aa24f35e1b516d23)
Start importing Assets/LUTE_Starter Scenes/Scenes/Games/DesignerCreated/Testing/Stickers/Scripts/StickerCollectionMenuItem.cs using Guid(95eafbb4799886d489a7367e4fe79a15) Importer(2089858483,0ecaa5967403d082aa24f35e1b516d23) (ScriptedImporter) -> (artifact id: 'edfd031e9e19fc9933667c5c3ce74f7c') in 0.0250529 seconds
Number of updated asset objects reloaded before import = 0Number of asset objects unloaded after import = 0

========================================================================
Received Import Request.
  Time since last request: 0.000053 seconds.
  path: Assets/LUTE_Starter Scenes/Scenes/Games/DesignerCreated/Testing/Stickers/Scripts/StickerCollectionMenu.cs
  artifactKey: Guid(dff4c010e8b8f144e93f958cc0f506c6) Importer(2089858483,0ecaa5967403d082aa24f35e1b516d23)
Start importing Assets/LUTE_Starter Scenes/Scenes/Games/DesignerCreated/Testing/Stickers/Scripts/StickerCollectionMenu.cs using Guid(dff4c010e8b8f144e93f958cc0f506c6) Importer(2089858483,0ecaa5967403d082aa24f35e1b516d23) (ScriptedImporter) -> (artifact id: '75ccba8707e3c78b70897da1009b1804') in 0.0234571 seconds
Number of updated asset objects reloaded before import = 0Number of asset objects unloaded after import = 0

========================================================================
Received Import Request.
  Time since last request: 0.000103 seconds.
  path: Assets/LUTE_Starter Scenes/Scenes/Games/DesignerCreated/Testing/AlbertoDemo/Scripts/Timebar.cs
  artifactKey: Guid(317d4d42e4df8204f9cefc1dd148ace5) Importer(2089858483,0ecaa5967403d082aa24f35e1b516d23)
Start importing Assets/LUTE_Starter Scenes/Scenes/Games/DesignerCreated/Testing/AlbertoDemo/Scripts/Timebar.cs using Guid(317d4d42e4df8204f9cefc1dd148ace5) Importer(2089858483,0ecaa5967403d082aa24f35e1b516d23) (ScriptedImporter) -> (artifact id: 'd4df58d056fd1967305b33fdab634b14') in 0.0326483 seconds
Number of updated asset objects reloaded before import = 0Number of asset objects unloaded after import = 0

========================================================================
Received Import Request.
  Time since last request: 0.000074 seconds.
  path: Assets/LUTE_Starter Scenes/Scenes/Games/DesignerCreated/Testing/AlbertoDemo/Prefabs/drwebb_front.mat
  artifactKey: Guid(db4d6ba219b0e6d418ea2a4bb0c1210a) Importer(2089858483,0ecaa5967403d082aa24f35e1b516d23)
Start importing Assets/LUTE_Starter Scenes/Scenes/Games/DesignerCreated/Testing/AlbertoDemo/Prefabs/drwebb_front.mat using Guid(db4d6ba219b0e6d418ea2a4bb0c1210a) Importer(2089858483,0ecaa5967403d082aa24f35e1b516d23) (ScriptedImporter) -> (artifact id: 'b6eb68a61dbce1f19a39a2be032c687a') in 0.0483846 seconds
Number of updated asset objects reloaded before import = 0Number of asset objects unloaded after import = 2

========================================================================
Received Import Request.
  Time since last request: 0.000023 seconds.
  path: Assets/LUTE_Starter Scenes/Scenes/Games/DesignerCreated/Testing/Stickers/Animation/CardFlip.anim
  artifactKey: Guid(54bf5e18d209ba24fa9df9c1ed08ac7f) Importer(2089858483,0ecaa5967403d082aa24f35e1b516d23)
Start importing Assets/LUTE_Starter Scenes/Scenes/Games/DesignerCreated/Testing/Stickers/Animation/CardFlip.anim using Guid(54bf5e18d209ba24fa9df9c1ed08ac7f) Importer(2089858483,0ecaa5967403d082aa24f35e1b516d23) (ScriptedImporter) -> (artifact id: '74811412dbdea5ae05309f8cf4274c5d') in 0.036391 seconds
Number of updated asset objects reloaded before import = 0Number of asset objects unloaded after import = 1

========================================================================
Received Import Request.
  Time since last request: 0.000023 seconds.
  path: Assets/LUTE_Starter Scenes/Scenes/Games/DesignerCreated/Testing/Stickers/Scripts/Postcard.cs
  artifactKey: Guid(b579fd3216352be40a341a8bcf53fd03) Importer(2089858483,0ecaa5967403d082aa24f35e1b516d23)
Start importing Assets/LUTE_Starter Scenes/Scenes/Games/DesignerCreated/Testing/Stickers/Scripts/Postcard.cs using Guid(b579fd3216352be40a341a8bcf53fd03) Importer(2089858483,0ecaa5967403d082aa24f35e1b516d23) (ScriptedImporter) -> (artifact id: 'c850dba608f6e0f30e70d937d4c80ffc') in 0.0171896 seconds
Number of updated asset objects reloaded before import = 0Number of asset objects unloaded after import = 0

========================================================================
Received Import Request.
  Time since last request: 0.000068 seconds.
  path: Assets/LUTE_Starter Scenes/Scenes/Games/DesignerCreated/Testing/Stickers/Prefabs/StickerCollectionMenu.prefab
  artifactKey: Guid(9cbbe03ebf65c4843becc30031ccb434) Importer(2089858483,0ecaa5967403d082aa24f35e1b516d23)
Start importing Assets/LUTE_Starter Scenes/Scenes/Games/DesignerCreated/Testing/Stickers/Prefabs/StickerCollectionMenu.prefab using Guid(9cbbe03ebf65c4843becc30031ccb434) Importer(2089858483,0ecaa5967403d082aa24f35e1b516d23) (ScriptedImporter) -> (artifact id: '64813aa6bb95409f70195b8bbf2d6f65') in 0.0478807 seconds
Number of updated asset objects reloaded before import = 0Number of asset objects unloaded after import = 32

========================================================================
Received Import Request.
  Time since last request: 0.000019 seconds.
  path: Assets/LUTE_Starter Scenes/Mapbox/Examples/1_DataExplorer/Modules/TrafficLayer/ModerateTraffic/ModerateTrafficMaterial.mat
  artifactKey: Guid(8d222a6659da43e45b6274794e67d47a) Importer(2089858483,0ecaa5967403d082aa24f35e1b516d23)
Start importing Assets/LUTE_Starter Scenes/Mapbox/Examples/1_DataExplorer/Modules/TrafficLayer/ModerateTraffic/ModerateTrafficMaterial.mat using Guid(8d222a6659da43e45b6274794e67d47a) Importer(2089858483,0ecaa5967403d082aa24f35e1b516d23) (ScriptedImporter) -> (artifact id: 'b3c25ca1a5eac92e3076f22d4d5c930f') in 0.0265171 seconds
Number of updated asset objects reloaded before import = 0Number of asset objects unloaded after import = 1

========================================================================
Received Import Request.
  Time since last request: 0.000032 seconds.
  path: Assets/LUTE_Starter Scenes/Scenes/Games/DesignerCreated/Testing/AlbertoDemo/Prefabs/diff_drwebb_front.png
  artifactKey: Guid(dba356a21d16b664abc6fe295468be74) Importer(2089858483,0ecaa5967403d082aa24f35e1b516d23)
Start importing Assets/LUTE_Starter Scenes/Scenes/Games/DesignerCreated/Testing/AlbertoDemo/Prefabs/diff_drwebb_front.png using Guid(dba356a21d16b664abc6fe295468be74) Importer(2089858483,0ecaa5967403d082aa24f35e1b516d23) (ScriptedImporter) -> (artifact id: '39493aaf58571cf6d4cb5a089954124d') in 0.0419945 seconds
Number of updated asset objects reloaded before import = 0Number of asset objects unloaded after import = 3

========================================================================
Received Import Request.
  Time since last request: 0.000022 seconds.
  path: Assets/LUTE_Starter Scenes/Mapbox/Resources/MapboxStyles/Styles/MapboxSampleStyles/Light/LightIcon.png
  artifactKey: Guid(a6abe9dc5451a4d4683e41afd413a0d5) Importer(2089858483,0ecaa5967403d082aa24f35e1b516d23)
Start importing Assets/LUTE_Starter Scenes/Mapbox/Resources/MapboxStyles/Styles/MapboxSampleStyles/Light/LightIcon.png using Guid(a6abe9dc5451a4d4683e41afd413a0d5) Importer(2089858483,0ecaa5967403d082aa24f35e1b516d23) (ScriptedImporter) -> (artifact id: '1fc87d15a9b1e67fa75acaae2aba768f') in 0.0402627 seconds
Number of updated asset objects reloaded before import = 0Number of asset objects unloaded after import = 1

========================================================================
Received Import Request.
  Time since last request: 0.000021 seconds.
  path: Assets/LUTE_Starter Scenes/Scenes/Games/DesignerCreated/Testing/AlbertoDemo/Scripts/HiddenObjectInteraction.cs
  artifactKey: Guid(8765a7846cd97a94ea0a40b9ca3fac1c) Importer(2089858483,0ecaa5967403d082aa24f35e1b516d23)
Start importing Assets/LUTE_Starter Scenes/Scenes/Games/DesignerCreated/Testing/AlbertoDemo/Scripts/HiddenObjectInteraction.cs using Guid(8765a7846cd97a94ea0a40b9ca3fac1c) Importer(2089858483,0ecaa5967403d082aa24f35e1b516d23) (ScriptedImporter) -> (artifact id: '72c32c6659d03a2acd488d11f9ee7c93') in 0.0191295 seconds
Number of updated asset objects reloaded before import = 0Number of asset objects unloaded after import = 0

========================================================================
Received Import Request.
  Time since last request: 0.000072 seconds.
  path: Assets/LUTE_Starter Scenes/Scenes/Games/DesignerCreated/Testing/Stickers/Prefabs/PostcardSelectButton.prefab
  artifactKey: Guid(24a164914bbaf654f96ca9a4d54da017) Importer(2089858483,0ecaa5967403d082aa24f35e1b516d23)
Start importing Assets/LUTE_Starter Scenes/Scenes/Games/DesignerCreated/Testing/Stickers/Prefabs/PostcardSelectButton.prefab using Guid(24a164914bbaf654f96ca9a4d54da017) Importer(2089858483,0ecaa5967403d082aa24f35e1b516d23) (ScriptedImporter) -> (artifact id: 'ee0c36cbcfd5a0dde9e9a428a769c25d') in 0.0410297 seconds
Number of updated asset objects reloaded before import = 0Number of asset objects unloaded after import = 31

========================================================================
Received Import Request.
  Time since last request: 0.000022 seconds.
  path: Assets/LUTE/ThirdPartyAssets/InventoryEngine/MMTools/MMAudio/MMSMPlaylist/MMSMPlaylistManager.cs
  artifactKey: Guid(8f2b35cd0da71894d92b885cf5e55c51) Importer(2089858483,0ecaa5967403d082aa24f35e1b516d23)
Start importing Assets/LUTE/ThirdPartyAssets/InventoryEngine/MMTools/MMAudio/MMSMPlaylist/MMSMPlaylistManager.cs using Guid(8f2b35cd0da71894d92b885cf5e55c51) Importer(2089858483,0ecaa5967403d082aa24f35e1b516d23) (ScriptedImporter) -> (artifact id: '94d6a6887233af5fa8704790ebda8dcb') in 0.0176076 seconds
Number of updated asset objects reloaded before import = 0Number of asset objects unloaded after import = 0

========================================================================
Received Import Request.
  Time since last request: 0.000053 seconds.
  path: Assets/LUTE_Starter Scenes/Mapbox/Unity/Editor/PropertyDrawers/MapOptionsDrawer.cs
  artifactKey: Guid(9f76f257073bf49efbf18d1e75531f2a) Importer(2089858483,0ecaa5967403d082aa24f35e1b516d23)
Start importing Assets/LUTE_Starter Scenes/Mapbox/Unity/Editor/PropertyDrawers/MapOptionsDrawer.cs using Guid(9f76f257073bf49efbf18d1e75531f2a) Importer(2089858483,0ecaa5967403d082aa24f35e1b516d23) (ScriptedImporter) -> (artifact id: '90d32faf48bf89d83439ed58d75ec55c') in 0.016599 seconds
Number of updated asset objects reloaded before import = 0Number of asset objects unloaded after import = 0

========================================================================
Received Import Request.
  Time since last request: 0.000203 seconds.
  path: Assets/LUTE/ThirdPartyAssets/BogGames/Bog_Achievements/Examples/Resources/BogExampleAchievementProgressive.asset
  artifactKey: Guid(f82340b786b5df842b0026e4fe39b7ce) Importer(2089858483,0ecaa5967403d082aa24f35e1b516d23)
Start importing Assets/LUTE/ThirdPartyAssets/BogGames/Bog_Achievements/Examples/Resources/BogExampleAchievementProgressive.asset using Guid(f82340b786b5df842b0026e4fe39b7ce) Importer(2089858483,0ecaa5967403d082aa24f35e1b516d23) (ScriptedImporter) -> (artifact id: '4fe4ecbf1c6b5e0b6dadc7cfc13aa010') in 0.0324888 seconds
Number of updated asset objects reloaded before import = 0Number of asset objects unloaded after import = 2

========================================================================
Received Import Request.
  Time since last request: 0.000034 seconds.
  path: Assets/LUTE/ThirdPartyAssets/TextMesh Pro/Examples & Extras/Resources/Fonts & Materials/Oswald Bold SDF.asset
  artifactKey: Guid(0161d805a3764c089bef00bfe00793f5) Importer(2089858483,0ecaa5967403d082aa24f35e1b516d23)
Start importing Assets/LUTE/ThirdPartyAssets/TextMesh Pro/Examples & Extras/Resources/Fonts & Materials/Oswald Bold SDF.asset using Guid(0161d805a3764c089bef00bfe00793f5) Importer(2089858483,0ecaa5967403d082aa24f35e1b516d23) (ScriptedImporter) -> (artifact id: '6548b6923959d4124ffe81854a0f67d6') in 0.0671827 seconds
Number of updated asset objects reloaded before import = 0Number of asset objects unloaded after import = 5

========================================================================
Received Import Request.
  Time since last request: 0.000026 seconds.
  path: Assets/LUTE/ThirdPartyAssets/XR/Samples/XR Interaction Toolkit/3.0.7/Starter Assets/Materials/FresnelHighlight.mat
  artifactKey: Guid(3fa9650274f677b42866e4510e251921) Importer(2089858483,0ecaa5967403d082aa24f35e1b516d23)
Start importing Assets/LUTE/ThirdPartyAssets/XR/Samples/XR Interaction Toolkit/3.0.7/Starter Assets/Materials/FresnelHighlight.mat using Guid(3fa9650274f677b42866e4510e251921) Importer(2089858483,0ecaa5967403d082aa24f35e1b516d23) (ScriptedImporter) -> (artifact id: 'b14db20ce537b14c1afb16635e71a4fa') in 0.0409797 seconds
Number of updated asset objects reloaded before import = 0Number of asset objects unloaded after import = 1

========================================================================
Received Import Request.
  Time since last request: 0.000023 seconds.
  path: Assets/LUTE/ThirdPartyAssets/XR/Samples/XR Interaction Toolkit/3.0.7/Starter Assets/Presets/XRI Default XR UI Input Module.preset
  artifactKey: Guid(b67fc35e16e4d7c4fb98b670eed4945c) Importer(2089858483,0ecaa5967403d082aa24f35e1b516d23)
Start importing Assets/LUTE/ThirdPartyAssets/XR/Samples/XR Interaction Toolkit/3.0.7/Starter Assets/Presets/XRI Default XR UI Input Module.preset using Guid(b67fc35e16e4d7c4fb98b670eed4945c) Importer(2089858483,0ecaa5967403d082aa24f35e1b516d23) (ScriptedImporter) -> (artifact id: '178e31a246701e1748931263ee8c7c38') in 0.0534678 seconds
Number of updated asset objects reloaded before import = 0Number of asset objects unloaded after import = 1

========================================================================
Received Import Request.
  Time since last request: 0.000024 seconds.
  path: Assets/LUTE/ThirdPartyAssets/XR/Samples/XR Interaction Toolkit/3.0.7/Starter Assets/Scripts/TeleportVolumeAnchorAffordanceStateLink.cs
  artifactKey: Guid(662f0ec782da7e149bcf12eb8ef3fc88) Importer(2089858483,0ecaa5967403d082aa24f35e1b516d23)
Start importing Assets/LUTE/ThirdPartyAssets/XR/Samples/XR Interaction Toolkit/3.0.7/Starter Assets/Scripts/TeleportVolumeAnchorAffordanceStateLink.cs using Guid(662f0ec782da7e149bcf12eb8ef3fc88) Importer(2089858483,0ecaa5967403d082aa24f35e1b516d23) (ScriptedImporter) -> (artifact id: '31ab3006e36e1c12b37bb0deaecd7542') in 0.0225278 seconds
Number of updated asset objects reloaded before import = 0Number of asset objects unloaded after import = 0

========================================================================
Received Import Request.
  Time since last request: 0.000051 seconds.
  path: Assets/LUTE/ThirdPartyAssets/XR/Samples/XR Interaction Toolkit/3.0.7/Starter Assets/Scripts/GazeInputManager.cs
  artifactKey: Guid(5c7baf4238277d247889580517122dd5) Importer(2089858483,0ecaa5967403d082aa24f35e1b516d23)
Start importing Assets/LUTE/ThirdPartyAssets/XR/Samples/XR Interaction Toolkit/3.0.7/Starter Assets/Scripts/GazeInputManager.cs using Guid(5c7baf4238277d247889580517122dd5) Importer(2089858483,0ecaa5967403d082aa24f35e1b516d23) (ScriptedImporter) -> (artifact id: '3e10a59e40ae0d66145ce90c2c5740d6') in 0.0187411 seconds
Number of updated asset objects reloaded before import = 0Number of asset objects unloaded after import = 0

========================================================================
Received Import Request.
  Time since last request: 0.000043 seconds.
  path: Assets/LUTE/ThirdPartyAssets/XR/Samples/XR Interaction Toolkit/3.0.7/Starter Assets/TunnelingVignette/TunnelingVignette.shader
  artifactKey: Guid(768c4bec32e086442a6e9f29a9883f35) Importer(2089858483,0ecaa5967403d082aa24f35e1b516d23)
Start importing Assets/LUTE/ThirdPartyAssets/XR/Samples/XR Interaction Toolkit/3.0.7/Starter Assets/TunnelingVignette/TunnelingVignette.shader using Guid(768c4bec32e086442a6e9f29a9883f35) Importer(2089858483,0ecaa5967403d082aa24f35e1b516d23) (ScriptedImporter) -> (artifact id: '153bfc0979b7929d388abe079754e69d') in 0.5678309 seconds
Number of updated asset objects reloaded before import = 0Number of asset objects unloaded after import = 1

========================================================================
Received Import Request.
  Time since last request: 0.000040 seconds.
  path: Assets/LUTE_Starter Scenes/Scenes/Games/DesignerCreated/Testing/AlbertoDemo/Sprites/Portraits/portrait_finley.png
  artifactKey: Guid(68a9f8b4ebb003448be3ea2893944cb3) Importer(2089858483,0ecaa5967403d082aa24f35e1b516d23)
Start importing Assets/LUTE_Starter Scenes/Scenes/Games/DesignerCreated/Testing/AlbertoDemo/Sprites/Portraits/portrait_finley.png using Guid(68a9f8b4ebb003448be3ea2893944cb3) Importer(2089858483,0ecaa5967403d082aa24f35e1b516d23) (ScriptedImporter) -> (artifact id: '42698123b918c2c430bfc1037f135e7c') in 0.0702171 seconds
Number of updated asset objects reloaded before import = 0Number of asset objects unloaded after import = 3

========================================================================
Received Import Request.
  Time since last request: 0.000039 seconds.
  path: Assets/LUTE_Starter Scenes/Scenes/Games/DesignerCreated/Testing/AlbertoDemo/Resources/UI/item_background.png
  artifactKey: Guid(11c61be2bb504b6469a77e1aca116ffc) Importer(2089858483,0ecaa5967403d082aa24f35e1b516d23)
Start importing Assets/LUTE_Starter Scenes/Scenes/Games/DesignerCreated/Testing/AlbertoDemo/Resources/UI/item_background.png using Guid(11c61be2bb504b6469a77e1aca116ffc) Importer(2089858483,0ecaa5967403d082aa24f35e1b516d23) (ScriptedImporter) -> (artifact id: '1a32737b643c3452fecb058e2b1bbe1a') in 0.0595451 seconds
Number of updated asset objects reloaded before import = 0Number of asset objects unloaded after import = 3

========================================================================
Received Import Request.
  Time since last request: 0.000019 seconds.
  path: Assets/LUTE_Starter Scenes/Scenes/Games/DesignerCreated/Testing/AlbertoDemo/Resources/Prefabs/MenuMainMenu.prefab
  artifactKey: Guid(0355c158a7155284db74485629f99c61) Importer(2089858483,0ecaa5967403d082aa24f35e1b516d23)
Start importing Assets/LUTE_Starter Scenes/Scenes/Games/DesignerCreated/Testing/AlbertoDemo/Resources/Prefabs/MenuMainMenu.prefab using Guid(0355c158a7155284db74485629f99c61) Importer(2089858483,0ecaa5967403d082aa24f35e1b516d23) (ScriptedImporter) -> (artifact id: '7baf66aa58dea17b27a1145a151e9bb5') in 0.169815 seconds
Number of updated asset objects reloaded before import = 0Number of asset objects unloaded after import = 285

========================================================================
Received Import Request.
  Time since last request: 0.000046 seconds.
  path: Assets/LUTE/ThirdPartyAssets/XR/Samples/XR Interaction Toolkit/3.0.7/Starter Assets/Scripts/DestroySelf.cs
  artifactKey: Guid(717c12e2a4cfe764ab2580b1135e10fd) Importer(2089858483,0ecaa5967403d082aa24f35e1b516d23)
Start importing Assets/LUTE/ThirdPartyAssets/XR/Samples/XR Interaction Toolkit/3.0.7/Starter Assets/Scripts/DestroySelf.cs using Guid(717c12e2a4cfe764ab2580b1135e10fd) Importer(2089858483,0ecaa5967403d082aa24f35e1b516d23) (ScriptedImporter) -> (artifact id: '9238bd827cde4a5dcf0c58af66dcc928') in 0.0280718 seconds
Number of updated asset objects reloaded before import = 0Number of asset objects unloaded after import = 0

========================================================================
Received Import Request.
  Time since last request: 0.000067 seconds.
  path: Assets/LUTE/ThirdPartyAssets/XR/Samples/XR Interaction Toolkit/3.0.7/AR Starter Assets/ARDemoSceneAssets/Sprites/Icon - Object - Torus.png
  artifactKey: Guid(cb3418e0d13f0b14a9cb57c7e2fb9167) Importer(2089858483,0ecaa5967403d082aa24f35e1b516d23)
Start importing Assets/LUTE/ThirdPartyAssets/XR/Samples/XR Interaction Toolkit/3.0.7/AR Starter Assets/ARDemoSceneAssets/Sprites/Icon - Object - Torus.png using Guid(cb3418e0d13f0b14a9cb57c7e2fb9167) Importer(2089858483,0ecaa5967403d082aa24f35e1b516d23) (ScriptedImporter) -> (artifact id: '798fad87602d7ee8a637198486f41350') in 0.0614545 seconds
Number of updated asset objects reloaded before import = 0Number of asset objects unloaded after import = 3

========================================================================
Received Import Request.
  Time since last request: 0.000025 seconds.
  path: Assets/LUTE/ThirdPartyAssets/XR/Samples/XR Interaction Toolkit/3.0.7/AR Starter Assets/ARDemoSceneAssets/Prefabs/Cube.prefab
  artifactKey: Guid(bf68c1e4465c0da46923b18486653251) Importer(2089858483,0ecaa5967403d082aa24f35e1b516d23)
Start importing Assets/LUTE/ThirdPartyAssets/XR/Samples/XR Interaction Toolkit/3.0.7/AR Starter Assets/ARDemoSceneAssets/Prefabs/Cube.prefab using Guid(bf68c1e4465c0da46923b18486653251) Importer(2089858483,0ecaa5967403d082aa24f35e1b516d23) (ScriptedImporter) -> (artifact id: '4138ce7ae99b23405d3a41657a8c0d7a') in 0.0996976 seconds
Number of updated asset objects reloaded before import = 0Number of asset objects unloaded after import = 16

========================================================================
Received Import Request.
  Time since last request: 0.000019 seconds.
  path: Assets/LUTE_Starter Scenes/Scenes/Games/DesignerCreated/Testing/AlbertoDemo/Resources/Prefabs/DialogueBox_Alberto.prefab
  artifactKey: Guid(8be6048bc203b7242ba9e5e896cdf336) Importer(2089858483,0ecaa5967403d082aa24f35e1b516d23)
Start importing Assets/LUTE_Starter Scenes/Scenes/Games/DesignerCreated/Testing/AlbertoDemo/Resources/Prefabs/DialogueBox_Alberto.prefab using Guid(8be6048bc203b7242ba9e5e896cdf336) Importer(2089858483,0ecaa5967403d082aa24f35e1b516d23) (ScriptedImporter) -> (artifact id: 'e3cad2dc379633b20c5f1eb62d1ee352') in 0.2419603 seconds
Number of updated asset objects reloaded before import = 0Number of asset objects unloaded after import = 59

========================================================================
Received Import Request.
  Time since last request: 0.000035 seconds.
  path: Assets/LUTE/ThirdPartyAssets/XR/Samples/XR Interaction Toolkit/3.0.7/AR Starter Assets/ARDemoSceneAssets/Sprites/Icon - Create.png
  artifactKey: Guid(34cefb43251d3ce4683c9636ab3e176b) Importer(2089858483,0ecaa5967403d082aa24f35e1b516d23)
Start importing Assets/LUTE/ThirdPartyAssets/XR/Samples/XR Interaction Toolkit/3.0.7/AR Starter Assets/ARDemoSceneAssets/Sprites/Icon - Create.png using Guid(34cefb43251d3ce4683c9636ab3e176b) Importer(2089858483,0ecaa5967403d082aa24f35e1b516d23) (ScriptedImporter) -> (artifact id: 'd3e6b41a5717ba093a7d28f3a5d3c976') in 0.3798737 seconds
Number of updated asset objects reloaded before import = 0Number of asset objects unloaded after import = 3

========================================================================
Received Import Request.
  Time since last request: 0.000025 seconds.
  path: Assets/LUTE/ThirdPartyAssets/XR/Samples/XR Interaction Toolkit/3.0.7/Starter Assets/Prefabs/Controllers/XR Controller Left.prefab
  artifactKey: Guid(9ba1a8b9859678d4f81751e15358fda5) Importer(2089858483,0ecaa5967403d082aa24f35e1b516d23)
Start importing Assets/LUTE/ThirdPartyAssets/XR/Samples/XR Interaction Toolkit/3.0.7/Starter Assets/Prefabs/Controllers/XR Controller Left.prefab using Guid(9ba1a8b9859678d4f81751e15358fda5) Importer(2089858483,0ecaa5967403d082aa24f35e1b516d23) (ScriptedImporter) -> (artifact id: '10a6e570821f57029527899d77ff0698') in 0.0442822 seconds
Number of updated asset objects reloaded before import = 0Number of asset objects unloaded after import = 45

========================================================================
Received Import Request.
  Time since last request: 0.000025 seconds.
  path: Assets/LUTE/ThirdPartyAssets/XR/Samples/XR Interaction Toolkit/3.0.7/Starter Assets/Prefabs/Affordances/HighlightInteractionAffordance.prefab
  artifactKey: Guid(a7db49bf9d970a949a78f31defed9cf8) Importer(2089858483,0ecaa5967403d082aa24f35e1b516d23)
Start importing Assets/LUTE/ThirdPartyAssets/XR/Samples/XR Interaction Toolkit/3.0.7/Starter Assets/Prefabs/Affordances/HighlightInteractionAffordance.prefab using Guid(a7db49bf9d970a949a78f31defed9cf8) Importer(2089858483,0ecaa5967403d082aa24f35e1b516d23) (ScriptedImporter) -> (artifact id: 'c59efcba92d2addf63e09a8edaefd791') in 0.0630182 seconds
Number of updated asset objects reloaded before import = 0Number of asset objects unloaded after import = 10

========================================================================
Received Import Request.
  Time since last request: 0.002316 seconds.
  path: Assets/LUTE/ThirdPartyAssets/XR/Samples/XR Interaction Toolkit/3.0.7/Starter Assets/DemoSceneAssets/Models/Primitive_Pyramid.fbx
  artifactKey: Guid(3a13a36749d296449b46e2809fc5cf34) Importer(2089858483,0ecaa5967403d082aa24f35e1b516d23)
Start importing Assets/LUTE/ThirdPartyAssets/XR/Samples/XR Interaction Toolkit/3.0.7/Starter Assets/DemoSceneAssets/Models/Primitive_Pyramid.fbx using Guid(3a13a36749d296449b46e2809fc5cf34) Importer(2089858483,0ecaa5967403d082aa24f35e1b516d23) (ScriptedImporter) -> (artifact id: 'ff75773227fa8a4c949b029e93b46dfd') in 0.0456981 seconds
Number of updated asset objects reloaded before import = 0Number of asset objects unloaded after import = 7

========================================================================
Received Import Request.
  Time since last request: 0.000219 seconds.
  path: Assets/LUTE_Starter Scenes/Scenes/Games/DesignerCreated/Testing/AlbertoDemo/Resources/UI/choicebox_noalpha.png
  artifactKey: Guid(36642b7398c790d43bd5fb382ca9622c) Importer(2089858483,0ecaa5967403d082aa24f35e1b516d23)
Start importing Assets/LUTE_Starter Scenes/Scenes/Games/DesignerCreated/Testing/AlbertoDemo/Resources/UI/choicebox_noalpha.png using Guid(36642b7398c790d43bd5fb382ca9622c) Importer(2089858483,0ecaa5967403d082aa24f35e1b516d23) (ScriptedImporter) -> (artifact id: 'c05d4cc56fdbdccf7fc0299750024c09') in 0.038267 seconds
Number of updated asset objects reloaded before import = 0Number of asset objects unloaded after import = 3

========================================================================
Received Import Request.
  Time since last request: 0.000030 seconds.
  path: Assets/LUTE_Starter Scenes/Mapbox/Resources/MapboxStyles/Styles/MapboxSampleStyles/Fantasy/Assets/Materials/FantasyTopMaterial.mat
  artifactKey: Guid(2cc3bc1f1604c4145aebb2232440059b) Importer(2089858483,0ecaa5967403d082aa24f35e1b516d23)
Start importing Assets/LUTE_Starter Scenes/Mapbox/Resources/MapboxStyles/Styles/MapboxSampleStyles/Fantasy/Assets/Materials/FantasyTopMaterial.mat using Guid(2cc3bc1f1604c4145aebb2232440059b) Importer(2089858483,0ecaa5967403d082aa24f35e1b516d23) (ScriptedImporter) -> (artifact id: 'b93a6d004a02cc302f92a0042abb8977') in 0.563232 seconds
Number of updated asset objects reloaded before import = 0Number of asset objects unloaded after import = 5

========================================================================
Received Import Request.
  Time since last request: 0.000061 seconds.
  path: Assets/LUTE_Starter Scenes/Mapbox/Resources/MapboxStyles/Styles/MapboxSampleStyles/Simple/Assets/Palettes/Urban.asset
  artifactKey: Guid(ef118b5e263da4b1fa4327ca1d3e0c7b) Importer(2089858483,0ecaa5967403d082aa24f35e1b516d23)
Start importing Assets/LUTE_Starter Scenes/Mapbox/Resources/MapboxStyles/Styles/MapboxSampleStyles/Simple/Assets/Palettes/Urban.asset using Guid(ef118b5e263da4b1fa4327ca1d3e0c7b) Importer(2089858483,0ecaa5967403d082aa24f35e1b516d23) (ScriptedImporter) -> (artifact id: '87e02a1b4fb476613a41d3698060c543') in 0.0384977 seconds
Number of updated asset objects reloaded before import = 0Number of asset objects unloaded after import = 1

========================================================================
Received Import Request.
  Time since last request: 0.000628 seconds.
  path: Assets/LUTE_Starter Scenes/Mapbox/Resources/MapboxStyles/Styles/MapboxSampleStyles/Satellite/Assets/Materials/SatelliteSideMaterial.mat
  artifactKey: Guid(ace449cc706bd49b7a69aa1cf216554b) Importer(2089858483,0ecaa5967403d082aa24f35e1b516d23)
Start importing Assets/LUTE_Starter Scenes/Mapbox/Resources/MapboxStyles/Styles/MapboxSampleStyles/Satellite/Assets/Materials/SatelliteSideMaterial.mat using Guid(ace449cc706bd49b7a69aa1cf216554b) Importer(2089858483,0ecaa5967403d082aa24f35e1b516d23) (ScriptedImporter) -> (artifact id: '72e22205ebbbfd1cd5436fcc8295bd16') in 0.0354311 seconds
Number of updated asset objects reloaded before import = 0Number of asset objects unloaded after import = 1

========================================================================
Received Import Request.
  Time since last request: 0.000022 seconds.
  path: Assets/LUTE_Starter Scenes/Mapbox/Resources/MapboxStyles/Styles/MapboxSampleStyles/Simple/Assets/Materials/SimpleSideMaterial.mat
  artifactKey: Guid(55cc6edead802446b9106b2998406844) Importer(2089858483,0ecaa5967403d082aa24f35e1b516d23)
Start importing Assets/LUTE_Starter Scenes/Mapbox/Resources/MapboxStyles/Styles/MapboxSampleStyles/Simple/Assets/Materials/SimpleSideMaterial.mat using Guid(55cc6edead802446b9106b2998406844) Importer(2089858483,0ecaa5967403d082aa24f35e1b516d23) (ScriptedImporter) -> (artifact id: '34595412c84bb27d1e178d512e13e691') in 0.3491842 seconds
Number of updated asset objects reloaded before import = 0Number of asset objects unloaded after import = 4

========================================================================
Received Import Request.
  Time since last request: 0.000052 seconds.
  path: Assets/LUTE/ThirdPartyAssets/XR/Samples/XR Interaction Toolkit/3.0.7/Starter Assets/Presets/XRI Default Left Grab Move.preset
  artifactKey: Guid(5651e091d44ec4c4093d3a90342fb6fc) Importer(2089858483,0ecaa5967403d082aa24f35e1b516d23)
Start importing Assets/LUTE/ThirdPartyAssets/XR/Samples/XR Interaction Toolkit/3.0.7/Starter Assets/Presets/XRI Default Left Grab Move.preset using Guid(5651e091d44ec4c4093d3a90342fb6fc) Importer(2089858483,0ecaa5967403d082aa24f35e1b516d23) (ScriptedImporter) -> (artifact id: '74a06dc27eec760b9f3c5392a6d0c811') in 0.0522628 seconds
Number of updated asset objects reloaded before import = 0Number of asset objects unloaded after import = 1

========================================================================
Received Import Request.
  Time since last request: 0.000035 seconds.
  path: Assets/LUTE/ThirdPartyAssets/XR/Samples/XR Interaction Toolkit/3.0.7/Starter Assets/Prefabs/Interactors/Gaze Interactor.prefab
  artifactKey: Guid(50e27515c1a9f60488067282bc901f10) Importer(2089858483,0ecaa5967403d082aa24f35e1b516d23)
Start importing Assets/LUTE/ThirdPartyAssets/XR/Samples/XR Interaction Toolkit/3.0.7/Starter Assets/Prefabs/Interactors/Gaze Interactor.prefab using Guid(50e27515c1a9f60488067282bc901f10) Importer(2089858483,0ecaa5967403d082aa24f35e1b516d23) (ScriptedImporter) -> (artifact id: 'c2a82c689a92b7122e40b513929579da') in 0.6338989 seconds
Number of updated asset objects reloaded before import = 0Number of asset objects unloaded after import = 8

========================================================================
Received Import Request.
  Time since last request: 0.000025 seconds.
  path: Assets/LUTE_Starter Scenes/Scenes/Games/DesignerCreated/Testing/AlbertoDemo/Sprites/Icons/UI/layerIcon-64.png
  artifactKey: Guid(4839e5756d0b38f4cbf95d9297de01de) Importer(2089858483,0ecaa5967403d082aa24f35e1b516d23)
Start importing Assets/LUTE_Starter Scenes/Scenes/Games/DesignerCreated/Testing/AlbertoDemo/Sprites/Icons/UI/layerIcon-64.png using Guid(4839e5756d0b38f4cbf95d9297de01de) Importer(2089858483,0ecaa5967403d082aa24f35e1b516d23) (ScriptedImporter) -> (artifact id: '9b8a98ca4faff282c96ad04490e21fe6') in 0.1516308 seconds
Number of updated asset objects reloaded before import = 0Number of asset objects unloaded after import = 3

========================================================================
Received Import Request.
  Time since last request: 0.000057 seconds.
  path: Assets/LUTE/ThirdPartyAssets/XR/Samples/XR Interaction Toolkit/3.0.7/Starter Assets/DemoSceneAssets/Prefabs/Interactables/Torus.prefab
  artifactKey: Guid(695bdecc4f88f9c41be55289caa50d44) Importer(2089858483,0ecaa5967403d082aa24f35e1b516d23)
Start importing Assets/LUTE/ThirdPartyAssets/XR/Samples/XR Interaction Toolkit/3.0.7/Starter Assets/DemoSceneAssets/Prefabs/Interactables/Torus.prefab using Guid(695bdecc4f88f9c41be55289caa50d44) Importer(2089858483,0ecaa5967403d082aa24f35e1b516d23) (ScriptedImporter) -> (artifact id: '9cb3804b12195584696091f08ab87634') in 0.0795401 seconds
Number of updated asset objects reloaded before import = 0Number of asset objects unloaded after import = 14

========================================================================
Received Import Request.
  Time since last request: 0.000029 seconds.
  path: Assets/LUTE/ThirdPartyAssets/XR/Samples/XR Interaction Toolkit/3.0.7/Starter Assets/DemoSceneAssets/Prefabs/UI/Dropdown.prefab
  artifactKey: Guid(478058d79afff6c4fa848fbebfe03ff2) Importer(2089858483,0ecaa5967403d082aa24f35e1b516d23)
Start importing Assets/LUTE/ThirdPartyAssets/XR/Samples/XR Interaction Toolkit/3.0.7/Starter Assets/DemoSceneAssets/Prefabs/UI/Dropdown.prefab using Guid(478058d79afff6c4fa848fbebfe03ff2) Importer(2089858483,0ecaa5967403d082aa24f35e1b516d23) (ScriptedImporter) -> (artifact id: '09a229bacde3e7615f308ade68b70673') in 0.125342 seconds
Number of updated asset objects reloaded before import = 0Number of asset objects unloaded after import = 57

========================================================================
Received Import Request.
  Time since last request: 0.000037 seconds.
  path: Assets/LUTE/ThirdPartyAssets/XR/Samples/XR Interaction Toolkit/3.0.7/Starter Assets/DemoSceneAssets/Sprites/Checkmark.png
  artifactKey: Guid(38eaf4005975a7945bef1ddb4fb84d2e) Importer(2089858483,0ecaa5967403d082aa24f35e1b516d23)
Start importing Assets/LUTE/ThirdPartyAssets/XR/Samples/XR Interaction Toolkit/3.0.7/Starter Assets/DemoSceneAssets/Sprites/Checkmark.png using Guid(38eaf4005975a7945bef1ddb4fb84d2e) Importer(2089858483,0ecaa5967403d082aa24f35e1b516d23) (ScriptedImporter) -> (artifact id: 'e2b2d700250241f82521b5aa925d5351') in 0.0773311 seconds
Number of updated asset objects reloaded before import = 0Number of asset objects unloaded after import = 3

========================================================================
Received Import Request.
  Time since last request: 0.000028 seconds.
  path: Assets/LUTE/ThirdPartyAssets/XR/Samples/XR Interaction Toolkit/3.0.7/Starter Assets/DemoSceneAssets/Materials/Concrete Dark Blue.mat
  artifactKey: Guid(aa9d61f9b818bad44a55547b36841beb) Importer(2089858483,0ecaa5967403d082aa24f35e1b516d23)
Start importing Assets/LUTE/ThirdPartyAssets/XR/Samples/XR Interaction Toolkit/3.0.7/Starter Assets/DemoSceneAssets/Materials/Concrete Dark Blue.mat using Guid(aa9d61f9b818bad44a55547b36841beb) Importer(2089858483,0ecaa5967403d082aa24f35e1b516d23) (ScriptedImporter) -> (artifact id: 'ca0769d81a19f3467f30ce2cf42859d5') in 0.0389921 seconds
Number of updated asset objects reloaded before import = 0Number of asset objects unloaded after import = 1

========================================================================
Received Import Request.
  Time since last request: 0.000024 seconds.
  path: Assets/LUTE/ThirdPartyAssets/XR/Samples/XR Interaction Toolkit/3.0.7/Starter Assets/Prefabs/Controllers/XR Controller Right.prefab
  artifactKey: Guid(c942cef7c7fce924fbf4b35137497db9) Importer(2089858483,0ecaa5967403d082aa24f35e1b516d23)
Start importing Assets/LUTE/ThirdPartyAssets/XR/Samples/XR Interaction Toolkit/3.0.7/Starter Assets/Prefabs/Controllers/XR Controller Right.prefab using Guid(c942cef7c7fce924fbf4b35137497db9) Importer(2089858483,0ecaa5967403d082aa24f35e1b516d23) (ScriptedImporter) -> (artifact id: '23b5e2de0d43f44aa9edb9b03d53c7ef') in 0.0607337 seconds
Number of updated asset objects reloaded before import = 0Number of asset objects unloaded after import = 45

========================================================================
Received Import Request.
  Time since last request: 0.000023 seconds.
  path: Assets/LUTE_Starter Scenes/Mapbox/Examples/Resources/maki/roadblock-15.png
  artifactKey: Guid(42d74a422de971c4bbe8bcfc9d7a52e2) Importer(2089858483,0ecaa5967403d082aa24f35e1b516d23)
Start importing Assets/LUTE_Starter Scenes/Mapbox/Examples/Resources/maki/roadblock-15.png using Guid(42d74a422de971c4bbe8bcfc9d7a52e2) Importer(2089858483,0ecaa5967403d082aa24f35e1b516d23) (ScriptedImporter) -> (artifact id: 'efd63fad3df2489b2bc422d2b3e78972') in 0.050182 seconds
Number of updated asset objects reloaded before import = 0Number of asset objects unloaded after import = 3

========================================================================
Received Import Request.
  Time since last request: 0.000022 seconds.
  path: Assets/LUTE_Starter Scenes/Mapbox/Examples/2_AstronautGame/AstronautGame/Road/traffic4.png
  artifactKey: Guid(8d97105b69182cd48a279b7135b33a47) Importer(2089858483,0ecaa5967403d082aa24f35e1b516d23)
Start importing Assets/LUTE_Starter Scenes/Mapbox/Examples/2_AstronautGame/AstronautGame/Road/traffic4.png using Guid(8d97105b69182cd48a279b7135b33a47) Importer(2089858483,0ecaa5967403d082aa24f35e1b516d23) (ScriptedImporter) -> (artifact id: 'feddba2a6670a85a8d5d45c60df1ab02') in 0.05937 seconds
Number of updated asset objects reloaded before import = 0Number of asset objects unloaded after import = 1

========================================================================
Received Import Request.
  Time since last request: 0.000173 seconds.
  path: Assets/LUTE/ThirdPartyAssets/XR/Samples/XR Interaction Toolkit/3.0.7/Starter Assets/Materials/Telport Area.mat
  artifactKey: Guid(892829d46b40ea442a53cb49dd2308f4) Importer(2089858483,0ecaa5967403d082aa24f35e1b516d23)
Start importing Assets/LUTE/ThirdPartyAssets/XR/Samples/XR Interaction Toolkit/3.0.7/Starter Assets/Materials/Telport Area.mat using Guid(892829d46b40ea442a53cb49dd2308f4) Importer(2089858483,0ecaa5967403d082aa24f35e1b516d23) (ScriptedImporter) -> (artifact id: 'cbdb160717a698dd2b18185af68b1cc4') in 0.0378538 seconds
Number of updated asset objects reloaded before import = 0Number of asset objects unloaded after import = 1

========================================================================
Received Import Request.
  Time since last request: 0.000032 seconds.
  path: Assets/LUTE/ThirdPartyAssets/InventoryEngine/MMTools/MMAudio/MMSoundManager/Events/MMSoundManagerAllSoundsControlEvent.cs
  artifactKey: Guid(934c751bdc1eca14bb13d3c6b311c60c) Importer(2089858483,0ecaa5967403d082aa24f35e1b516d23)
Start importing Assets/LUTE/ThirdPartyAssets/InventoryEngine/MMTools/MMAudio/MMSoundManager/Events/MMSoundManagerAllSoundsControlEvent.cs using Guid(934c751bdc1eca14bb13d3c6b311c60c) Importer(2089858483,0ecaa5967403d082aa24f35e1b516d23) (ScriptedImporter) -> (artifact id: 'eb6c24bc165a9bebdf687a6571b1ce9d') in 0.0294729 seconds
Number of updated asset objects reloaded before import = 0Number of asset objects unloaded after import = 0

========================================================================
Received Import Request.
  Time since last request: 0.000067 seconds.
  path: Assets/LUTE_Starter Scenes/Mapbox/Core/mapbox-sdk-cs/Tests/UnitTests/Editor/MapboxUnitTests_Map.cs
  artifactKey: Guid(02c5791defbcf4d1ebf04166ef29344b) Importer(2089858483,0ecaa5967403d082aa24f35e1b516d23)
Start importing Assets/LUTE_Starter Scenes/Mapbox/Core/mapbox-sdk-cs/Tests/UnitTests/Editor/MapboxUnitTests_Map.cs using Guid(02c5791defbcf4d1ebf04166ef29344b) Importer(2089858483,0ecaa5967403d082aa24f35e1b516d23) (ScriptedImporter) -> (artifact id: '869fd61a084680280f91cfabcef4ad17') in 0.0277659 seconds
Number of updated asset objects reloaded before import = 0Number of asset objects unloaded after import = 0

========================================================================
Received Import Request.
  Time since last request: 0.000340 seconds.
  path: Assets/LUTE_Starter Scenes/Mapbox/Unity/Editor/PropertyDrawers/TerrainColliderOptionsDrawer.cs
  artifactKey: Guid(2749f8cef0c9ccc4b9f4ca3c94f34a4b) Importer(2089858483,0ecaa5967403d082aa24f35e1b516d23)
Start importing Assets/LUTE_Starter Scenes/Mapbox/Unity/Editor/PropertyDrawers/TerrainColliderOptionsDrawer.cs using Guid(2749f8cef0c9ccc4b9f4ca3c94f34a4b) Importer(2089858483,0ecaa5967403d082aa24f35e1b516d23) (ScriptedImporter) -> (artifact id: '2cff2f99857bd76f16433ce9971c43aa') in 0.0215817 seconds
Number of updated asset objects reloaded before import = 0Number of asset objects unloaded after import = 0

========================================================================
Received Import Request.
  Time since last request: 0.000070 seconds.
  path: Assets/LUTE/ThirdPartyAssets/XR/Samples/XR Interaction Toolkit/3.0.7/Starter Assets/Prefabs/XR Origin (XR Rig).prefab
  artifactKey: Guid(309d30ba8ed12e44aa836c3d1d374914) Importer(2089858483,0ecaa5967403d082aa24f35e1b516d23)
Start importing Assets/LUTE/ThirdPartyAssets/XR/Samples/XR Interaction Toolkit/3.0.7/Starter Assets/Prefabs/XR Origin (XR Rig).prefab using Guid(309d30ba8ed12e44aa836c3d1d374914) Importer(2089858483,0ecaa5967403d082aa24f35e1b516d23) (ScriptedImporter) -> (artifact id: 'c8701cf5ec6ff5f498eafe7c14be72e9') in 0.1145165 seconds
Number of updated asset objects reloaded before import = 0Number of asset objects unloaded after import = 122

========================================================================
Received Import Request.
  Time since last request: 0.000642 seconds.
  path: Assets/LUTE_Starter Scenes/Mapbox/Examples/Resources/maki/teahouse-15.png
  artifactKey: Guid(2ef69bc38ea8a064385fc07ab2ed79dd) Importer(2089858483,0ecaa5967403d082aa24f35e1b516d23)
Start importing Assets/LUTE_Starter Scenes/Mapbox/Examples/Resources/maki/teahouse-15.png using Guid(2ef69bc38ea8a064385fc07ab2ed79dd) Importer(2089858483,0ecaa5967403d082aa24f35e1b516d23) (ScriptedImporter) -> (artifact id: 'bb9a9ecf6000200c68551fbc3d9125c6') in 0.0782631 seconds
Number of updated asset objects reloaded before import = 0Number of asset objects unloaded after import = 3

========================================================================
Received Import Request.
  Time since last request: 0.000029 seconds.
  path: Assets/LUTE_Starter Scenes/Mapbox/Examples/1_DataExplorer/Modules/AdminLayer/ExplorerDefaultAdmin.asset
  artifactKey: Guid(e4bbc73149468fc4b8ed2742a1f8e91e) Importer(2089858483,0ecaa5967403d082aa24f35e1b516d23)
Start importing Assets/LUTE_Starter Scenes/Mapbox/Examples/1_DataExplorer/Modules/AdminLayer/ExplorerDefaultAdmin.asset using Guid(e4bbc73149468fc4b8ed2742a1f8e91e) Importer(2089858483,0ecaa5967403d082aa24f35e1b516d23) (ScriptedImporter) -> (artifact id: '40498c5947027ea2ab400f120266a095') in 0.0640884 seconds
Number of updated asset objects reloaded before import = 0Number of asset objects unloaded after import = 4

========================================================================
Received Import Request.
  Time since last request: 0.000024 seconds.
  path: Assets/LUTE_Starter Scenes/Scenes/Games/DesignerCreated/Testing/Stickers/Prefabs/BlankSticker Variant.prefab
  artifactKey: Guid(ced0e80bb656c964cb5f083a20af265a) Importer(2089858483,0ecaa5967403d082aa24f35e1b516d23)
Start importing Assets/LUTE_Starter Scenes/Scenes/Games/DesignerCreated/Testing/Stickers/Prefabs/BlankSticker Variant.prefab using Guid(ced0e80bb656c964cb5f083a20af265a) Importer(2089858483,0ecaa5967403d082aa24f35e1b516d23) (ScriptedImporter) -> (artifact id: '9b0a18d13911f524596a303b719b27ca') in 0.0457328 seconds
Number of updated asset objects reloaded before import = 0Number of asset objects unloaded after import = 27

========================================================================
Received Import Request.
  Time since last request: 0.000016 seconds.
  path: Assets/LUTE/ThirdPartyAssets/XR/Samples/XR Interaction Toolkit/3.0.7/Starter Assets/AffordanceThemes/HighlightInteractionColor.asset
  artifactKey: Guid(cc4829f3fae93334b9df70c2b76c3e3b) Importer(2089858483,0ecaa5967403d082aa24f35e1b516d23)
Start importing Assets/LUTE/ThirdPartyAssets/XR/Samples/XR Interaction Toolkit/3.0.7/Starter Assets/AffordanceThemes/HighlightInteractionColor.asset using Guid(cc4829f3fae93334b9df70c2b76c3e3b) Importer(2089858483,0ecaa5967403d082aa24f35e1b516d23) (ScriptedImporter) -> (artifact id: 'de63e87de9ee2ec6ef34caf5070a9ebd') in 0.0361416 seconds
Number of updated asset objects reloaded before import = 0Number of asset objects unloaded after import = 1

========================================================================
Received Import Request.
  Time since last request: 0.000029 seconds.
  path: Assets/LUTE_Starter Scenes/Mapbox/Examples/Resources/maki/theatre-15.png
  artifactKey: Guid(fdcf1646c2636004ca82e6046ed05398) Importer(2089858483,0ecaa5967403d082aa24f35e1b516d23)
Start importing Assets/LUTE_Starter Scenes/Mapbox/Examples/Resources/maki/theatre-15.png using Guid(fdcf1646c2636004ca82e6046ed05398) Importer(2089858483,0ecaa5967403d082aa24f35e1b516d23) (ScriptedImporter) -> (artifact id: '015eb593ec0472d7f414ddb9e917a5bd') in 0.0430652 seconds
Number of updated asset objects reloaded before import = 0Number of asset objects unloaded after import = 3

========================================================================
Received Import Request.
  Time since last request: 0.000029 seconds.
  path: Assets/LUTE/ThirdPartyAssets/XR/Samples/XR Interaction Toolkit/3.0.7/AR Starter Assets/ARDemoSceneAssets/Models/Primitive_RoundCube.fbx
  artifactKey: Guid(6260efd7770b30e4abc5dc9830bc83d0) Importer(2089858483,0ecaa5967403d082aa24f35e1b516d23)
Start importing Assets/LUTE/ThirdPartyAssets/XR/Samples/XR Interaction Toolkit/3.0.7/AR Starter Assets/ARDemoSceneAssets/Models/Primitive_RoundCube.fbx using Guid(6260efd7770b30e4abc5dc9830bc83d0) Importer(2089858483,0ecaa5967403d082aa24f35e1b516d23) (ScriptedImporter) -> (artifact id: '43a968b55fab3c3dc3e0b651e0660cda') in 0.0445768 seconds
Number of updated asset objects reloaded before import = 0Number of asset objects unloaded after import = 7

========================================================================
Received Import Request.
  Time since last request: 0.000019 seconds.
  path: Assets/LUTE_Starter Scenes/Mapbox/Resources/MapboxStyles/Styles/MapboxSampleStyles/Realistic/Assets/Atlas/RealisticAtlasInfo.asset
  artifactKey: Guid(c422f39ca8fe566479230c87805b3301) Importer(2089858483,0ecaa5967403d082aa24f35e1b516d23)
Start importing Assets/LUTE_Starter Scenes/Mapbox/Resources/MapboxStyles/Styles/MapboxSampleStyles/Realistic/Assets/Atlas/RealisticAtlasInfo.asset using Guid(c422f39ca8fe566479230c87805b3301) Importer(2089858483,0ecaa5967403d082aa24f35e1b516d23) (ScriptedImporter) -> (artifact id: 'a971f5c648c70e1ab5d602e1ca8b1962') in 0.0204275 seconds
Number of updated asset objects reloaded before import = 0Number of asset objects unloaded after import = 1

========================================================================
Received Import Request.
  Time since last request: 0.000044 seconds.
  path: Assets/LUTE/ThirdPartyAssets/InventoryEngine/MMTools/MMProcedural/MMGridGenerators/MMGridGeneratorRandom.cs
  artifactKey: Guid(c05de6f8b07240b4e87c6219630c251d) Importer(2089858483,0ecaa5967403d082aa24f35e1b516d23)
Start importing Assets/LUTE/ThirdPartyAssets/InventoryEngine/MMTools/MMProcedural/MMGridGenerators/MMGridGeneratorRandom.cs using Guid(c05de6f8b07240b4e87c6219630c251d) Importer(2089858483,0ecaa5967403d082aa24f35e1b516d23) (ScriptedImporter) -> (artifact id: '2a111110a9703285019af251f44a7739') in 0.0170383 seconds
Number of updated asset objects reloaded before import = 0Number of asset objects unloaded after import = 0

========================================================================
Received Import Request.
  Time since last request: 0.000195 seconds.
  path: Assets/LUTE_Starter Scenes/Scenes/Games/DesignerCreated/Testing/AlbertoDemo/Sprites/Icons/UI/icon_achievement_6.png
  artifactKey: Guid(90408d64544e8f24ab4f444ea5475cc0) Importer(2089858483,0ecaa5967403d082aa24f35e1b516d23)
Start importing Assets/LUTE_Starter Scenes/Scenes/Games/DesignerCreated/Testing/AlbertoDemo/Sprites/Icons/UI/icon_achievement_6.png using Guid(90408d64544e8f24ab4f444ea5475cc0) Importer(2089858483,0ecaa5967403d082aa24f35e1b516d23) (ScriptedImporter) -> (artifact id: '68c64cf02301fcbf7efcda4d03450ecd') in 0.0417836 seconds
Number of updated asset objects reloaded before import = 0Number of asset objects unloaded after import = 3

========================================================================
Received Import Request.
  Time since last request: 0.000020 seconds.
  path: Assets/LUTE/ThirdPartyAssets/XR/Samples/XR Interaction Toolkit/3.0.7/Starter Assets/Prefabs/Interactors/Ray Interactor.prefab
  artifactKey: Guid(d4b5c775275b09e4e946d15752ad22dd) Importer(2089858483,0ecaa5967403d082aa24f35e1b516d23)
Start importing Assets/LUTE/ThirdPartyAssets/XR/Samples/XR Interaction Toolkit/3.0.7/Starter Assets/Prefabs/Interactors/Ray Interactor.prefab using Guid(d4b5c775275b09e4e946d15752ad22dd) Importer(2089858483,0ecaa5967403d082aa24f35e1b516d23) (ScriptedImporter) -> (artifact id: '6c3890bcb21acac1184708ccab5e4f71') in 0.1939497 seconds
Number of updated asset objects reloaded before import = 0Number of asset objects unloaded after import = 10

========================================================================
Received Import Request.
  Time since last request: 0.000031 seconds.
  path: Assets/LUTE/ThirdPartyAssets/InventoryEngine/Demo/Resources/Items/Coin.asset
  artifactKey: Guid(1955d4b2456f81a41a4483b341d86207) Importer(2089858483,0ecaa5967403d082aa24f35e1b516d23)
Start importing Assets/LUTE/ThirdPartyAssets/InventoryEngine/Demo/Resources/Items/Coin.asset using Guid(1955d4b2456f81a41a4483b341d86207) Importer(2089858483,0ecaa5967403d082aa24f35e1b516d23) (ScriptedImporter) -> (artifact id: '5d219b9ef909c0dddf253dd2e192f79b') in 0.0384958 seconds
Number of updated asset objects reloaded before import = 0Number of asset objects unloaded after import = 9

========================================================================
Received Import Request.
  Time since last request: 0.000035 seconds.
  path: Assets/LUTE_Starter Scenes/Mapbox/Examples/Resources/maki/fast-food-15.png
  artifactKey: Guid(428a955abb5203f4f8c78214fb11318d) Importer(2089858483,0ecaa5967403d082aa24f35e1b516d23)
Start importing Assets/LUTE_Starter Scenes/Mapbox/Examples/Resources/maki/fast-food-15.png using Guid(428a955abb5203f4f8c78214fb11318d) Importer(2089858483,0ecaa5967403d082aa24f35e1b516d23) (ScriptedImporter) -> (artifact id: '8658e3908a75a3179df31b051c7e0723') in 0.041783 seconds
Number of updated asset objects reloaded before import = 0Number of asset objects unloaded after import = 3

========================================================================
Received Import Request.
  Time since last request: 0.000016 seconds.
  path: Assets/LUTE_Starter Scenes/Mapbox/Core/Plugins/Android/support-core-utils-25.1.0.aar
  artifactKey: Guid(f2bbfd04df8ed4471b7d29d26096ede5) Importer(2089858483,0ecaa5967403d082aa24f35e1b516d23)
Start importing Assets/LUTE_Starter Scenes/Mapbox/Core/Plugins/Android/support-core-utils-25.1.0.aar using Guid(f2bbfd04df8ed4471b7d29d26096ede5) Importer(2089858483,0ecaa5967403d082aa24f35e1b516d23) (ScriptedImporter) -> (artifact id: '39fd642724799fc0f0f594b036791644') in 0.0196183 seconds
Number of updated asset objects reloaded before import = 0Number of asset objects unloaded after import = 0

========================================================================
Received Import Request.
  Time since last request: 0.000074 seconds.
  path: Assets/LUTE/ThirdPartyAssets/TextMesh Pro/Examples & Extras/Scripts/TMP_FrameRateCounter.cs
  artifactKey: Guid(686ec78b56aa445795335fbadafcfaa4) Importer(2089858483,0ecaa5967403d082aa24f35e1b516d23)
Start importing Assets/LUTE/ThirdPartyAssets/TextMesh Pro/Examples & Extras/Scripts/TMP_FrameRateCounter.cs using Guid(686ec78b56aa445795335fbadafcfaa4) Importer(2089858483,0ecaa5967403d082aa24f35e1b516d23) (ScriptedImporter) -> (artifact id: 'bcd16263c78ca86211e71d2649e6d863') in 0.0170302 seconds
Number of updated asset objects reloaded before import = 0Number of asset objects unloaded after import = 0

========================================================================
Received Import Request.
  Time since last request: 0.000059 seconds.
  path: Assets/LUTE/ThirdPartyAssets/WoLfulus/LineEnding/Editor/FileMonitor.cs
  artifactKey: Guid(878946dea992d444bbb127ad0bd8aa95) Importer(2089858483,0ecaa5967403d082aa24f35e1b516d23)
Start importing Assets/LUTE/ThirdPartyAssets/WoLfulus/LineEnding/Editor/FileMonitor.cs using Guid(878946dea992d444bbb127ad0bd8aa95) Importer(2089858483,0ecaa5967403d082aa24f35e1b516d23) (ScriptedImporter) -> (artifact id: '4cfd5b5488e49e50d171811720f771e5') in 0.0200794 seconds
Number of updated asset objects reloaded before import = 0Number of asset objects unloaded after import = 0

========================================================================
Received Import Request.
  Time since last request: 0.000066 seconds.
  path: Assets/LUTE_Starter Scenes/Mapbox/Examples/1_DataExplorer/Traffic/DirectionSlice.prefab
  artifactKey: Guid(10bc3919f3bb2d5498f03226ee189f43) Importer(2089858483,0ecaa5967403d082aa24f35e1b516d23)
Start importing Assets/LUTE_Starter Scenes/Mapbox/Examples/1_DataExplorer/Traffic/DirectionSlice.prefab using Guid(10bc3919f3bb2d5498f03226ee189f43) Importer(2089858483,0ecaa5967403d082aa24f35e1b516d23) (ScriptedImporter) -> (artifact id: 'ce9de27b08459ceee61861ca68a9e05f') in 0.0176077 seconds
Number of updated asset objects reloaded before import = 0Number of asset objects unloaded after import = 24

========================================================================
Received Import Request.
  Time since last request: 0.000022 seconds.
  path: Assets/LUTE_Starter Scenes/Mapbox/Core/mapbox-sdk-cs/Utils/IObserver.cs
  artifactKey: Guid(3c13777d23b1144809002930214eed99) Importer(2089858483,0ecaa5967403d082aa24f35e1b516d23)
Start importing Assets/LUTE_Starter Scenes/Mapbox/Core/mapbox-sdk-cs/Utils/IObserver.cs using Guid(3c13777d23b1144809002930214eed99) Importer(2089858483,0ecaa5967403d082aa24f35e1b516d23) (ScriptedImporter) -> (artifact id: '536c33615097bdff1b3b020a5d2e7468') in 0.0192476 seconds
Number of updated asset objects reloaded before import = 0Number of asset objects unloaded after import = 0

========================================================================
Received Import Request.
  Time since last request: 0.000055 seconds.
  path: Assets/LUTE_Starter Scenes/Mapbox/Examples/Resources/maki/library-15.png
  artifactKey: Guid(11570ed0bcc394b48b43dc68a4d7259b) Importer(2089858483,0ecaa5967403d082aa24f35e1b516d23)
Start importing Assets/LUTE_Starter Scenes/Mapbox/Examples/Resources/maki/library-15.png using Guid(11570ed0bcc394b48b43dc68a4d7259b) Importer(2089858483,0ecaa5967403d082aa24f35e1b516d23) (ScriptedImporter) -> (artifact id: '9af483bb3d9caa9f32f1aa418864a26e') in 0.0489024 seconds
Number of updated asset objects reloaded before import = 0Number of asset objects unloaded after import = 3

========================================================================
Received Import Request.
  Time since last request: 0.000028 seconds.
  path: Assets/LUTE_Starter Scenes/Sprites/CharacterHeads/Animals/Square (outline)/parrot.png
  artifactKey: Guid(32881fba801de5243a50a82a69dfa1fe) Importer(2089858483,0ecaa5967403d082aa24f35e1b516d23)
Start importing Assets/LUTE_Starter Scenes/Sprites/CharacterHeads/Animals/Square (outline)/parrot.png using Guid(32881fba801de5243a50a82a69dfa1fe) Importer(2089858483,0ecaa5967403d082aa24f35e1b516d23) (ScriptedImporter) -> (artifact id: '546caedf9c635db7c331b1079d6241bb') in 0.0571495 seconds
Number of updated asset objects reloaded before import = 0Number of asset objects unloaded after import = 3

========================================================================
Received Import Request.
  Time since last request: 0.000319 seconds.
  path: Assets/LUTE_Starter Scenes/Mapbox/Examples/1_DataExplorer/Modules/RoadLayer/ExplorerRoadHeightModifier.asset
  artifactKey: Guid(51f99d677d3e0eb439d2967d1187478a) Importer(2089858483,0ecaa5967403d082aa24f35e1b516d23)
Start importing Assets/LUTE_Starter Scenes/Mapbox/Examples/1_DataExplorer/Modules/RoadLayer/ExplorerRoadHeightModifier.asset using Guid(51f99d677d3e0eb439d2967d1187478a) Importer(2089858483,0ecaa5967403d082aa24f35e1b516d23) (ScriptedImporter) -> (artifact id: '409cbb519f161e414f027c47f8d3bc1d') in 0.0250249 seconds
Number of updated asset objects reloaded before import = 0Number of asset objects unloaded after import = 1

========================================================================
Received Import Request.
  Time since last request: 0.000016 seconds.
  path: Assets/LUTE/ThirdPartyAssets/TextMesh Pro/Examples & Extras/Textures/Text Overflow - Linked Text UI Screenshot.png
  artifactKey: Guid(c76d18757a194d618355f05f815cb0a1) Importer(2089858483,0ecaa5967403d082aa24f35e1b516d23)
Start importing Assets/LUTE/ThirdPartyAssets/TextMesh Pro/Examples & Extras/Textures/Text Overflow - Linked Text UI Screenshot.png using Guid(c76d18757a194d618355f05f815cb0a1) Importer(2089858483,0ecaa5967403d082aa24f35e1b516d23) (ScriptedImporter) -> (artifact id: 'f4c0149699e0f69b39e138c66c1e3084') in 0.0505826 seconds
Number of updated asset objects reloaded before import = 0Number of asset objects unloaded after import = 1

========================================================================
Received Import Request.
  Time since last request: 0.000023 seconds.
  path: Assets/LUTE_Starter Scenes/Mapbox/Unity/MeshGeneration/Factories/TerrainStrategies/ElevatedTerrainStrategy.cs
  artifactKey: Guid(ea9b70aa9455c614f8701116ede4599d) Importer(2089858483,0ecaa5967403d082aa24f35e1b516d23)
Start importing Assets/LUTE_Starter Scenes/Mapbox/Unity/MeshGeneration/Factories/TerrainStrategies/ElevatedTerrainStrategy.cs using Guid(ea9b70aa9455c614f8701116ede4599d) Importer(2089858483,0ecaa5967403d082aa24f35e1b516d23) (ScriptedImporter) -> (artifact id: '0c2ca182fd3742a4f983d39e91a2178f') in 0.0241074 seconds
Number of updated asset objects reloaded before import = 0Number of asset objects unloaded after import = 0

========================================================================
Received Import Request.
  Time since last request: 0.000038 seconds.
  path: Assets/LUTE_Starter Scenes/Mapbox/Core/mapbox-sdk-cs/Utils/Compression.cs
  artifactKey: Guid(d9e429703576740d18a04c9209e91364) Importer(2089858483,0ecaa5967403d082aa24f35e1b516d23)
Start importing Assets/LUTE_Starter Scenes/Mapbox/Core/mapbox-sdk-cs/Utils/Compression.cs using Guid(d9e429703576740d18a04c9209e91364) Importer(2089858483,0ecaa5967403d082aa24f35e1b516d23) (ScriptedImporter) -> (artifact id: '2b3676b2a7c829181a0060fbbb3dc740') in 0.0170683 seconds
Number of updated asset objects reloaded before import = 0Number of asset objects unloaded after import = 0

========================================================================
Received Import Request.
  Time since last request: 0.000082 seconds.
  path: Assets/LUTE_Starter Scenes/Mapbox/Resources/MapboxStyles/Materials/MapboxStylesFacades.mat
  artifactKey: Guid(402dd72669f434508aa3ebc1a1491897) Importer(2089858483,0ecaa5967403d082aa24f35e1b516d23)
Start importing Assets/LUTE_Starter Scenes/Mapbox/Resources/MapboxStyles/Materials/MapboxStylesFacades.mat using Guid(402dd72669f434508aa3ebc1a1491897) Importer(2089858483,0ecaa5967403d082aa24f35e1b516d23) (ScriptedImporter) -> (artifact id: 'fb76393d4aafb0a0f100d5bba8b360ff') in 0.123227 seconds
Number of updated asset objects reloaded before import = 0Number of asset objects unloaded after import = 4

========================================================================
Received Import Request.
  Time since last request: 0.000031 seconds.
  path: Assets/LUTE_Starter Scenes/Mapbox/Examples/1_DataExplorer/Modules/AdminLayer/ExplorerBlackMaterialModifier.asset
  artifactKey: Guid(511e3d77affce684884e6a669c2467ed) Importer(2089858483,0ecaa5967403d082aa24f35e1b516d23)
Start importing Assets/LUTE_Starter Scenes/Mapbox/Examples/1_DataExplorer/Modules/AdminLayer/ExplorerBlackMaterialModifier.asset using Guid(511e3d77affce684884e6a669c2467ed) Importer(2089858483,0ecaa5967403d082aa24f35e1b516d23) (ScriptedImporter) -> (artifact id: '38cb0ca917f1cb65805bde1baad5cf7a') in 0.0204411 seconds
Number of updated asset objects reloaded before import = 0Number of asset objects unloaded after import = 1

========================================================================
Received Import Request.
  Time since last request: 0.000029 seconds.
  path: Assets/LUTE_Starter Scenes/Mapbox/Core/mapbox-sdk-cs/Tests/UnitTests/Editor/MapboxUnitTests_ReverseGeocodeResource.cs
  artifactKey: Guid(7f39fa05cece94053b2bf5b0c31eb1da) Importer(2089858483,0ecaa5967403d082aa24f35e1b516d23)
Start importing Assets/LUTE_Starter Scenes/Mapbox/Core/mapbox-sdk-cs/Tests/UnitTests/Editor/MapboxUnitTests_ReverseGeocodeResource.cs using Guid(7f39fa05cece94053b2bf5b0c31eb1da) Importer(2089858483,0ecaa5967403d082aa24f35e1b516d23) (ScriptedImporter) -> (artifact id: '1377fc17e354f91b2f162a247d64315b') in 0.019996 seconds
Number of updated asset objects reloaded before import = 0Number of asset objects unloaded after import = 0

========================================================================
Received Import Request.
  Time since last request: 0.000076 seconds.
  path: Assets/LUTE/ThirdPartyAssets/InventoryEngine/MMTools/MMAudio/MMSoundManager/Settings/MMSoundManagerAudioMixer.mixer
  artifactKey: Guid(7e984f512e89b60468e829489e8883e3) Importer(2089858483,0ecaa5967403d082aa24f35e1b516d23)
Start importing Assets/LUTE/ThirdPartyAssets/InventoryEngine/MMTools/MMAudio/MMSoundManager/Settings/MMSoundManagerAudioMixer.mixer using Guid(7e984f512e89b60468e829489e8883e3) Importer(2089858483,0ecaa5967403d082aa24f35e1b516d23) (ScriptedImporter)Refreshing native plugins compatible for Editor in 9.40 ms, found 6 plugins.
Preloading 0 native plugins for Editor in 0.00 ms.
 -> (artifact id: '8c7e25e0ea4e00464f871ff7b1254d95') in 0.061304 seconds
Number of updated asset objects reloaded before import = 0Number of asset objects unloaded after import = 11

========================================================================
Received Import Request.
  Time since last request: 0.000024 seconds.
  path: Assets/LUTE_Starter Scenes/Mapbox/Core/mapbox-sdk-cs/Platform/TileJSON/TileJSONReponse.cs
  artifactKey: Guid(8f58425aa7b211946a73691da0414edb) Importer(2089858483,0ecaa5967403d082aa24f35e1b516d23)
Start importing Assets/LUTE_Starter Scenes/Mapbox/Core/mapbox-sdk-cs/Platform/TileJSON/TileJSONReponse.cs using Guid(8f58425aa7b211946a73691da0414edb) Importer(2089858483,0ecaa5967403d082aa24f35e1b516d23) (ScriptedImporter) -> (artifact id: '6a2d31f912da650363555155ef6022b7') in 0.0188523 seconds
Number of updated asset objects reloaded before import = 0Number of asset objects unloaded after import = 0

Editor requested this worker to shutdown with reason: Scaling down because of idle timeout
AssetImportWorker is now disconnected from the server
Process exiting
Exiting without the bug reporter. Application will terminate with return code 0